center_0,center_1,center_2,center_3,center_4,center_5,center_6,center_7,radii_0,radii_1,radii_2,radii_3,radii_4,radii_5,radii_6,radii_7,weights_0,weights_1,weights_2,weights_3,weights_4,weights_5,weights_6,weights_7,weights_8,weights_9,weights_10,weights_11,weights_12,weights_13,weights_14,weights_15,weights_16,weights_17,weights_18,weights_19,weights_20,weights_21,weights_22,weights_23,weights_24,weights_25,weights_26,weights_27,weights_28,weights_29,weights_30,weights_31,weights_32,weights_33,weights_34,weights_35,weights_36,weights_37,weights_38,weights_39,weights_40,weights_41,weights_42,weights_43,weights_44,weights_45,weights_46,weights_47,weights_48,weights_49,weights_50,weights_51,weights_52,weights_53,weights_54,weights_55,weights_56,weights_57,weights_58,weights_59,weights_60,weights_61,weights_62,weights_63,weights_64,weights_65,weights_66,weights_67,weights_68,weights_69,weights_70,weights_71,weights_72,weights_73,weights_74,weights_75,weights_76,weights_77,weights_78,weights_79,weights_80,weights_81,weights_82,weights_83,weights_84,weights_85,weights_86,weights_87,weights_88,weights_89,weights_90,weights_91,weights_92,weights_93,weights_94,weights_95,weights_96,weights_97,weights_98,weights_99,weights_100,weights_101,weights_102,weights_103,weights_104,weights_105,weights_106,weights_107,weights_108,weights_109,weights_110,weights_111,weights_112,weights_113,weights_114,weights_115,weights_116,weights_117,weights_118,weights_119,weights_120,weights_121,weights_122,weights_123,weights_124,weights_125,weights_126,weights_127,weights_128,weights_129,weights_130,weights_131,weights_132,weights_133,weights_134,weights_135,weights_136,weights_137,weights_138,weights_139,weights_140,weights_141,weights_142,weights_143,weights_144,weights_145,weights_146,weights_147,weights_148,weights_149,weights_150,weights_151,weights_152,weights_153,weights_154,weights_155,weights_156,weights_157,weights_158,weights_159,weights_160,weights_161,weights_162,weights_163,weights_164,weights_165,weights_166,weights_167,weights_168,weights_169,weights_170,weights_171,weights_172,weights_173,weights_174,weights_175,weights_176,weights_177,weights_178,weights_179,weights_180,weights_181,weights_182,weights_183,weights_184,weights_185,weights_186,weights_187,weights_188,weights_189,weights_190,weights_191,weights_192,weights_193,weights_194,weights_195,weights_196,weights_197,weights_198,weights_199,weights_200,weights_201,weights_202,weights_203,weights_204,weights_205,weights_206,weights_207,weights_208,weights_209,weights_210,weights_211,weights_212,weights_213,weights_214,weights_215,weights_216,weights_217,weights_218,weights_219,weights_220,weights_221,weights_222,weights_223,weights_224,weights_225,weights_226,weights_227,welfare,fraction_above_threshold,welfare_loss_damage,welfare_loss_abatement
0.6120371287060308,-0.8354098477605533,-0.3864170535817165,-0.19026726795407348,0.30345219242411187,-0.4574564882282097,0.15332947471910965,-0.027732398643013315,0.22359251064089825,0.21871625727249885,0.8294749705440752,0.8224572784516491,0.5545584036676968,0.6797362479778654,0.8956680084921961,0.021658333207482443,0.7722492753416521,0.3206095369899264,1.0,0.6460486435031536,0.0,0.4398915540276109,0.26930612421159955,0.8609448862475998,0.5265098626904725,0.8100982463498054,0.0,0.6178266393728147,0.0,0.8999429077270105,0.0,0.9321517092020779,0.9306363241002089,0.27066862113746504,0.8428880496996596,0.0,0.0,0.32927038033288913,0.8221806981245288,0.9547349252670047,1.0,0.46922006024212026,0.5682801989199073,1.0,0.014966188004096992,0.06585739373559062,0.22722014421421552,0.0,0.883979416230033,0.05952039143293502,0.8551572005254843,0.0032350527486556396,0.6468721109359122,0.5135066853133433,0.2694376819990499,0.3210234351860571,1.0,0.1260946924289868,0.3534515179452208,0.3147887713668684,0.6614303289446195,0.1922569640749076,0.4390800158617037,0.1556891156464429,0.0,1.0,0.1930771741579618,0.7304730205407942,0.31312256919684694,0.3970496757448137,0.12637839812660068,0.6285053013383219,0.29372350782124734,0.979571672883396,0.5694708012476953,0.9011848564546996,0.8854691676753563,0.38887950066891214,0.48528759259088816,0.9424059595655322,0.28092150013626455,0.5164807725378324,1.0,1.0,0.07194318076721634,0.7223446137201095,0.8147423915962747,0.34967009864191584,0.5085024627691357,0.586851566424933,0.47868799862622186,0.6030856377197552,0.7442964342175845,0.0,0.11998438368826961,1.0,0.8039533572503351,0.6232410597232051,0.3271041138307744,1.0,0.7282832065400537,0.18068977525778795,0.7446991379018226,0.9958044437065486,0.8706620003497388,0.2632994744183417,0.8208366647599924,1.0,0.8385579964544687,0.47896465693136697,0.02979619267613867,0.3359010374860826,0.18063645876605036,1.0,1.0,0.8408190286293081,0.5466917355116736,0.7387220576925819,0.0,0.2527522184849451,0.515482679698423,0.0,0.595940321618424,0.055750557068750366,0.9725033623613956,0.0,0.0,0.22386126173989704,0.38848771693383266,1.0,0.6097560003802962,0.21958401013406958,0.26103181848507817,0.1367501560077889,0.17683404711351203,0.48857293518338973,0.8458052330164039,0.10673355813651206,0.8388878041494657,0.83441541682863,0.0,0.12517811780196653,0.33035635693348797,1.0,0.8636701673007904,0.10199160369567892,0.4813124577793159,0.3844662888210383,0.0,0.6589844804520499,0.0,0.16548923739059784,0.5973023906773368,0.8521626174833593,0.28224656818172844,0.2888578546418512,0.463101262191585,0.6803167056997997,0.5164152831935843,0.7321308714419527,0.7129105178130504,0.0,0.0,0.7946949213505177,1.0,0.10320150735509906,0.31322551299426815,1.0,0.9392313135721109,0.0,0.37930818700110636,0.6069302129880968,0.5219335029434763,0.0,0.6109639244839995,0.5576751074045715,0.48274213012242434,0.9898068286553756,0.0,0.7849485503319142,0.3259124393546369,0.0,0.0885842601066292,0.39626567903620286,0.0,0.14462601957811583,0.0,0.5438095727474378,0.3610212083433952,0.1179768579042944,0.6490188908493407,1.0,0.5886122850620671,0.07196577706197556,0.5726014915602275,0.7773525193699842,0.4646080104320193,0.7395369406130194,0.4018999211339168,1.0,1.0,0.4148106130652202,0.45177243422106833,0.600713357058594,0.48245372828749716,1.0,0.1880518943418124,0.0,0.0,0.6885875823145107,0.0,0.28160060345556304,0.36291454348364155,0.5553382013436134,0.37286662900229417,0.3321233191358653,0.0,0.658088730162806,0.49423959294057734,1.0,0.2330573057697179,0.3677730443737292,0.8185950384679498,0.1552561413839342,1.0,0.2810859484943685,0.0030762263761227827,0.0,0.7790149009777638,1.0,0.9498107688126984,0.8663666805421443,0.8234673514618854,0.05029536913708713,0.09078785693793602,0.0,0.9293224262519307,0.0,0.7106876316013827,0.27307786894192104,0.45183609628321875,0.424877635489403,0.16327577123489792,0.3396804457300847,1000000.0,0.0,0.0,0.0
1.0,0.008982118310810763,-1.0,1.0,0.317411261555115,1.0,1.0,-0.0721144643210176,0.9198962915227794,0.0,0.9783964273556276,0.046288699856970435,0.705229852318135,1.0,0.5110900416864816,0.0,0.8082402589790432,1.0,0.5504035466351295,0.38479178839686157,0.5301147485399601,1.0,0.0015072610101592304,0.421780509203171,0.6582530859539245,1.0,0.0,1.0,0.5797191702737652,0.4835133243284259,1.0,0.5514142751918756,0.8532237773721794,1.0,0.0,0.38048197669765577,0.945569993373473,0.4130656347997382,0.36108161897044116,0.33030896067826393,0.3572265813136446,0.36136665100060344,0.6332194578529977,1.0,0.9720298492478926,1.0,0.8458498157774854,0.2683419762318887,0.5080301046122784,0.2544508756230217,0.6819127511575085,1.0,0.8905702935446265,1.0,0.7658509620686417,0.2556972208786329,0.5288609244705019,1.0,0.5712578946608989,1.0,0.8003277953478968,0.592296434600412,0.6002569438546622,0.2834651187341349,0.9328649169886939,0.15431941798011442,1.0,0.3743007898420035,1.0,0.4588800305485272,1.0,0.42629279349846677,1.0,1.0,0.7602276649390528,0.20994715870110622,0.6363318242864457,0.23099148889597326,0.44421280956236137,0.4134732093324713,0.7994978472660536,0.0,0.0,0.7376537849911263,0.7618155901357251,1.0,0.7732890926113558,0.18571995813155787,0.40377879210413675,0.8224404522917494,0.405484142338543,0.571150904709718,1.0,0.60080962207449,0.20383945725347247,0.7896227651135033,0.27816139507317955,0.6782183154640905,0.2866695519572372,1.0,0.44911173600512694,0.51450637211096,0.4453755390828475,0.9570362858403448,0.00016444732837061007,0.0,0.5598182123448567,1.0,1.0,0.28512147910090635,0.7769181272933601,1.0,1.0,0.06252086124559922,0.6549388090570855,0.47857335237077936,0.7302101675214352,0.47460088273643936,0.8942622309655476,0.554238864396625,0.2116260235716138,0.0,0.9137799203876953,0.23017948163728347,0.34096903408653534,0.0,0.4781093543466628,0.9896243047779404,0.1058519263870384,1.0,0.09035926369266563,0.7164689786851692,0.2583737200953078,0.0,0.0,0.6276436674864886,0.0,0.6545344238560366,0.0,0.35647729613633905,0.0,1.0,1.0,0.40019528972899926,0.7156489564532518,0.5974063066847107,0.9419658959798486,1.0,0.6436584728654846,1.0,0.0,0.0,0.1922964032355539,1.0,0.2507955392966374,0.6892926856284173,1.0,0.012838629343287854,0.11293354036484465,0.612778097122905,0.0,0.0,0.9521090393052181,0.32512599228745437,0.650316558796237,0.7104108323397355,1.0,0.970198581156196,1.0,0.020324328731857882,0.15307357203229544,0.6569299181559862,0.9241367953306333,1.0,0.9003744708333778,0.21048885554487018,1.0,0.5366253880915814,0.4807793881423874,0.31010619047803756,1.0,1.0,0.3262314380821202,0.236846541901127,1.0,0.2567539181410102,0.25783401002665796,0.2206579594413783,0.0,0.39524272953599504,0.009879454279688176,0.6214100741560231,1.0,0.9227784520245368,1.0,0.0,1.0,0.7256653269362989,0.6607700334858512,0.6835295978991839,0.0,0.10410889655965848,0.5703029385524635,0.24795461753797793,0.9246176363768894,0.0,0.6976429840051483,0.3022694702072954,0.6207330830995111,0.4500875202856391,0.15979802316037972,0.9315639367689035,0.3220901208298931,0.47546707221891005,0.30926627565505976,0.6086692798106484,0.42614518477735003,0.5782574360730436,0.3768487841808788,1.0,0.08358396624362263,0.38908431706428465,1.0,0.5972878553571026,1.0,0.900889851538434,0.0,1.0,0.9147985199063855,1.0,0.035140960518810584,0.8121987173505704,0.42836652969256833,0.8440223795401264,1.0,0.6005928407656106,0.06468134769247322,0.7942875113243157,0.0,0.8903047585868042,0.0,0.0,0.951631267348434,0.9224968246375037,663.09810279788,0.98,6558.155118518674,226841.74918294104
0.48829284411353935,0.7263750484503753,-0.053159079120824244,0.8988787069824039,0.16804854216301812,-0.865916518754179,0.0568048105664114,0.9086923872803492,0.2719106496769428,0.819052071954622,0.04449643318016982,0.7306930716326516,0.0,0.9393369765390025,0.05102003029553448,0.643264165614016,0.2745891270070151,0.7841611247859099,0.6066681016371542,0.03193658531710871,0.7885380838000551,0.1131600256657897,0.4542003237166419,0.4815148807306489,0.3329699862745768,0.06376896179945801,0.8969001695105213,0.845094626110567,0.5989576758634076,0.950236664663854,0.3518181678100713,0.00932042432697171,0.4264974176156232,0.9106683750619686,0.3016788756160248,0.5435209199779912,0.5628573817006921,0.06473973523080236,0.4263009631047612,0.05031821856795982,0.21651438912136212,0.9097202466618429,0.47967995167289795,0.8251480474091051,0.0,0.31718949976712785,0.953978278955968,0.10697814221768936,0.9774229810143087,0.0,0.7620147272495903,0.9019042171992105,0.3709298636878326,0.34352203433970335,0.8788221632117538,0.5095169908018312,0.010794723914031643,0.9835174907761652,0.9634143881532146,0.7909452720609336,0.33611487141155866,0.5131848461976584,0.0,0.19205785264183017,0.0,0.0,0.6597652119241701,0.27047864396788457,0.4599456479273346,0.5463907351285994,1.0,0.08509142855359389,0.14720084961754865,0.391410295376344,0.6770512232993863,0.06928242221018753,0.5818052383476747,0.20819068908568727,0.8601333120155128,0.5241036878412713,0.6772329915775595,0.8590084937031184,0.6355807172199508,0.26582692758761917,0.4961304745946487,0.19608411354997324,0.8795297096650004,0.0644693552924006,0.8736688292795253,0.5786659549726726,0.17831644344773712,0.12916789362872058,0.030950393091089504,0.7469172839651765,0.7687367575576389,0.4995071999350794,0.3153494551213044,0.6345719521922387,0.7654837687732947,0.8549848401227049,0.5604113017037224,0.5346307509502649,0.5628485550267868,0.47152091240924676,0.41930507956603097,0.9935516912097738,0.021975665086132752,0.3721099016034415,0.2266917354396313,0.8078223939079912,0.5814113540885375,0.009270038716780653,0.05380502526727474,0.9018083022323848,0.6069475708422841,0.15091583731262484,0.6120635994867705,0.44400173225735395,0.08815208667963273,0.20783025217386009,0.11841458927426639,0.6361303137843333,0.17170780440734348,1.0,0.7302543732919475,0.3738618942358573,0.2956833491776543,0.6619639511843545,0.4711877288834873,0.0802361056506997,0.8336136345938395,0.5039327284876153,0.5589866250485914,0.598233361477737,0.6573040492365517,0.4888258506989938,0.4366577305800772,0.9790204743568601,0.17559371008719826,0.45103033660915887,0.6158823887834414,0.4953323336874201,0.5335092957531224,0.5830357169421917,0.3719207656783325,0.2731179464479091,0.22394817814255563,0.39597667290752675,0.3989120779126365,0.45049303682417835,0.9242010354594834,0.8033834068540595,0.6215503924526551,0.36125613920203464,0.0,0.407168856895618,0.019315147428272155,0.2254517616924469,0.0,0.1472962224432154,0.9793864945677846,0.9521624112052005,0.9085020243530186,0.31477683251997246,0.9343315231410028,0.7226142464113617,0.4350530865723251,0.28180325315157007,0.9569573440953132,0.8994191108749757,0.3296712562489022,0.35809028052246455,0.6749730639841142,0.1146293912386768,0.5647808469836401,0.21482331196819018,0.7590409480537552,0.9521537972168845,0.7836037139229886,0.46771153801042203,0.8210075723582655,0.9514158455452753,0.6518944410914999,0.8699551872392218,0.1383331013117002,0.9894229690964987,0.30521588656174375,0.5507095378372261,0.9374247304642379,0.6702827776291416,0.4956186159278743,0.000512105583884489,0.24597512819194634,0.3222943262456644,0.5904954515362077,0.5887140254807874,0.6645674959220415,0.7202648240584991,0.9115177726073636,0.14543774510244398,0.37410494165869274,0.9665182139808275,0.4269804325457938,0.7748065889918254,0.2362638075155506,0.7255275837666945,0.6530151064690055,0.06216897832976061,0.9666757288909219,0.02804445120572886,0.2680608134637834,0.37795339552035084,0.29360302080777145,0.07243618886673517,0.05560250085131923,0.5457312008662767,0.0,0.29019500510115176,0.6099783993615108,0.07473598126800127,0.8902377519642093,0.8008579210615712,0.33069696804012444,0.5319171169843236,0.4553018655232532,0.00422386355355367,0.5867193614786691,0.16648399793039964,0.4720023995802953,0.5253710217115258,0.0,0.4944701358491779,0.020094912191857436,0.5977158798637607,0.12469004513950069,1.0,0.8215440284350854,0.7809518413292769,0.2983127466136139,0.8428966608690027,0.8601084192073993,0.45189503195868236,0.9770220537752632,0.26839791898924803,660.062036866933,0.64,10740.94630984919,15116.428840595028
-1.0,-0.2859957203242686,0.05167443074280049,-1.0,0.0666352878883246,-1.0,-0.019752371902406862,-1.0,0.0,0.0,0.0791952783430522,0.209952225766801,0.0,0.0,0.0002915445466974212,0.11036394623237904,0.0007103094943104842,0.0,0.004736433778816828,0.03784330640922541,0.5686326498665404,0.0,0.0,0.23697964653527914,0.0,0.0,0.034587521215011074,0.0,0.0,0.006767522400033088,0.0,0.018790550409586798,0.3526146493506012,0.0,0.16432619209653498,0.10262319731580735,0.0,0.03809531156060612,0.28896597397005613,0.12372554028913928,0.0,0.0,0.4962857083432055,0.0882252547420797,0.05606569249149489,0.058877485914632814,0.808058146571435,0.0,0.39938783904449693,0.0,0.0,0.0,0.32598486144108674,0.0,0.0009961447495733082,0.0,0.006891902429892847,0.0,0.010974445455381924,0.2736247660761561,0.0,0.0,0.0,0.07888753239770419,0.0037094865733562623,0.10465340806994865,0.0,0.0953343828478565,0.0,0.09235609518996735,0.0,0.0,0.13727970303585005,0.06183106274125252,0.0,0.0,0.002300492248302666,0.10382266954532443,0.31249108182240326,0.34256057609614937,0.0,0.0,5.332208951681775e-05,0.0,0.0038164775809987257,0.0,0.5565140659789409,0.0,0.0,0.017389901395915397,0.26361234544333545,0.0,0.0,0.6395291842614805,0.318820710616857,0.4087466672729748,0.01973976513664373,0.0,0.0005718251062320073,0.4725512002681228,0.22198848974342245,0.0,0.10365018810181115,0.21645361357461915,0.11182388765657617,0.018197554924376802,0.012535594087593683,0.0,0.16073631477509365,0.6813536360491432,0.0001793568127362569,0.0,0.0,0.0,0.08364999709105925,0.03468151098994219,0.0,0.42429970902134173,0.0,0.2590609765057787,0.129267769579503,0.05370519723362942,0.11530695486153256,0.0,0.04375607107049645,0.4503561822727951,0.001092090641345262,0.13390250831608377,0.0072552047769548055,0.0032092249697720683,0.026115591474834117,0.0,0.0,0.0,0.0,0.3556862461541787,0.5552845359747035,0.0,0.10875529671773931,0.0,0.0,0.0020844892230820755,0.0,0.09720197957371178,0.0012826015069634517,0.5247098103646795,0.22406659630980283,0.0,0.032073192187293945,0.3037778380719232,0.0,0.00014057754700641523,0.19081185186305197,0.4782442982344171,0.15923793226936653,0.06263495209775988,0.031653876517705036,0.0,0.029211685149342626,0.0,0.0,0.003300048831518205,0.23229313393200382,0.06975988505730481,0.0,0.16831340687386115,0.0,0.07705650641681643,0.017613496854301216,0.0,0.0006089407608780972,0.005930173141298279,0.0,0.03735401757689996,0.0,0.0,0.31292010094947387,0.0,0.28300706981156887,0.0,0.0030482214306124726,0.0,0.0,0.0,7.301018480257437e-05,0.0,0.0,0.0,0.16440246738326209,0.0,0.35844006311820986,0.010308935789242163,0.1953387135697695,0.41393782785765604,0.0,0.2716456163615696,0.0,0.0,0.0002932005513482522,0.04957374110693861,0.10431253664517377,0.013416020102646357,0.0,0.4331250797865983,0.01423451763967392,0.3088734193556759,0.4847306870600267,0.10685292553085628,0.0,0.0,0.0,0.0032213374739304135,0.0,0.03398640818221984,0.042125263861132564,0.0,0.030591463080127654,0.08693197797252386,0.0,0.003287301406605921,0.19376391016908953,0.010287997261052943,0.1971497670545345,0.0,0.0,0.002617254104871798,0.5040274533206174,0.010620067383007841,0.13765418429136128,0.0,0.012024776049948324,0.0,0.000954182479857637,0.6523493867146412,0.0,0.010900010434062697,0.0,0.0,0.9890153155181367,0.0,0.0,0.02039890603280828,0.0,0.23145705043564926,663.1046664325197,0.88,7877.860730319453,219144.66908259958
-1.0,-0.29641536411262626,-0.18341143431654672,-0.995913061489412,0.06313243931574519,-0.9861245946709865,-0.7039922475616035,-0.9998475549569632,0.0,0.0,0.08657598654671633,0.23687264360480645,0.0,0.0,0.0016131920932941808,0.3218008132311947,0.003937999237293377,0.0,0.0,0.09179758788037262,0.009102422127230225,0.0,1.821778902790015e-05,0.034115958370452365,0.0007292555342898396,0.0,0.0,0.2547201126060658,0.0,0.2139682838412343,0.0,0.013323584113087011,0.2999426418651905,0.0,0.1906440971792907,0.11414548854595191,0.0,0.09278938272383419,0.3204622703518001,0.008252617019029365,0.33018983470100804,0.0,0.0142602052314178,0.24354166707248787,0.026014965613910424,8.093734578394401e-08,0.8234741776810519,0.0,0.4334203710100346,0.002836683085961306,0.0,0.003055335939492271,0.3239185699303891,0.012211761675121169,0.014926717581686191,0.0,0.016814816307163374,0.0,0.0017082839747444914,0.001700044242226792,0.011864528811071633,0.0007539394995728071,0.0,0.08156034835435842,5.4953200932279875e-05,0.19419798843885783,0.0,0.014763648288246525,0.007751285962870939,0.7551402917183326,0.00725618516724541,0.0,0.006112590989272214,0.0964403875407833,0.0,0.011866971783640823,0.0,0.22118217476165244,0.01091949827332686,0.40100701446060133,0.010498782986328808,0.006391401951289066,1.6621175313647797e-05,0.0001018739027257333,0.5960672336204457,0.0017982658264640912,0.3451254306141764,6.459430106455204e-05,0.6482816216128962,0.0009920816767286268,0.3133453624399649,0.0,0.0,0.6772941482912789,0.2422859077412407,0.4163656520667203,0.0005825983997838763,4.698829899519707e-05,0.00040794866118104567,0.048760583134706825,0.23379475731799615,0.0,0.7358340914547177,0.18518550504255582,0.00011468719812038385,0.06541920492306907,0.019361245916779186,0.0,0.13799053077710596,0.9083840032617339,0.03415877622511779,0.0,0.0,6.53685542601631e-05,0.660733242845624,0.0015587681268546538,0.0,0.02650254206290531,0.0,0.08798688622372292,0.06422021566949884,0.09231436839340006,0.0027771342240553304,0.0,0.3033697888306085,0.4821603617380662,0.006224288008923731,1.8346534094160205e-06,0.00021370465477956726,0.0021097330116580243,0.014902987279510477,5.953682281660699e-07,0.02994775378932682,0.0001970893053645827,0.0,0.3561405229361053,0.6446104714363287,0.0,0.1372757813389651,0.0,0.0,0.1502990105181613,0.0,0.0032306901534618596,0.1761850712096127,0.3167987700593109,0.23652887796711922,0.0,0.0038814412660937297,0.17438860928215422,2.7235286743745392e-06,0.047532893660502507,0.223596928613786,0.4130881542390041,0.21994427077538584,0.015788154095815448,0.016098559696394142,0.010932741494259627,0.0006589689668248487,0.0034611496849470957,0.24636688216631653,0.06702991300093802,0.35695615940728287,0.002777911524259623,0.027880578516489174,0.2551668248024707,0.0003766576057787545,0.03674666618488803,0.0,1.2272388270434488e-05,0.0001695340455594857,0.03386837595783786,0.0,0.03299086789716864,0.0,0.0,0.4363396372536089,0.0,0.022974927288895355,0.0,0.0023675161881257754,0.002666902131887268,0.0008034824072668811,0.04147325370246828,0.0002555404813732212,0.0,0.0,1.5625579811004127e-05,0.12152829814053372,0.04046628520229112,0.009217048934916205,0.030046777724286402,0.0,0.7616828153517513,0.0,0.023552218055439084,0.0036239943284917184,0.0,0.12754045010134968,0.05215000645787712,0.4494097796450853,0.007355562513969474,0.021521099580728748,0.004209140999118399,0.00012634174208167592,0.0006434316445908805,0.0,0.10233029854232438,0.0,1.1029502494957842e-06,0.019904769117612818,0.324405371345088,0.013667686655831235,0.0005813391245642618,0.13894705424927395,0.0004983031648170803,0.01106107467922679,0.012869480938775942,0.007844875310818922,0.0,0.25585169558110465,0.3398277400486093,0.21786677880677355,0.01309573557402327,0.2735723287135168,0.10632325167089257,0.002055169190363999,0.02635405763817315,0.18549389212715453,0.0,0.06421581785618628,0.0,0.01950222391639301,0.5891469291049242,0.0,0.3041822655742591,0.011987261854866427,0.0,0.042026516206628554,0.009158899537287712,1.6512966558850912e-06,0.4392494693468936,0.0,0.2514634386988937,663.1028987453467,0.98,6805.66917169499,222208.2580000761
-1.0,0.0897280112955169,-0.9992370901656809,-0.9958805237009125,0.07312050967793812,-0.44538908437430574,0.14732012988344045,-1.0,0.0,0.006053296327546118,0.05628901167681462,0.04676168131937017,0.02437496130333225,0.0,0.009572031887547572,0.1799734567048849,0.11542988085873171,0.20769760117012184,0.3769324781696914,0.13478945991902272,0.015802370028548323,0.011041692961931901,0.0,0.2344141263517655,0.025511834934611455,0.0,0.0376692302778022,0.01939583163033699,0.0,0.0004490083093137958,0.000809491187731208,0.05563675978571753,0.010232340888595355,0.9527446939070647,0.1619191102557494,0.0,0.0028741344250807757,0.009575995071083532,0.04028911506086673,0.10142283424816137,0.0,0.017074192304969205,0.028506011886054585,0.7511835207807058,4.595564219622922e-05,0.005451834233109201,0.7876319840933645,0.14385076620496595,0.020045573492619165,0.006289777143950501,0.0,0.0005271904460329587,0.2991924436798522,0.0,0.00477886438525886,0.0,0.003440206124274571,0.1562770099940161,2.722548453877516e-06,0.08412870812046858,0.0001136320949736893,0.0,0.0018915361693164373,0.04515812400693596,0.057591995290095045,0.5120861679554046,0.18324178957371895,0.0032707797761829874,0.006252130376387055,0.04168247304420916,0.00014910379849147323,0.009235958040308002,0.008951491128261393,0.02706386021079209,0.3654256199292722,0.01899581832588101,0.0035111557895707787,0.09128435751301928,0.031775122659968014,0.9491985407466028,0.9894357955103084,0.0311903791151511,0.010609521605604307,0.0013515130212823745,0.014083690501909364,0.0,0.4809650035687903,0.0,0.6093777248114176,0.009242802880910412,0.0,0.996184672686756,0.0,0.725040324641496,0.8997767668748121,0.3741451391594398,0.047626961692446165,0.939934968877304,0.0,0.18459507018715746,0.14519925965950858,0.0,0.040429911418051995,0.1868226380947146,0.0005267959193599502,0.5725262383495392,0.0,0.0,0.3584295016377906,0.12092186062889307,0.0,0.0,0.16158520955454297,0.003585183366368705,0.01891554457960385,0.05904097981888366,0.0,0.2906424422357389,0.0,0.8733219515435138,0.22750246907935057,0.002907086224132823,0.5333582917181641,0.0,0.08383570276053494,0.2097460729526977,0.0,0.033373152022862396,0.48734052697039454,0.000982082208748708,0.0,0.0,0.43751975699370715,0.0002031949686261414,0.024749692277731217,0.777255914601872,0.6156194648570714,0.0,0.13319108733855328,0.0,0.0,0.06158747686718154,0.0,0.04938523501103759,8.170776769943471e-05,0.3123773273445435,0.5705054142834645,0.10090968035302099,0.0,0.29230826133775606,5.372202613278539e-08,0.0,0.3953586783319729,0.43809934719327565,0.009967641063531804,0.01027991456899093,0.0003615457790488927,0.023488895537664638,0.0207500015747564,0.00485979283029365,0.2870560651506627,0.0,0.040119741376082034,0.07323412961825963,0.029056279811866315,0.9661555734456697,0.0,0.01317322016189585,0.9372668654434393,0.0006707407819167851,0.0,0.018218354018359834,0.5125359864020451,2.387529566036306e-06,0.026323432134286825,0.0,0.29166481821182555,0.001394832086246819,0.03363596199768554,0.0889641340492385,0.04906129450090159,2.8905192947090598e-11,0.0,0.0008954714453615637,0.0,0.0,0.07468300600652444,0.0,0.10028227974581289,0.03952025154764052,0.4013775215078558,0.010250084562744545,0.19340159129225287,0.0,0.0,0.4273826144622124,0.0,0.02198953184262535,0.030567677926079548,0.026344122824076183,0.5816223518602334,0.06517090778776509,0.0,0.003809407627695549,0.2929569181247393,0.45617409405457715,0.002947159052351267,0.20208098951681194,0.001683260206923498,0.0,0.005730676819528791,0.0,0.0,0.031124725201206092,0.043133971641922,1.2802212804208737e-09,0.02895864807118107,3.3260193509609992e-06,0.29236545591479685,0.045708885332908226,0.193447427932745,0.01075874250451853,0.22352954452267237,0.007177836656128922,0.024929302173566814,0.0,0.020293820028604727,0.03571719049955229,0.4920451927532814,0.0,0.04102506049080079,0.009314168646894744,0.03523565349640095,0.042235251844143284,0.07970921694415922,0.0,0.0,0.0,0.007907943969409942,0.0,0.0,0.0,0.0,0.3823456169941874,659.8815661810604,0.82,8327.685377741285,215193.0617393044
-1.0,0.1528456851433169,0.9902449452978911,-0.9958098288323185,0.12924436148351656,-0.4388264625863834,0.14811553435093755,-1.0,0.0,0.0007853956299008202,0.05567820316507863,0.21611392689443115,0.02437496130333225,0.0,0.9065302136150608,0.1799734567048849,0.520339770672918,0.045855962452316476,0.037751717047684624,0.13774277595908171,0.015802370028548323,0.014466506437609725,6.721398843706423e-09,0.23452192108494357,0.3392696795518016,0.0,0.0376692302778022,0.005004057053527022,0.0,0.0004490083093137958,0.0038577049919219786,0.05563675978571753,0.010205197767968632,0.956749574905098,0.16226680069741367,0.0019821046253711916,0.002996564749746718,0.09816110605072383,0.04028911506086673,0.45869977492003344,2.8107283166355036e-05,0.6807315440635141,0.028608491311968624,0.07387989442149906,0.033341563579425054,0.016736923375212015,0.19426548296164792,0.19415989764102876,0.2627610845981383,0.1753976641334168,0.0,0.0234799308831462,0.35988633635047707,3.67039065450798e-05,0.004879436523350564,0.0,0.026034663599077575,0.2755453892886687,8.535476200968576e-06,0.558166926462094,0.06224382334703908,1.6544798193092963e-07,0.5246210863724139,0.059718263680455234,0.057591995290095045,0.5116807391539921,0.2470735774194472,0.0032707797761829874,0.010013798864639073,0.06914569154402704,0.00014910379849147323,0.13173097574088496,0.007744815883794987,0.2283022016694091,0.39805692894218414,0.01899581832588101,0.0035540089610072555,0.2871459458164999,0.32773121521470655,0.9398349543783471,0.989311840811804,0.16502151926374303,0.010700005535212971,0.1384847266259575,0.1388627820882698,3.16097442335211e-06,0.25009153921496713,0.0,0.0170276568536899,0.07872325657318191,0.0,0.9505298965848838,0.0008057439073924609,0.6969577604177863,0.9927089089661044,0.41673331536164887,0.2616885423887071,0.6264911351302085,0.0010192362117655588,0.4951740931377245,0.24272654833687263,0.0,0.040429911418051995,0.2210610043583019,0.0006030328196547129,0.580320239736743,0.0,0.0,0.3591157089269862,0.005890133383337784,0.0,0.0,0.1624437972254713,0.9218819279833557,0.7179016207057006,0.001154498185619305,0.0,0.40058087360735306,0.0,0.87361716305192,0.1208700642152867,0.061729203227115344,0.5820997996883902,0.0,0.08383570276053494,0.2097460729526977,0.0,0.41851613748113037,0.48671928688037613,0.13353303276137324,2.7970227672515524e-06,0.0,0.4316020464674503,0.5739844928510197,0.5165079494947015,0.12410229946034324,0.3368235373506928,0.0,0.13655180973846498,0.0,0.0,0.29472477969876343,0.0,0.521545687031054,8.774103249371574e-05,0.3931180377510653,0.5519919227039,0.05686793130404872,4.391676862886522e-09,0.17099658332633266,5.148790178481203e-08,0.0,0.3984482114660221,0.4331242624730643,0.036089299863706716,0.010241023329599527,0.025779078166961306,0.02492252741528129,0.4687773209768091,0.06022616034108088,0.07994666653437535,3.923278777767393e-08,0.36086124347697573,0.00143340198589946,0.022107656519486152,0.9510427598084914,0.0,0.002282173743002756,0.9551603571444404,0.000641390996986981,1.198789594565727e-07,0.1397809684246008,0.5136423587314387,2.5498094482436e-05,0.10176709852073926,0.0,0.30377539311735113,0.00855507080801679,0.10095107741887477,0.004935107454323524,0.01797316443916357,5.876874181562473e-09,0.0,0.003578324581816339,0.0,3.779110696804593e-06,0.38597093495862284,1.493524445978819e-10,0.10045369263566584,0.10474535862798379,0.4013775215078558,0.009984394196701737,0.19124349941797328,0.0,0.0,0.4273826144622124,0.0,0.02198953184262535,0.030567677926079548,0.1379485598233609,0.011583316554244709,0.06528317426314245,0.02554610563920845,0.003222178052063176,0.2929569181247393,0.6151918826795266,0.642260656850898,0.11224395078387972,0.0007414119056301932,0.0,0.005409462316414773,0.0,0.0,0.029106768057441355,0.12885609204228557,1.2524643684190373e-09,0.9770652118758003,1.6239229236739703e-05,0.3080170632032505,0.078815879342048,0.21004246155151615,0.9798461919971124,0.21395540564370968,0.018124604021095836,0.4620458305007813,0.0,0.020984098642734973,0.0028379444340213417,0.21736919482250583,8.662127697110197e-08,0.6627386387724693,0.42905596752985464,0.3462453168539401,0.4948519913130152,0.0023600666393998604,0.00013605535239170994,7.517679371880654e-06,0.0,0.0007660834442737297,0.0,4.2566150123898795e-10,0.0,0.0,0.3931153106985154,659.8825752416578,0.8,8424.573732125285,214535.3327275122
-1.0,-0.017641311962602574,-0.0790579183960944,-0.9928982604605225,0.06043989364794582,-1.0,0.09137666027529405,-0.9943852317024956,0.2611561516653078,0.4274248737240684,0.0,0.2135312313125769,1.602892533681229e-06,0.0,1.740204663216568e-05,0.14763296475564114,0.0,0.20735105008614102,0.39656152458896365,0.14114335842062123,0.02130073597608237,0.00800626940715498,0.00031725803549036683,0.11819476630769617,0.0036466486638781458,0.0,0.0,2.187047686007617e-05,0.0,5.93154252049607e-05,0.3983868626817427,0.008382121652427278,0.0,0.03756843466095422,0.0,0.07844316920677673,8.756594713936875e-06,0.0026901211330341013,0.18587698038727488,0.01950535740067183,0.0007047862970710923,0.0,0.0,0.0,0.0,0.00011001247764548874,0.04387613610030042,0.0010911217889270327,0.039644625087149984,0.0021479208283017304,0.0,0.0,0.0029821630086297457,0.0,0.0006089723950727484,0.008375945991365541,0.013362565636275803,0.05234119792502567,0.0,5.651450305494584e-07,3.322273219941727e-06,0.07114300385176217,0.0011260446007019757,0.06102366766350486,0.920171511768453,0.0818380234819408,0.004244187870352856,0.003703988177395992,0.4745812559683742,0.5397440442264285,0.0,0.0013153831860440637,0.0,0.0019304110846597848,0.019976989523806665,0.014257048303562034,0.0,0.029185555638016215,0.0034473757131743585,0.14617971307377173,0.4573440533040195,0.0,0.17082913719801202,0.005084844386861659,2.2748184055248642e-05,0.018126032263620497,0.6328587342612808,0.0,0.0864071199024791,0.0,0.14220868014858354,0.0022433248713653875,0.0,0.6529379859759116,0.22102589517124838,0.3928313054595042,0.06225869658463845,0.24352396055140338,0.0,9.126331755657038e-06,0.2625605098945055,0.0,0.015291989301861875,0.2253602704322641,0.01747893278902729,0.6561473506894389,0.0020658011310792247,3.570747630399397e-06,0.10812429866933987,0.024044785120306014,0.0,0.0030916461749335156,0.02200170200920414,0.0,0.9807790884308979,0.0016058682933023267,0.0,0.3452220181734558,6.471800740170757e-05,0.02072260772591767,0.04708099722341571,0.0,0.528832959533867,0.025151560063623395,0.004673377763077559,0.19670612777957622,0.02653786142080225,0.0017437964260017397,0.07269015368077264,0.13550247920514152,0.0,0.005052839658875215,0.0460324836572189,0.012461794496897688,0.32469303640932545,0.14407064525725347,0.0,0.0005414853537029575,0.028260329633233626,0.0,0.013764872565407316,0.1914124899195762,0.0,0.055461352813158386,0.0,0.3370430428773078,0.26478218160117445,0.0007473246545817939,0.0,0.03482491508062678,0.0,0.0023515473473054815,0.23818033147843864,0.09332908800130668,0.21185293924924367,0.0005383770157570827,0.005199199520615008,0.0,0.5472458517586358,0.6748236020372326,0.0029258077742024546,0.0,0.04255898097222264,0.05578371910267399,0.0003624310058331359,0.2614436931216537,0.0,0.0019731595789527073,0.0,0.0,0.001103674735598928,0.0,0.7305172094258073,0.0,0.00044066744195955625,0.0,0.06267360103628222,0.29657055345670913,0.016271834125307222,0.0,0.02661038131876918,0.0,0.0,0.09889384023883825,5.1878389804674896e-09,0.0,0.05555848643282982,0.0,0.8019806891403792,0.043507919671798984,0.3426490705834566,0.20070587923199876,0.030499861310440794,0.001837250855627328,0.00011456162612685249,0.01006730037931219,0.0,0.0,0.002967178259615063,0.025436467841257367,0.09011179167370013,0.00221275630782293,0.00019512491037177847,0.034553839151801366,0.0,0.4073342233634402,0.6653766322959932,0.005465492950782528,0.019880518526646407,0.005165254971778374,1.2227308096980833e-05,0.0790799969485267,0.0023352222917219535,0.0233560246959396,0.0,0.0,0.012618113323945163,0.0,0.03360126742306712,0.004196728469308634,0.48487421302915623,0.1634802345251039,0.06685285049005277,0.057792339901875774,0.4652070539397608,0.10016890896576772,0.04842389680187731,0.07275934414120583,0.2393899259875209,0.07499633401475697,0.0,0.02299293071572589,0.003528640860709878,0.0,0.0035017647687301118,0.0,0.0,0.0,0.0,0.0,0.0,4.6020679438300133e-07,0.0,0.283687864880822,659.8948632767791,0.8,9727.670064938922,211117.41647194207
-1.0,-0.27990595127858386,-0.2090678598656233,-0.9952001237336421,0.1277030309116779,-1.0,0.09686657905851527,-0.999101939837729,0.003192173849244237,0.01719937259134558,0.08619443162384333,0.19003178687547834,0.0014773137429271548,0.0,0.0623056135539154,0.49507508309518633,0.1177168147061183,0.2076882584839193,0.3105101623674937,0.1688913576467453,0.02235146155993257,0.015585504740169344,0.0003162381860365636,0.15499148409723235,0.0036466486638781458,0.0,0.000397369495768074,0.42805264539833654,0.0,0.0430040844903814,0.6145287999754087,0.029800021305564684,0.0,0.7293555329717074,0.002871096887930649,0.0025089695156255837,0.09930916047876266,0.09806326505725638,0.19718926308752657,0.2017093964364652,0.0002558377051610945,2.2007684855405833e-06,9.758373237735629e-05,0.0,0.0019588395404568906,0.03170763840724285,0.5086180603021931,0.2007048347619601,0.3908106317746825,0.31248985938748325,0.0,0.0,0.17091769179257996,0.0,0.0006971804645987085,0.0019854406694522694,0.013417090800646875,0.03156381323451926,0.0,0.05848855555716319,0.0037885476489930812,0.0450406285991482,0.22406644566720113,0.1143503319909939,0.9875694442526349,0.18650596597124874,0.1812599224154792,0.17714294056035856,0.36225893847126056,0.5159827847493895,0.0,0.029051569254598505,0.00015690671055491228,0.027680282935196313,0.8122163234186192,0.02396807301009829,0.00017791399992048975,0.026756784512576154,0.32780945247189486,0.4435027359139433,0.843037228584602,0.0,0.15570714819670617,0.1390461408315296,0.19374676857270606,6.49497422928036e-07,0.2876582102884738,0.0,0.004630064016246473,1.1960562754930316e-05,3.3296334440598195e-05,1.0,0.0,0.6495342742741246,0.6702540988759562,0.41672693074478373,0.04745449935408936,0.3433283319989332,0.0,0.14084364074827563,0.12020410068683889,0.0,0.0180775073698764,0.2599795629961747,0.012255545726614303,0.5693224545488752,0.0943411529203524,0.005743551280940892,0.35853979102232225,0.0032899697069770084,0.0,0.0,0.39035916778906626,0.0,0.9591917987430476,0.027170516422415247,0.0,0.41599576544630706,0.003470990053000232,0.942632488721677,0.48584466714004126,0.00010523313040546045,0.5155684833637636,0.782775369694387,0.12549290740715366,0.19670612777957622,0.010554186453094725,0.19599618391252083,0.5263477082584213,0.1202643632251047,0.0,1.205225337731079e-06,0.33023338851942474,0.2936569550374875,0.4350010762255996,0.4978336837331413,0.48644320622441706,0.0005997079735448711,0.028260329633233626,0.0,0.02954700221938844,0.2713987217390584,0.0,0.05390382478723089,0.0,0.5067039399635156,0.4323552255034466,0.037910763519701365,0.0,0.03482491508062678,0.0,0.002395515159027674,0.3984870637310481,0.09332908800130668,0.009078322397751887,0.01559755457331162,0.025958142042408372,0.019731985969376295,0.4704590917633438,0.06800826006614397,0.18827787903363108,0.0,0.17283621255028,0.05826096250718986,0.40085124451365,0.3922907014768845,0.0,0.015621264661095825,0.30644427007480335,0.0,0.0014753926530692678,0.0009404925694904686,0.5167407243640201,0.0,0.10097142503278916,0.0,0.3103678021250551,0.48086521224144274,0.17359370320700318,0.009456237602345582,0.05043548793481879,0.0,0.0,0.030704402613839533,5.905548783845318e-05,0.0,0.3815976342490476,0.0,0.8947321673332402,0.043507919671798984,0.34219889014829796,0.07375173248354738,0.001302367110122388,0.004390928491162408,0.04006821901745438,0.01006730037931219,0.0,0.0001337246506889239,0.22019705317555363,0.025436467841257367,0.10758445990591628,0.065244050513828,0.07085940940376517,0.019153278834431034,1.5413669830037122e-05,0.7455129798438949,0.6484744137571532,0.005465492950782528,0.001781724468516016,0.0012076139976932268,0.019311884570790416,0.002143115566774975,0.03500168210151577,0.03352734663295767,0.0,0.0,0.07819290721970674,0.0,0.02622132640003106,0.004196728469308634,0.42817356492360836,0.17140356721837208,0.07039323587996059,0.33230596925115463,0.4521730108005493,0.015193818428653626,0.01489685806100835,0.8564492527931775,0.2693032643119737,0.8359546637349329,0.781804764396592,0.26072459392633685,0.3370430397114663,0.005096407697913252,0.07073196623158612,0.0,0.0,0.0,0.0,0.0,0.0,4.6020679438300133e-07,0.0,0.45420258240512285,659.8817828565063,0.82,8392.589277627236,214540.23784793634
0.2003403888438715,0.045969926759206775,-0.08862544811126122,-0.8129134050527624,0.21401520762116605,-0.6178968553883876,0.04789129056285327,0.25167496303171666,0.2557964749890952,0.11001004028516972,0.0007886508341225507,0.3815527598519273,0.0003010704402025815,0.026482711895940148,0.0009140492402417407,0.1792625425813125,0.01578275299006849,0.9033839710186284,0.014810555959665517,0.08745738232736176,0.009025256061458924,0.7341711045523612,0.688736496649982,0.6500648420090047,0.3480694206297852,0.00020851849652362748,0.06667876784087627,0.539426018303026,0.001859630630933992,6.838060086611581e-05,0.38298249501846404,0.01908078691365167,0.000267760666941343,0.02378982675748753,8.024449851134173e-05,0.06859057003923823,0.894471206107118,0.08543696977730189,0.017419553515746145,0.4591107162577124,0.00035646468465599327,0.6195490997902244,0.027286459709760374,0.1286167292760606,0.01637978773093404,0.32573807239409847,0.9850522072146095,0.00016587406245602634,0.02243149649293308,0.23657314306749583,0.000880302605637272,0.025336939216226095,0.5087432779824177,0.0019512392216893548,0.0001369944575802303,0.03588096241621078,0.02083275352334239,0.9399592084236779,0.21290696614833116,0.0024634303503486277,0.4260457872946053,0.13344671717017986,0.37500587868558466,0.11516342652625694,0.06735407558449688,0.5980002911573604,0.18473155039904973,0.040028273687319246,0.3061513836593297,0.5574609775362569,0.01201228269071829,2.3647819937163425e-06,0.030031895553897594,0.042577647471827906,0.3448042089488614,0.014275321899089446,0.19739186814831475,0.02905868121625622,0.0007294572991873582,0.39465360242124214,0.024281013385300143,0.6425738181060209,0.2855018124856004,0.24306267028092826,0.768484428838176,0.06903673253046813,0.624292991273194,0.0012449409929788952,0.010625480833624024,0.028114415642069804,0.6434613694092517,0.35587660617444195,0.08633450944173149,0.6354592360048452,0.21854273082564013,0.3920681302517213,0.05708609583006982,0.49969791320834184,0.007045380545108282,0.02793750002757855,0.02619954535492265,0.06540620142823078,0.012941766914050662,0.19596819358526749,0.8050118393932553,0.8257657556531058,0.11245403615897279,0.0004108513958464826,0.14523376926117815,0.010014886009872569,0.04415480349243722,0.02091036775375884,0.3706406992127672,0.0013505304638658268,0.6442324611007033,0.0647491206159334,2.108420514219593e-06,0.023685427847328994,1.6341023306915546e-05,0.6510060439745123,0.019261632102901646,0.0003166569261086594,0.5291791275623149,0.68491266833832,0.004726597823072225,0.5942619412426151,0.002861546313921496,0.41824119245848307,0.055673845706125075,0.02498612628354996,0.03573463435144409,0.8840770608333719,0.03092325122387976,0.28728440636737296,0.31948146939352906,0.8088191274766143,0.4945453506323148,1.0,0.32526425096389566,0.003381688094300034,0.012981149984458096,0.1946412729838662,1.3157092284390819e-05,0.06191803009710989,0.010480360213494284,0.7069460356157795,0.208470634546577,0.009459584786155883,0.00549236851270069,0.413963344375476,0.07642424952324564,0.03382962529143263,0.379630347346276,0.0925646511524788,0.21141491480270092,0.0036969210885913067,0.34437795531616855,0.007389670646249014,0.596269271115003,0.06965052306889512,0.2843447954940006,4.5133234299101974e-05,0.7884780741554627,0.00015923049427010033,0.0010625449903204475,0.21447347831176283,0.34778722057478867,0.0028558771881888323,0.014553141762865651,0.019653836995803795,0.03757284810950379,0.0009098869565377903,0.0007354791675715164,0.025655050954080577,0.06632488000612735,0.27290321983417687,0.017547096324337152,0.004780202796206279,0.18856114592532686,0.47707463155766555,0.9474263754421982,5.8103944708219085e-05,3.941611653149416e-06,0.042122238821397734,0.06174804686881711,0.01922595023348027,0.047967121107479624,0.0015659288488094282,0.017028507937666693,0.19623111657753,0.3518919708326154,0.07738427911556482,0.009579786516966185,0.009033090582263092,0.016733016132895295,0.11442664640706252,0.00021565842595685104,4.728274802533151e-05,0.05173480415360576,0.05116389268003871,0.34076511420933187,0.005006312335346097,0.00029495470167703337,0.0037423704924400003,0.2826084744510129,0.005645832071164425,0.6276292295539355,0.2261554107756631,0.023732896304125117,0.00017725073793709804,0.18495564953072832,0.07601148081282089,0.0012397097847142303,0.03645616790214984,4.849276174012543e-05,0.0003040533981598394,0.10451613098311063,0.08614345751670327,0.287077151018307,0.023470904413698188,0.2555892865743825,0.8003873359130309,0.06294979450573204,0.005983122475674351,0.4501582560800087,0.9874440412594392,0.05402505521391549,0.07526251592698108,0.013684598103411647,0.00013057859344714007,2.210027431753883e-06,0.022229790722112452,0.04499829432128001,0.7149260284175164,0.04206010455964504,0.06548522003825169,0.6978410631643148,7.978033625779092e-06,0.00222554351064185,0.03994820426289049,0.10031683846383554,0.0016819368332543383,0.01068799406068448,0.42996628568412393,659.904091527184,0.82,11300.442244568985,62919.73347173612
-1.0,-0.01847170000737007,-0.7835528769179264,-1.0,0.060123499434205564,-0.9688823494661477,-0.06802183908245389,-1.0,0.0,0.01064023350556309,0.08260173594713943,0.14192392609429638,0.000620689235472244,0.0,0.04256037468078433,0.1665669018066369,0.5771828048586168,0.0122275961749099,0.006767363870712112,0.0018602288333010495,0.0,0.0069604233367896035,0.0,0.0340483321090795,0.0005234045810214262,0.0,0.0004060213017071779,0.3718720011283315,0.0,0.0,0.31610663488135454,0.005715565844952253,0.3747682856715139,0.07034669597335996,0.10956770311848232,0.0,0.0003586290341477911,0.002443978849982209,0.03439003776376842,0.4608520180952277,0.0,3.112174753479858e-05,0.02865320463504762,0.5251628488793495,5.178491394287969e-08,0.3065272872485929,0.509855411841106,0.10150227514329907,0.26038568892172465,0.012743214039777224,0.0,9.154099003699947e-07,0.5203108688561939,0.0,0.0,0.0,0.0033919254184944098,0.4747880649325879,0.0,0.06952783419505476,0.0,0.0,3.113711590183618e-05,0.08233237753120133,0.008035309235935664,0.10240119027693406,0.1791494537627683,0.0032707797761829874,0.005180800441740115,0.06975667154645446,0.0,0.00192573920264224,5.054971875747681e-08,0.00033518774803272845,0.3674065054292688,0.0019860025908491896,1.8978605985344485e-05,0.029250441539833916,1.5150709372108162e-05,0.21408566319126887,0.0419785205167911,0.46090448525472316,0.0005937927459094992,0.03680201409746757,0.1800080623317992,0.0,0.25069531382845933,0.0,0.09547077861392209,0.0001668925243184698,0.0,0.00016636280277555846,0.0,0.7702526991382935,0.15870457473435734,0.004970501438718938,0.000832579040549297,0.021606204163616305,0.0,0.08774619947940648,0.12381216932564984,0.0,0.0006896008545404508,0.06212350426723617,0.002984083979897331,0.36859186590927534,0.0,0.0,0.30942953852693306,0.0017980287013238336,0.0,0.0,0.013780876674710951,0.01824369811612586,0.002011275749883624,0.002272423913368418,0.0,0.42313914949576753,0.0,0.8765192245582846,0.006191588371334128,9.637541580219313e-06,0.07204966757354272,0.0,0.009436501841919673,0.1923110607616734,0.0,0.2671177967310934,0.10668658539692513,0.0018215950130877345,0.0,0.0,0.18963859373788838,0.00730607712440659,0.00020282474858378946,0.14264918800198645,0.005182546877322225,0.0,0.14877427274094135,0.0,0.0,0.003187402049865451,0.0,0.49769900977173176,0.0,0.31789509982259784,0.19981165022782793,0.10801910099832074,0.0,0.1912328833032395,0.0,0.0,0.1672517525987215,0.08251497968983493,0.01005121993197346,0.010063363337149772,0.022808955520247125,0.020831308395120336,0.0007915864716023166,0.7437338115216329,0.11008447851601548,0.0,0.037111615030902906,0.06074956819351589,0.006862399900774058,0.0746278680329775,0.0,0.012302618875278972,0.034845619554157076,1.1351515547607879e-05,0.0,9.726013927402391e-05,0.7465574683511131,0.0,0.005612988367231647,0.0,0.30034288408726917,0.013113644907558097,0.001417095363140327,0.0035703516753917905,0.0023538910917703694,0.0,0.0,0.029806931431706443,0.0,0.0,0.03923498490768669,0.0,0.11487301666743271,0.02941812043964162,0.009897823493116548,0.010004501340682911,0.221015637739734,0.0,0.0,0.052313342575187605,0.0,0.00031591632595783176,0.030567677926079548,0.02543530696293488,0.06697457080712238,0.06527904862304058,0.0,0.3781727501880047,5.912686781554892e-06,0.025743658151040932,0.6208471381769124,0.10420063491214002,0.004521554566333975,0.0,0.0,0.0,0.0,0.033507855090126375,0.002826555870888439,0.0,0.047421137070509656,0.0,0.2928789771771446,7.79287299744838e-05,0.4268265050410054,0.01202860855258539,0.036617953523216965,0.0062803618118496655,0.4775393874781011,0.0,0.011256090849790526,0.004146135903482992,0.26257843799029035,0.0,0.00035302110479549625,0.04827017901505006,0.000915300693766905,0.000985151901221011,2.1901566014668572e-05,0.0,0.0,0.0,1.228055368774814e-06,0.0,0.0,0.0,0.0,0.19869039394108307,659.8835292731957,0.82,8073.9872462062995,219076.71709972798
-1.0,-0.01847170000737007,-0.7835528769179264,-1.0,0.060123499434205564,-0.9688823494661477,-0.06802183908245389,-1.0,0.0,0.01064023350556309,0.033053833533908616,0.12932044115113983,0.000620689235472244,0.0,0.04256037468078433,0.1665669018066369,0.572211713961075,0.0122275961749099,0.006767363870712112,0.0018602288333010495,0.0,0.0069604233367896035,0.0,0.0340483321090795,0.0005234045810214262,0.0,0.0004060213017071779,0.3718720011283315,0.0,0.0,0.31610663488135454,0.005715565844952253,0.3747682856715139,0.0014317698565058518,0.10956770311848232,0.0,0.0003586290341477911,0.002443978849982209,0.03439003776376842,0.4608520180952277,0.0,3.112174753479858e-05,0.019941363657260038,0.5204368409114006,5.178491394287969e-08,0.28714977954142185,0.509855411841106,0.10150227514329907,0.26038568892172465,0.012743214039777224,0.0,9.154099003699947e-07,0.5203108688561939,0.0,0.0,0.0,0.0033919254184944098,0.035324290678941495,0.0,0.05795187591778143,0.0,0.0,3.113711590183618e-05,0.08233237753120133,0.008035309235935664,0.10240119027693406,0.1791494537627683,0.0032707797761829874,0.005180800441740115,0.06987691216436762,0.0,0.00192573920264224,5.054971875747681e-08,0.00033518774803272845,0.3674065054292688,0.0019860025908491896,1.8978605985344485e-05,0.029250441539833916,1.5150709372108162e-05,0.20935716292337905,0.0419785205167911,0.3207746636942158,0.0005937927459094992,0.03680201409746757,0.1800080623317992,0.0,0.25069531382845933,0.0,0.09460465680310927,0.0001668925243184698,0.0,0.00016636280277555846,0.0,0.6493990328865787,0.15870457473435734,0.0034910766061724027,0.000832579040549297,0.021606204163616305,0.0,0.08774619947940648,0.12381216932564984,0.0,0.0006896008545404508,0.06212350426723617,0.002984083979897331,0.36859186590927534,0.0,0.0,0.3019117954320613,0.0017980287013238336,0.0,0.0,0.013780876674710951,0.01824369811612586,0.002011275749883624,0.002272423913368418,0.0,0.044360705896347996,0.0,0.8765192245582846,0.006191588371334128,9.637541580219313e-06,0.07204966757354272,0.0,0.009436501841919673,0.1923110607616734,0.0,0.2671177967310934,0.10668658539692513,0.0018215950130877345,0.0,0.0,0.18963859373788838,0.00730607712440659,0.00020282474858378946,0.14742326972508138,0.005182546877322225,0.0,0.14877427274094135,0.0,0.0,0.003187402049865451,0.0,0.012087316362544814,0.0,0.31789509982259784,0.19981165022782793,0.10803791641873152,0.0,0.18386014084667046,0.0,0.0,0.1672517525987215,0.08195756997560995,0.01005121993197346,0.010063363337149772,0.022808955520247125,0.017229248981441295,0.0007915864716023166,0.7438295654964318,0.11066114621403736,0.0,0.037111615030902906,0.06074956819351589,0.006862399900774058,0.0746278680329775,0.0,0.012302618875278972,0.034845619554157076,1.1351515547607879e-05,0.0,9.726013927402391e-05,0.03484366249792148,0.0,0.005612988367231647,0.0,0.30034288408726917,0.013113644907558097,0.001417095363140327,0.0035703516753917905,0.0023538910917703694,0.0,0.0,0.02979038774882129,0.0,0.0,0.03923498490768669,0.0,0.11487301666743271,0.02941812043964162,0.009897823493116548,0.010004501340682911,0.198905866340138,0.0,0.0,0.052313342575187605,0.0,0.00031591632595783176,0.030567677926079548,0.02543530696293488,0.06697457080712238,0.06528675790069338,0.0,0.3781727501880047,5.912686781554892e-06,0.025743658151040932,0.6208471381769124,0.10420063491214002,0.0005256484126307855,0.0,0.0,0.0,0.0,0.033507855090126375,0.002826555870888439,0.0,0.047421137070509656,0.0,0.2928789771771446,7.79287299744838e-05,0.4268265050410054,0.01202860855258539,0.036617953523216965,0.0062803618118496655,0.48022269127488976,0.0,0.00036869139932092527,0.004146135903482992,0.26257843799029035,0.0,0.00035302110479549625,0.04827017901505006,0.0009154018555855615,0.000985151901221011,2.1901566014668572e-05,0.0,0.0,0.0,1.228055368774814e-06,0.0,0.0,0.0,0.0,0.19869039394108307,659.8832514970544,0.82,8104.775477834047,219062.53919879673
-0.9474120856867665,-0.016830120640302787,0.22050869251791128,-0.9883117829183323,0.06305778741065189,-0.4441722887752305,0.09742192042760936,-0.9693750577851395,0.10741047510923216,0.09582631833861659,0.008255740967884652,0.21513986798954654,0.00037728998055926166,0.925015679977122,0.0088567723379796,0.556407675586206,0.5296917970347018,0.4605380354908591,0.4122785837639189,0.13001476408143395,0.07522513739898709,0.09847270662464583,0.000773541939108576,0.24695967683134756,0.3497299697166186,0.00032577431167515013,0.009462886818275763,0.5450323407242927,0.001888062629442089,0.02209731014189653,0.11134984053478625,0.0166876420354278,0.015106219139671195,0.03900300389481315,0.18563340823728344,0.5249851112120791,0.01643513958882182,0.08641904031383058,0.036914779796545366,0.47300692903469477,0.377332400757154,0.0017475014276891257,0.02481582565734319,0.0019147774115145684,0.007392794667429,0.008896929503332596,0.9350361642585272,0.01339248165682281,0.3846250734334019,0.0243286249361144,0.08073923354189402,0.057341446191458256,0.41507024053436326,1.5013198884416992e-05,0.020969207222990505,0.2836661871283858,0.046608924461697954,0.0539207197837426,0.25800643608031704,0.04032673135263316,0.003368366151393843,0.49785092290691835,0.0016620029808241954,0.15014269966883567,0.013152192402238652,0.18970196749868645,0.20844699718872564,0.01025452632995473,0.010512789765835473,0.5525085518856562,0.0004879208075201126,0.008795203202275738,0.06278803851547488,0.025075414134199815,0.05368197011568038,0.02239743567327777,0.0002960207545263105,0.05198403463642132,0.061883431924936394,0.346567977808397,0.9741740707953708,0.6470087191194273,0.01055974096634935,0.13469703387456142,0.15826708342180057,0.00881518568303763,0.42901244709588826,1.986401139144719e-06,0.058413494143666755,0.06857166519456348,0.22172984513678812,0.033080792531143766,0.00029810163389341936,0.6671124524814015,0.4263341484219495,0.416217919514209,0.2670753661655817,0.45667538261049556,0.09030624362687038,0.48918416891465066,0.4692853012464226,1.0450941729593792e-05,0.03079009508839456,0.17397082590164567,0.03369826040276208,0.7448379034624886,0.15251654404132764,0.22942094496426732,0.6602303495894086,0.12081502724170932,0.31264505153152433,0.0038764720620156692,0.11382491429797793,0.9402119589898352,0.018377213696487926,0.03266214320154549,0.0,0.19432219607569182,1.0757109873994606e-05,0.16268859091560528,0.21542768305869317,0.00582576990700763,0.17476165589032772,0.7589904293543704,0.0842588616638602,0.21235086688906657,0.024206527316384757,0.4214292893497252,0.04578787187859104,0.10817469141793501,1.3643685718938803e-06,0.017546405530660444,0.4242042051013563,0.28362064442928764,0.006470315547456945,0.4245299811381736,0.5033244521569028,0.08523487194838902,0.14546349555480892,0.017936849179416764,5.104005613639265e-05,0.29511348216282063,5.422857142169156e-05,0.019739500680323208,0.04557041206422942,0.7034437960563261,0.18951638727334164,0.5071182679055989,0.005954759330645452,0.43289433792829407,0.0179976439790204,0.00026165060706959597,0.3418204858429731,0.48854176483860223,0.003395274732015563,0.9770172497577896,0.08009289141064535,0.011901296134540551,0.490749223251832,0.0027994730104155714,0.1805144137745588,0.0020886270530015723,0.036799160399128894,0.05842759524404181,0.590298574080623,0.408314678518198,0.0016538919517309347,0.03386664267352577,0.0014948904061561352,0.8809748763539801,0.06154555749217914,0.1826271548583516,0.5269170250187778,2.273879180923063e-06,0.6367423586344927,1.796431359493781e-05,0.27585935419505664,0.493308363513159,0.3575909682603571,0.018278115973910117,0.2259708685255421,0.0005061209711997999,0.08141332148175437,0.0038184470058198437,0.0001258574399475652,0.020280971225275116,0.26458780096292484,0.0012385195193625066,0.894127273010962,0.13809039393205558,0.3270181219876867,0.20012351901131178,0.2208923919557698,0.019689518348696495,0.5289767849008771,0.015265860597968445,0.0013452939983021606,0.031079281033664252,0.17719275397863998,0.05207470786419998,0.42973232645596177,0.9830920989955005,0.07328828848874475,0.21523881587026913,0.0634743774605386,0.31098507465007896,0.6761085127012354,0.009574644657201342,0.8775983529838758,0.04115430211651827,0.011920107222662152,0.31309876214757604,0.0013186923304128377,0.0004239108351258465,0.12825963169822352,0.018581449683769846,0.039095149166336655,0.06289421312391236,0.3174473863981522,0.07833455389317065,0.4808847972090096,0.03585768500982743,0.2182355460387435,0.044512791147384406,0.10416714763758776,0.03772342656491895,0.5450118066169236,0.14998158971083309,0.25105849653556167,0.02012665477301484,5.189990394701132e-06,0.3235618226751617,0.0011898136839981754,0.6733228289395843,0.07301484989370624,0.03895121296348841,0.8315449106521099,0.01655038609598824,0.057401208634197495,0.035588275435228696,7.160187609210318e-06,0.0004909285005030698,4.268328757110638e-06,0.44120338326189956,659.9025343698165,0.74,10826.069735555382,201401.90470873172
-1.0,-0.01847170000737007,-0.7835528769179264,-1.0,0.060123499434205564,-0.9688823494661477,-0.06802183908245389,-1.0,0.0,0.01064023350556309,0.033053833533908616,0.12932044115113983,0.000620689235472244,0.0,0.04064278734933417,0.1665669018066369,0.587853565697201,0.0122275961749099,0.006767363870712112,0.0018602288333010495,0.0,0.0069604233367896035,0.0,0.0340483321090795,0.0005234045810214262,0.0,0.0004060213017071779,0.37380080514994884,0.0,0.0,0.020021062254375194,0.005715565844952253,0.02405289296603419,0.0014317698565058518,0.10956770311848232,0.0,0.0003576902940083534,0.002443978849982209,0.03439003776376842,0.48551367352630864,0.0,3.112174753479858e-05,0.019941363657260038,0.5204368409114006,5.178491394287969e-08,0.28716414548325836,0.509855411841106,0.10346477358831593,0.26038568892172465,0.012743214039777224,0.0,9.154099003699947e-07,0.5203108688561939,0.0,0.0,0.0,0.0033919254184944098,0.008068372083398726,0.0,0.05795187591778143,0.0,0.0,3.113711590183618e-05,0.08233237753120133,0.008035309235935664,0.10240119027693406,0.1815102950242379,0.0032707797761829874,0.005180800441740115,0.06987691216436762,0.0,0.00192573920264224,5.054971875747681e-08,0.00033518774803272845,0.3673526777376269,0.0019860025908491896,1.8978605985344485e-05,0.028912098045140763,1.5150709372108162e-05,0.20935716292337905,0.0419785205167911,0.32109572303475253,0.0005923193992967925,0.03680201409746757,0.17698052136666348,0.0,0.25069531382845933,0.0,0.09460465680310927,0.0001668925243184698,0.0,0.00016636280277555846,0.0,0.6493990328865787,0.15870457473435734,0.0034910766061724027,0.000832579040549297,0.021606204163616305,0.0,0.08774619947940648,0.12381216932564984,0.0,0.0006896008545404508,0.06212350426723617,0.002984083979897331,0.3416110074940046,0.0,0.0,0.3019117954320613,0.0017980287013238336,0.0,0.0,0.013780876674710951,0.01824369811612586,0.002011275749883624,0.002272423913368418,0.0,0.044360705896347996,0.0,0.8734331563317878,0.04522047581835684,9.637541580219313e-06,0.07204966757354272,0.0,0.003241680484771852,0.1923110607616734,0.0,0.26347247532865953,0.10668658539692513,0.0018215950130877345,0.0,0.0,0.18963859373788838,0.00730607712440659,0.00020282474858378946,0.14377187897753052,0.005182546877322225,0.0,0.14877427274094135,0.0,0.0,0.003187402049865451,0.0,0.012087316362544814,0.0,0.31789509982259784,0.19981165022782793,0.10787863298906232,0.0,0.1659079215394697,0.0,0.0,0.1672517525987215,0.08195756997560995,0.010087532310800902,0.010063363337149772,0.02327363266713792,0.01813411596314614,0.0007915864716023166,0.7438295654964318,0.11066114621403736,0.0,0.037111615030902906,0.0171438747896946,0.006862399900774058,0.0746278680329775,0.0,0.0020613161976257167,0.034845619554157076,1.1351515547607879e-05,0.0,9.726013927402391e-05,0.0018547119846442153,0.0,0.005612988367231647,0.0,0.30034288408726917,0.004251200496682825,0.001417095363140327,0.0035703516753917905,0.0023538910917703694,0.0,0.0,0.029946742281468246,0.0,0.0,0.03923498490768669,0.0,0.11487301666743271,0.02941812043964162,0.009897823493116548,0.010004501340682911,0.198905866340138,0.0,0.0,0.052313342575187605,0.0,2.3249592620925295e-06,0.030567472000421318,0.02543530696293488,0.06697457080712238,0.06527890182617203,0.0,0.384738455982948,5.912686781554892e-06,0.025743658151040932,0.6208471381769124,0.10420063491214002,0.0005256484126307855,0.0,0.0,0.0,0.0,0.033507855090126375,0.002826555870888439,0.0,0.047421137070509656,0.0,0.2928789771771446,7.79287299744838e-05,0.4268265050410054,0.01202860855258539,0.036617953523216965,0.0062803618118496655,0.4825536859777881,0.0,0.00036869139932092527,0.003862270981392785,0.26257843799029035,0.0,0.00035302110479549625,0.04827017901505006,0.0009154018555855615,0.000985151901221011,2.1901566014668572e-05,0.0,0.0,0.0,1.228055368774814e-06,0.0,0.0,0.0,0.0,0.19869039394108307,659.8834304574747,0.82,8182.804994553042,219046.20097285497
-0.975900116058812,-0.01847170000737007,0.9928028448076223,-0.9806899427824077,0.06442273681513298,-0.4470996282726491,0.05791067650419457,-0.9970733046847564,6.304044754546781e-07,0.01064023350556309,0.033053833533908616,0.12932044115113983,0.026399909984619153,0.0,0.04064278734933417,0.1665669018066369,0.587853565697201,0.0122275961749099,0.01482698795512083,0.00586414038306541,1.04582078774354e-05,0.0069752928330082805,1.359941518817881e-06,0.0340483321090795,0.0005234045810214262,0.0,0.000324017331826066,0.37380080514994884,0.0,0.011945683498221615,0.020021062254375194,0.005467915015933241,0.02405289296603419,0.0014317698565058518,0.10956770311848232,6.562982095933978e-05,0.0003576902940083534,0.007518815512706556,0.03439003776376842,0.48551367352630864,0.0,0.010667925187695606,0.019941363657260038,0.5204368409114006,5.178491394287969e-08,0.28716414548325836,0.509855411841106,0.10599749234789459,0.26038568892172465,0.012743214039777224,0.0,9.154099003699947e-07,0.5203108688561939,0.0,0.0,1.2042547364576195e-07,0.0033919254184944098,0.1502831545534139,1.1312021230363255e-06,0.05795187591778143,0.0,0.0,4.019243291516431e-05,0.08233237753120133,0.10621466963195367,0.10240119027693406,0.1836174196947161,0.003514802458535138,0.005180800441740115,0.06987691216436762,8.4994826138969e-11,0.00192573920264224,5.054971875747681e-08,0.00033518774803272845,0.36916502718497285,0.0019860025908491896,0.003421169864797362,0.3064382396201102,0.32179873945512416,0.9406312925193688,0.0419785205167911,0.32109572303475253,0.0005923193992967925,0.03680201409746757,0.17698052136666348,0.0,0.4708861852529622,4.4025963884819355e-07,0.09460465680310927,0.00015545433353749728,0.0,0.00016636280277555846,0.0,0.6493990328865787,0.9668120497334591,0.0035636961907596076,0.000832579040549297,0.020440656250236895,0.0,0.08774619947940648,0.1070185066950512,0.0,0.025075717099109718,0.06212350426723617,0.17565226565368852,0.571877928570891,0.0,0.0,0.3019117954320613,0.12629811714991285,0.0,0.0,0.013780876674710951,0.01824369811612586,0.025499460057037848,0.0020155328012829493,0.0,0.5694665992831964,0.0,0.8734331563317878,0.4958808623013782,9.637541580219313e-06,0.07204966757354272,0.0,0.08465472865968027,0.1923110607616734,0.0,0.26347247532865953,0.10668658539692513,0.0018215950130877345,0.0003142166301096051,2.033444481134533e-08,0.4592027666074311,0.00730607712440659,0.00020282474858378946,0.14377187897753052,0.005182546877322225,0.0,0.17333655203620724,0.0,8.423946507249471e-10,0.28556952756967235,0.02366057392547788,0.019815248472798447,0.0,0.31789509982259784,0.19981165022782793,0.10860275801197722,0.0013488868157260163,0.1659079215394697,0.0003889560216318725,0.0007187205750958979,0.1672517525987215,0.08195756997560995,0.010087532310800902,0.010063363337149772,0.02321678292153743,0.01813411596314614,0.2574432427445922,0.7438295654964318,0.11066114621403736,0.0,0.16083804837840088,0.0171438747896946,0.019416728406654017,0.0746278680329775,0.0,0.0020613161976257167,0.034845619554157076,1.1351515547607879e-05,0.00118114065920015,0.010763071448209496,0.0018547119846442153,0.0,0.005612988367231647,0.0,0.30034288408726917,0.0037519175317137637,0.03226585920729668,0.004017217020782483,0.0023538910917703694,0.0,0.0,0.029946742281468246,0.0,7.071999597833536e-08,0.03923498490768669,0.0,0.11487301666743271,0.028151348026334844,0.009897823493116548,0.010004501340682911,0.198905866340138,0.0,0.0,0.034126380892098906,0.0,0.022341134068657148,0.030567472000421318,0.026130525756170326,0.4770802097377751,0.06527890182617203,2.289729433168866e-05,0.384738455982948,0.28488328261860074,0.025743658151040932,0.6208471381769124,0.10420063491214002,0.0005256484126307855,0.0,0.0005825979391814824,0.0,0.0,0.03468103733085846,0.1033048500504824,0.00030048758640741546,0.047421137070509656,0.0,0.2928789771771446,7.79287299744838e-05,0.4268265050410054,0.9790949113936915,0.03896340084718711,0.006286488630491191,0.4825536859777881,0.0,0.00036869139932092527,0.022393109743706875,0.5378200954980901,0.0,0.028163519424425312,0.05113743314239158,0.0009154018555855615,0.000985151901221011,2.1901566014668572e-05,1.2268908901736255e-06,0.0,0.0,4.102804207701649e-06,0.0,0.0,0.0,0.0,0.19869039394108307,659.884604308882,0.82,8308.906779368248,218579.633268764
-1.0,-0.020141308430874087,-0.3611660976721294,-0.9456515005828297,0.06242777550340742,-0.9521001301834915,0.015062149369245343,-1.0,0.005797772051669189,0.010943658197258845,0.10603607739503855,0.23457512772910516,0.0,0.7277857084411151,0.0348868793627259,0.16384430521616217,0.23065633054954449,0.0,0.28102369290239887,0.044623072527374234,0.01505310298909836,0.0856053365012384,0.0,0.057298236511569296,0.0,0.0,0.0,0.3973948932377956,0.0,0.5929935156961428,0.006274663768295316,0.003585290202624819,0.0,0.14249748071016888,0.0,0.0,0.005845516572951495,0.0985807132643213,0.1777065743940704,0.04016049027042615,0.031228447955151954,0.01719764462437384,0.010534496106591313,0.0,0.0,0.02519815750176732,0.8180129884318968,0.007411480883468672,0.5770684879493863,0.0,0.006665447388311147,0.0,0.4343118510768752,0.0,0.0219388249662859,0.006137537518662972,0.04327894171747374,0.0,0.0,0.04716401371191883,0.0,0.07003943935104942,0.0,0.13563084524872418,0.07933784945305256,0.007813950748083519,0.00034268223027534434,0.03023486827996051,0.02045551189644082,0.045317540918067965,0.0,0.0,0.05578958237164539,0.0,0.0,0.0016012043198162943,0.0,0.0,0.7340730959852564,0.0,0.5330794985018521,0.0,0.02169607764973917,0.04846158769433018,0.19782941528483305,0.019962089206312726,0.20624405648326882,0.0,0.09327053395551939,0.0,0.006780108386110824,0.2643307389337905,0.0,0.7047417234921086,0.4178103430098207,0.015636183987605468,0.24041107743892084,0.0754223070934828,0.0,0.08252089981370879,0.28922306454307767,0.0014396961828845578,0.013646370406470648,0.17792629283430603,0.0,0.3357666933795933,0.0,0.0,0.0,0.009247377694243407,0.0,0.0,0.12591837527792096,0.017921220092690187,0.9672207444730845,0.03585087016389408,0.0,0.42738383023042065,0.0,0.0,0.08584118513818673,0.0,0.1691183469680755,0.7437233542692888,0.009693345289763693,0.1818605858082094,0.42975346162623806,0.24882020167694038,0.08490720620833826,0.012137866287129343,0.0,0.0,0.4121610413843765,0.44541329608544517,0.0,0.3426400608481842,0.0,0.0,0.004714204120433047,0.0,0.0,0.0,0.0,0.0,0.6374541933850402,0.38611158651213373,0.42663842848063177,0.03979177865823469,0.0,0.04961438740322195,0.005982990131328553,0.0,0.1978634243599903,0.006612979642476961,0.0217833845761415,0.9866018058521039,0.0748706610692646,0.0,0.0,0.6349740531313971,0.0,0.013902922940523246,0.36340121477460136,0.04171079706611208,0.7041965047099924,0.5512326801762176,0.0,0.0,0.0,0.0036292842705826778,0.03704152439296548,0.0,0.546687888182103,0.00022878569928655413,0.02810722913241583,0.00564820460420463,0.2996521258781134,0.006248422794042918,0.7079038289439418,0.0,0.003721799652678607,0.0,0.0,0.024665663233883767,0.0,0.0,0.009354014402216337,0.0,0.021141130264507937,0.02201002493008046,0.3461272503910155,0.19906536453617166,0.3308961608993779,0.001474332287135973,0.0,0.3716670590498331,0.0,0.01808781183648457,0.006143882543391748,0.0,0.5943978843465164,0.019106187836060173,0.8540489628536476,0.03611745967690333,0.012361608808677765,0.3314956649942326,0.6413394126008134,0.01576269671204297,0.0,0.04147827902255884,0.05645776658112865,0.0,0.0,0.03198297182616581,0.05596385140094756,0.0,0.015693834561569447,0.0,0.016135610076618727,0.0,0.4296327312092067,0.0,0.0,0.31979859779848707,0.2085924440369863,0.0,0.0,0.0,0.39953079810129716,0.002296650767196899,0.0,0.3677179197489683,0.0,0.0,0.07212527188853145,0.1309730605710102,0.0,0.003555935243716277,0.04304957601140972,0.026816426399659508,0.0,0.0,0.0,0.21901098748067865,659.8950123770106,0.78,10438.434713195758,207792.30400382046
0.23757068200054599,0.08528877148657296,0.21318981151636987,-0.9411188561313474,0.16854764069377765,-0.9586984883768096,-0.017759217918389164,0.17851064675923145,0.1143853115000636,0.1250251826698986,0.14160748549157084,0.2552173537379838,0.002702627237506989,0.9885292283764963,0.06455774619499122,0.3199877814260394,0.07129097023559225,0.0006561584946693511,0.49087137950819554,0.049966566984518734,0.0049392226775476855,0.28267625068848656,0.0018427981728627585,0.15874764551286114,0.0013362557131820392,3.3778072844744492e-06,0.13240286640454457,0.5462485552648656,0.0,0.013640265179508643,0.5653325661567536,0.002369843108206905,0.007544987226995948,0.11641876648172422,0.208679887388549,0.0038856259028368922,0.006200598623940477,0.699240259213205,0.4529464816591681,0.7102618664739548,0.0033503600119140775,0.7024179357880322,0.024521797875922458,0.0005888674356839055,5.448223801092587e-05,0.1490726270727861,0.8219641702801448,0.029435947422681664,0.38088215005183057,0.005275794374250881,0.059222091839089976,0.0011320481084175701,0.549076402829624,0.00035063288610305055,0.05534376412192582,0.2615292195465338,0.008055534897052009,0.0018628381996147123,0.24886765673641603,0.05400280870806596,0.03140984287490682,0.9705712373768858,6.941542745206308e-05,0.13071055475079643,0.053769844146362544,0.5187057961482529,0.13029870285134315,0.21165643742189746,0.5598360365825772,0.5329434505595809,0.004665138045593931,0.0034125320859415345,0.0072932925204533434,0.006824486353910836,0.9833975609238315,0.016853045149698417,0.0012443887420781896,0.001920443306767397,0.7601666852226039,0.8991200160773404,0.8996119886671039,0.05859232587876226,0.004708093609844144,0.22072317169703626,0.3494006861729064,0.07596737754126558,0.23945726718585902,0.15167277719704564,0.09228158209347093,0.0,0.10747159604277189,0.8880086297507614,0.03799570001499088,0.6389286169679849,0.5319759801858485,0.45052461164772134,0.0157747561325582,0.4534048901641682,0.0007948038209095315,0.0934518369360545,0.4836330387663984,5.926952250034586e-07,0.03872627810136997,0.17375812489995912,0.014541810492330665,0.7107288359547412,0.045524072637860416,0.000303118143559026,0.30098394732342504,0.20048634942151788,0.010157957577809767,0.003169112365058476,0.11001268497891006,0.8838677081140518,0.45990749794156716,0.051231651816270526,0.04808377908432055,0.33204799493765796,0.07704498105434074,0.9176746996379834,0.02651479255667362,0.07315859210538561,0.5205677281485592,0.001225076720456575,0.16986518434217512,0.5712296973909083,0.021974384561214144,0.1805118898935108,0.1115385490154861,0.7610375177078738,0.2724041093801865,0.07103062818132154,0.19993862927483944,0.6011768170079141,0.5208009082864901,0.34929958242397025,0.01725660759509565,0.012687818688712105,0.16855916334661453,0.4069992976845779,0.6353574285223482,0.010790107660927112,0.0028243859256344567,0.02873021848487067,0.2652033567741703,0.7129695600436021,0.43227398830923053,0.02588271375769729,0.05281681810837037,0.427553322902456,0.0008496996666821211,0.8359996611550748,0.20047698371100714,0.07537878352416164,0.25517316033460574,0.9966486970494691,0.06456207778762121,0.0,0.046848109540665525,0.009625293916242228,0.29343879171752957,0.009580288339362975,0.1886722555511997,0.56995968234014,0.620387236210428,0.40145239168083485,0.005372457936233092,0.012022087967130796,0.25694852844669636,0.9543949977416468,0.05849549949484931,0.010281467031795485,0.6921467757509914,2.4819576027608866e-06,0.07411901876633314,0.0010031001503026922,0.8066574154119506,0.9338632907204423,0.839804176941827,0.6260615041698954,0.001139483263143401,0.021235303641798604,0.9149562198867136,0.09309623478689218,6.103736108399298e-07,0.0015591865852560421,0.2608944022633868,0.0024338652046562576,0.15822336059019465,0.9051770540320403,0.4401119111404508,0.08116996100258586,0.317790470452892,0.03102940160642409,0.3484347964249145,0.01006730037931219,0.0013264669481388202,0.0364240706180613,0.15047048375566716,0.07392993101995382,0.6717283798878025,0.06590864419169618,0.055628693609257984,0.5098035291848471,0.001546944945660149,0.4759908770354993,0.6905629069537957,0.1633610356350363,0.04741612299829362,0.03826022950923817,0.6092281721274969,0.32442086757032823,0.013616398482548628,0.034014280111624176,0.004764947012206221,0.0007063218058451781,0.002719836100751806,0.06664448052348876,0.23955671672723455,0.042784720286521825,0.47106347507734675,0.9523160149899601,0.13825257940819352,0.3129120614822141,0.030313343335630086,0.20538332010743954,0.6225697752630754,0.16396391446881348,0.24069413118682578,0.0005308791246566378,0.0002662951939247796,0.3073553747011829,0.006269858670088315,0.008731695310695453,0.16880371394956628,0.9151738018341052,0.005287819390412507,0.002222215164952579,0.410242953679693,0.03712294256669037,0.001792252006630926,0.004136662250513548,0.0,0.9122729921618287,660.041489380445,0.7,10920.197684134373,17004.89696432259
0.2606304325261695,-0.026491039638654214,0.1977092061277041,-0.9985986327361791,0.028138200689728776,-0.6124473357487489,0.09405148984184863,-0.997421151899035,0.10542536108232119,0.09138125531684393,0.04552426403782706,0.19231745324241142,0.024067414919125053,0.925015679977122,0.0017832566403622983,0.5429904401697099,0.5109576851038173,0.011674655614373669,0.36173378236545395,0.08360445587036097,0.005642169588334814,0.011879199308088183,4.307719033663218e-05,0.04065324821215506,0.013831285533643815,4.2578864672661484e-08,0.0022299729522950607,0.39138887852008575,0.00203710013693447,0.6691554503388275,0.9527517292017029,0.009097624539483979,0.006521427655616095,0.7537466763162484,0.007946189337737289,0.03682838155053082,0.07225266538491337,0.10422876600981901,0.39589455739580076,0.4712708991029947,0.042456440365001236,0.05064944352418054,0.013207016650530135,0.0011156908759413775,0.0044747811774826654,0.022727064686167985,0.020000558924563927,0.09851443718326933,0.2630350728454167,0.0038703822800843207,0.08073923354189402,0.059814451618292186,0.4467489401126845,8.20636825253733e-05,0.01886811953565961,0.2932469146385693,0.001259055335366275,0.04362999933388037,0.00023829309274779088,0.07269028318743206,0.011607182931357903,0.9692922788401106,0.021747969254364855,0.06874996521634998,0.013336779634454288,0.32264775211853797,0.24714474097118982,0.005500663286056029,0.3683568131903055,0.7472916865971682,0.9544436129164329,0.0010744292780628453,0.0479958380774919,0.007692652851520758,0.05575929848739543,0.022344126670513463,0.008502206951362671,0.687814354695939,0.7241372701059954,0.5356468321998162,0.9094688889997877,0.6688122542550228,0.010449501323511972,0.1361174288368201,0.007852875701728657,0.03228900817296175,0.2366701662909767,1.6373550948518443e-05,0.09275185045243757,0.000480158041949362,0.21671931483686568,0.3039360964193183,1.697681106689673e-05,0.6916235236000772,0.42015761290868736,0.40567354259483523,0.2629734679877638,0.3356220270675838,0.0010308836355281438,0.4891853265874318,0.25003312244998227,0.0004291105827199267,0.026650621594561948,0.09600648547196125,7.818016575045217e-05,0.13717234494876202,0.006120764357321978,0.0052240674419288665,0.35597706874054863,0.0063812862216768435,0.0006591238207967864,0.00035008131611362207,0.02776398020905714,0.9208406034058839,0.9252311087901753,0.058534268053392235,0.0,0.1950223953418635,0.0012780209094879758,0.9710030769877726,0.06755849082820771,0.0009053288263714786,0.20451916108228654,0.05046219404487702,0.003885868105272021,0.20974754641471757,5.33083685173984e-05,0.4204461102446722,0.18203358506505551,2.328734332597039e-05,0.0030378325548945347,0.006677628024407618,0.4310779243019382,0.006541609444953522,0.5106104002374534,0.15826242628707327,0.03350406828239744,0.03908786725117891,0.8913385599806258,0.00016310733323306588,0.07522902061102998,0.2958174162337295,0.00013723004155747633,0.0410062579913432,0.0012767303497883166,0.438548023456861,0.39722751290206465,0.5192110233065875,0.00012991195588890917,0.379690079743399,0.15243299412077976,2.9396860305105866e-05,0.34635560561527345,0.48854176483860223,0.20694058891478076,0.21884329874662023,0.040370588219114295,0.031037254037633952,0.2340854236780285,0.04673321304999709,0.02088027386488909,0.0010499590956751298,0.35462338997915116,0.06913656985962854,0.6596466102978209,0.34512902168141346,0.3923549946534775,0.03479599095069535,0.027079245999529267,0.025125514512422207,0.0008707967321152123,0.1463175171967065,0.02018305686888183,2.1856017341830095e-06,0.017791858670776158,3.3183532547793198e-06,0.29986964828745855,0.3144803097356676,0.069046796676563,0.015624949801074373,0.05940988898402199,0.13422023276234668,0.08739326094876836,0.0012368967454273235,2.045822889578701e-06,0.000727968083160252,0.26447451489634993,9.108877787484355e-05,0.817080896567121,0.10596451180548387,0.34645625160214555,0.014939567116474772,0.1910188493519978,0.003670403932421688,0.1314482349395395,0.1620334936631343,1.8836269992371553e-05,0.0009532983111162525,0.030280959712626628,0.05185822610030852,0.09473249282905916,0.036982288686208634,0.029620264157671557,0.03158882830007495,0.010400852333340871,0.4556869272164001,4.3992092727429544e-05,0.11035793849813802,0.007586730052821736,0.0007307257874479379,0.05149486718531492,0.02349358528669418,7.00266015385335e-05,0.03813287457830324,0.09765496404425103,0.3956758581170283,0.030119957587124147,0.06232211157728887,0.03448515840481624,0.004149786860644275,0.47491622170882974,0.8091593226606867,0.02369512111261987,0.0029442761987592513,0.4615797795226758,0.00035338776882281415,0.01787318180991279,0.09935044834158535,0.2506813991601145,0.3828302685585056,2.0529020851756553e-06,0.0032960875573475185,8.036917551249283e-05,0.03662786740649667,0.0720226098455354,0.9418441568534277,0.007369085761583627,8.583806200308103e-05,0.036962366237520326,0.12873471191357477,0.0016996526030363772,5.285886625878931e-06,3.3979394137309545e-06,0.31717173455533026,659.902404826154,0.78,11065.117545698318,49394.98008376214
0.2353307331498194,0.045535721949933015,-0.08717604032919973,0.7481786539147686,0.049491506390283685,-0.9080928522843352,0.0890281716352691,-0.9668625428517442,0.11911138404009378,0.1096852390245739,0.0029430421870851042,0.23172260666258043,0.0005282715089489155,0.9515275537048329,0.0002622807797868637,0.1828313024170039,0.4849527993605875,0.17653940777345423,0.42493791874176295,0.05188616318108623,0.005493203060842495,0.7126624425213437,0.04243838793682503,0.6686946114679668,0.0006155854771407454,0.0002074517683797874,0.10687392954185626,0.3790714226583077,0.0010329399332502133,0.003036489729889709,0.1421137623355111,0.0007886541695587938,0.0027302287468914666,8.225055753906696e-05,0.010572195216604782,0.06396235089939133,0.9070114379098079,0.08581297265081288,0.009868561184380231,0.056231637815242624,0.03697913861386139,1.8260724377248266e-05,0.0015786831557109042,0.0032888590095352657,0.0011095536100929405,0.03109789110034361,0.9791992370122004,0.036113659197863926,0.05689326896820736,0.26603533548080127,0.0010649456759766523,0.04011307082215394,0.8065387501295446,0.28299387251741237,0.19157005576295255,0.02383896273462697,0.5246315532527117,0.9183294884294415,0.2145410639039565,0.07616896030465803,0.01275845157842928,0.010558338739001749,0.42369739300637493,0.11516913856296994,0.005522887947245491,0.21546070509912796,0.17706171478720778,0.18713518055434844,0.3087369323474026,0.10235308048191605,0.0009327739833223016,0.0146547103993738,0.011286024131261079,0.04388118533170458,0.956902071951969,0.0142185401077693,0.24904313433737024,0.037900193530594095,0.3020816721341469,0.7574638479268231,0.9130715729496467,0.027091627966704,0.003800300204027038,0.008359247661114594,0.3418898618351434,0.025654997906184196,0.9319957996612213,0.0012448239218853653,0.09280207951318832,0.0011691785610192318,0.6471068981973422,0.3641520664838309,0.08763731933549107,0.6932385187866361,0.6515233823063804,0.41492435608731526,0.26316207513020307,0.24996489377026526,0.007690800389631637,0.12402230731967705,0.2736008525405922,1.2434767206898078e-06,0.020242279571646562,0.17094699893541293,0.015011132006145993,0.8114393759532079,0.15572498751849334,0.002684922691457786,0.10354422298118637,0.0017803335843940976,0.0017742359889683802,0.00628072334077074,0.034055891323928555,0.00464174156300101,0.6592817392731058,0.028025836711825555,2.6398776942543586e-06,0.30686312258233617,0.002658081430881077,0.0224992103506057,0.227836514734202,0.004429495564609191,0.2829617581690424,0.6681639641614654,0.010226602866493578,0.19021221905942987,0.058325540335184715,0.4242128768202078,0.4993529598177362,0.007665622099983671,7.123348367001593e-06,0.8842234475160116,0.34287689752464945,0.3433621627405476,0.32415126427727986,0.5290038992876048,0.006273586975191426,0.07841590641585197,0.3658435757205719,0.043119274523520316,0.6711875948854754,0.010808126459880623,8.597593949771992e-06,0.07177194182473456,0.6304565880366901,0.3879105979171237,0.12904179114415604,0.4715556601080675,0.005523060243119446,0.24258306895931572,0.07816761066426714,0.003891916702586151,0.33416594053038307,0.46411173927066585,0.20562475470437563,0.029723504150745206,0.06443974989057821,0.0032178017178151608,0.5765361475523494,0.02826092012700826,0.5503919633469904,0.00017374576108078653,0.814198976530357,0.03227107946278171,0.036185165246273326,0.9705488766232293,0.0016461403338212863,0.09598513337294755,0.8325998890167297,2.097074684159067e-05,0.03573930771939998,0.0008274835436164795,0.011357038787395302,8.076895072206833e-05,0.06793214244511822,0.26771577026421006,0.7199197412315834,0.9707112701524387,0.23672720226552313,0.005206748599453859,0.045633086270482515,0.0003197493391397941,0.0006267756147408828,0.09189407181059812,1.7617200341570743e-05,0.019252135265610253,0.37553298043865285,0.00017057733772744626,0.029919129420946614,0.12224816706115976,0.3446243908275082,0.09709820159880235,0.22722842057774983,0.02034305150719658,0.0036600208846063543,0.0011602310301107172,0.006164626358552763,0.09714974627823436,0.22238256110285176,0.05126258559024628,0.07284221595380758,0.004023172508752867,0.3357528552647422,0.23358098613771622,0.06330102678514224,0.48919950746742097,0.6746049607709846,0.014158048466009859,0.3550589767428679,0.0031549822800564856,0.21560906812997438,0.27209505689625235,0.001269598176801912,0.036141981662569045,0.003911321352911455,0.0024474149741817762,0.06816258028467106,0.14052037062909478,0.28795944461273176,0.006392202800812612,0.7521048938010191,0.40697079839531614,0.06640372773533113,0.04316210997143763,0.5972624904419153,0.05967990393408412,0.00018785794304412157,0.11303288412336235,0.24253837217213411,0.05007148790935209,2.2835972832426657e-06,0.016384037491038658,0.0059263827319844505,0.6994868015238875,0.04060944808072371,0.009980770486642367,0.02081538720956133,0.015145292864471471,0.044924713699894134,0.03976785632757816,0.00042585799663290346,0.0015970922713009349,0.00017055711404240052,0.4298473760174173,659.9238354573317,0.7,10906.756095858727,32649.927740626415
0.12241043846742337,-0.019466002895246703,0.08480232402037036,-0.8049317629922748,0.011616660841085091,-0.9644037858614206,0.12380261820301397,-0.9994478243609496,0.11164683671780846,0.045427472618485676,0.07034416957337117,0.29915486870580343,0.05004649087753785,0.9390330566151326,0.08189839378679314,0.15725149320020204,0.22747818551711582,0.07383382777870855,0.25349916921351473,0.003544039396483463,0.017561077181179177,0.011062554928292764,4.574669967107731e-05,0.04080864502240137,0.3348141816143689,4.2259794292629746e-05,0.22481970883305163,0.05603971329758178,0.0014618428427234016,0.4068712432250995,0.5592524256205582,0.017806484667422944,6.667838680289757e-05,0.06831843798504537,0.004869348545516003,0.0059110893742641,0.016474300570661835,0.03272987557915946,0.0309523174290904,0.3647329507167809,0.0,0.0013177086417243689,0.011462792562368138,0.0,0.023656813733544786,0.32722409273039527,0.757336321731024,0.015548257249527391,0.2016521025706725,0.010720750624543474,0.02190047992837316,0.03410262380583451,0.036974917719026286,0.003508317211667185,0.001644584433444462,0.2769348922348071,0.022032413423784137,0.05297560436848733,0.0012672276939990068,0.012256612688675589,0.05822894173713656,0.5102269775469623,0.07253157137394158,0.042866540581472566,0.0017741407727877223,0.3184859419670787,0.11151263439803988,0.21161319866913622,0.26661838661314097,0.6012321240453092,0.03666685028027864,0.0,0.18648796878637292,0.15925449259733568,0.3532668081413638,0.07812397118875948,0.0001818946254403287,0.03839128744079176,0.0008869642758306904,0.7508215766284665,0.406787650094413,0.46323895921649055,0.0019474441643326304,0.13503205018168937,0.009346249556864153,0.00881518568303763,0.20664815508382245,0.16882532254908458,0.03314703086657281,0.004868421742736433,0.22990643796952911,0.0,0.008328159328137484,0.5944011731787707,0.0,0.41647131700757317,6.344690320700397e-05,0.29357119843996055,0.005346370696419932,0.002096606111060051,0.15968291793973277,3.5805911049478155e-06,0.027256124220267353,0.1727063614237208,0.003574354820462533,0.7181612865597271,0.007059825390760832,0.0002191924573209132,0.00549350964784988,0.10569226762338686,0.29423399676915113,0.10188516229788613,0.12325832398148032,0.0006214878394472309,0.3753802918796695,0.031279963246373506,0.0,0.4804093808369346,0.023795358185111463,0.6282368715530482,0.1009077258599909,0.24598080080843338,0.009196708675803023,0.32190611718566575,0.007066965340612694,0.19635477765591264,0.027989547681499742,0.0002921942682199974,0.4939024860369954,0.00022730616662907667,0.0030317828441540455,5.308492404064013e-06,0.40246238568437454,0.0,0.5399032994380617,0.5067208542347749,0.3699574561401145,0.0008590906256376631,0.015572084649409124,6.334379688240576e-05,0.6768733862422742,0.005646740797676232,0.02551374166654085,0.06760027860873775,0.0008191629139587334,0.6336892947629463,0.3898010247373015,0.5274223129030027,6.71120902963179e-06,0.15194908759075387,0.15027762171171438,0.03286875104763493,0.15550529334472457,0.11085312585397,0.13342648742196628,0.9962514228878901,0.0,0.2614337761840725,0.2074948143403348,0.06655702471946037,0.01610733969568859,0.0021125381822313955,0.08845159155945165,0.0745260769845478,0.005612101094042479,0.2651696907352632,0.023899897807661462,0.00051235781061695,0.5528849752743639,0.00926173359399568,0.00021156121425751709,0.00023805341877557,0.012715146931400583,8.865067090297064e-05,0.114751454591531,2.5169301527100372e-05,0.003461882011635463,0.04987309470854828,0.192022613277274,0.003960687979545965,0.027132460827834035,5.596782167608817e-06,0.0014916488972253686,0.02486953495979094,0.002024965705423071,0.030940626228511965,0.26052246359522446,6.480148835121655e-07,0.1730292065829005,0.0008241354466374416,0.34586247578882506,0.050459424249174094,0.22363476935349214,0.021550113096396182,0.027220312607519878,0.006295354295635686,0.004199991799359212,0.042587130361492975,0.16401364805108376,0.02958425662488959,0.10715801733344793,0.04260667332810575,0.013562563936576705,0.07911139092823902,0.0013252695345270342,0.47920295496814214,0.6414800052469564,0.08310393517681366,0.9260414491864613,0.05522448711385971,0.048986859224402615,0.3320665625613676,9.572890393697863e-05,0.03808260323113241,0.009032961193538726,0.00017107897888068993,0.03927225288838314,0.00475245612326855,0.0001170662240486506,0.04604324862582154,0.19222527201584097,0.8434149693053037,0.1840319845700496,0.053181156832148115,0.48785121093434525,0.04598272708885248,0.011142197493641544,0.1113471332310825,0.35957414622621586,0.036795899422063245,4.830590214421944e-06,0.003658197019605059,0.000433454985909674,0.0012283255703203662,0.04108534657036504,0.9581263380039963,0.039185287042640654,0.0011012764346043464,5.713434081757243e-05,0.04667916224056327,0.0017708294378458514,0.807127620590417,0.0,0.20170201085295503,659.9169874089863,0.64,10755.392065301385,15088.305070028606
0.2606304325261695,-0.020627928032133522,0.1977092061277041,-0.986203339119454,0.12041458481801844,-0.6124473357487489,0.09400193295609077,-0.9973658758591329,0.10542536108232119,0.09138125531684393,0.04552426403782706,0.20009056104824394,0.024067414919125053,0.925015679977122,0.010081886264793016,0.16017894297074217,0.5109576851038173,0.011674655614373669,0.36137369417431264,0.01174410050981571,0.005642169588334814,0.011821649968641736,4.307719033663218e-05,0.04065324821215506,0.013831285533643815,4.2578864672661484e-08,0.0020612064350456396,0.39138887852008575,0.00203710013693447,0.6691554503388275,0.9534212749167984,0.011054610012724998,0.017977584053202905,0.9324481405060029,0.0011391008158864301,0.03682838155053082,0.07023913852939054,0.10422699136871137,0.39592215588243124,0.45123278204027384,0.04041257449368181,0.05064944352418054,0.013207016650530135,0.0011347923704876292,0.00036145099190555176,0.023001391001332194,0.02171976128221753,0.013378176186594384,0.26706185303563057,0.02267202390805448,0.01720295593363803,0.059814451618292186,0.4467489401126845,0.006812569669663256,0.01886811953565961,0.2932469146385693,0.001259055335366275,0.04362999933388037,0.0002389619276205311,0.07269028318743206,0.011607182931357903,0.9692922788401106,0.021747969254364855,0.06874996521634998,0.013336779634454288,0.32264775211853797,0.24714474097118982,0.00942604898278227,0.3920777015387007,0.7363068158693986,0.9383738428375651,0.001038050398386811,0.0479958380774919,0.007692652851520758,0.02853787514843953,0.022344126670513463,0.008502206951362671,0.687814354695939,0.05107331193953302,0.5356468321998162,0.9094688889997877,0.6688122542550228,0.010449501323511972,0.13611679338448224,1.2830920988186889e-05,0.145059352066082,0.24972572651899666,1.6373550948518443e-05,0.03627332211763701,0.00048583951842514207,0.029280402814536866,0.3039360964193183,1.697681106689673e-05,0.6916235236000772,0.42015761290868736,0.5221466933185434,0.014829168616196452,0.3348881371079607,0.014346514956775896,0.4891853265874318,0.2568965881375282,0.0004291105827199267,0.06336316998171761,0.09608899981332462,0.002679798553155853,0.13717234494876202,0.14512673590161174,0.0052668031556560805,0.35597706874054863,0.0063812862216768435,0.0006591238207967864,0.00035008131611362207,0.14518797036740105,0.9145141477980433,0.4634123228650448,0.058534268053392235,0.0,0.1950223953418635,0.0012780209094879758,0.3764128783930783,0.02803363578188807,0.0008948449863490808,0.005061809004427445,0.007507572640492531,0.008193850499017202,0.2087629991027537,5.33083685173984e-05,0.4112465353580102,0.18203358506505551,2.328734332597039e-05,0.0030812843426643206,0.006677628024407618,0.4310779243019382,0.006541609444953522,0.4952858547259474,0.15826242628707327,0.5411023218542241,0.03812750693720057,0.8913385599806258,0.00016310733323306588,0.07522902061102998,0.2816734803987799,0.00013723004155747633,0.04900778490841378,0.0012767303497883166,0.37262048858934943,0.39579269273907497,0.5222054108312357,0.00012991195588890917,0.379690079743399,0.15446177436521863,2.9396860305105866e-05,0.34635560561527345,0.43902486738239876,0.20694058891478076,0.28192462222039116,0.040370588219114295,0.031077916251604488,0.23502778874476535,0.08163975241090597,0.17073363591600868,0.0010499590956751298,0.14211935694993283,0.0696083473744882,0.11447463804777694,0.34512902168141346,0.3923549946534775,0.03479599095069535,0.026568355132985444,0.025125514512422207,0.0008707967321152123,0.15036758915372467,0.02018305686888183,1.6096396827808138e-05,0.06729824386054849,4.013022998904682e-08,0.30026030931260655,0.3108938114425321,0.06646396923344239,0.015624949801074373,0.025540937861908482,0.13422023276234668,0.08739326094876836,0.0012558382855344557,4.9477125025201706e-05,0.000727968083160252,0.2377373381421905,0.0012119420361196556,0.817007839974543,0.04280585207727306,0.34645625160214555,0.0169208573500885,0.1910188493519978,0.013203620473002917,0.1314482349395395,0.16197493427782939,1.8836269992371553e-05,0.0009532983111162525,0.023452062599891927,0.05185822610030852,0.0943748797376891,0.07142275879203001,0.029620264157671557,0.05152457488691248,0.00047519624075111674,0.4556869272164001,4.3992092727429544e-05,0.10214360545087048,0.007586730052821736,0.0007307257874479379,0.05776212056001736,0.02349358528669418,6.953376267314197e-05,0.03711216606578111,0.09765496404425103,0.3956758581170283,0.030179783259802997,0.06232211157728887,0.03448515840481624,0.004149786860644275,0.28514097475894007,0.8091593226606867,0.02369512111261987,0.03749115414524466,0.459950251966074,0.027866260345414635,0.01787318180991279,0.09935044834158535,0.2506813991601145,0.3987467916499283,2.0529020851756553e-06,0.28474927891590107,8.036917551249283e-05,0.036695754708972794,0.0720226098455354,0.9418441568534277,0.0019471545067744228,7.99348551691064e-05,0.03636394108651338,0.12873471191357477,0.00015116127951234114,5.285886625878931e-06,5.187062314336071e-06,0.31717173455533026,659.9020028998416,0.78,10993.190151940027,54163.81371897549
-1.0,0.02815287805494504,-0.10769819099026126,-0.9981310025077541,0.23497510249375797,-0.9995869629843899,0.11711981883949256,-0.9997278820210377,0.09566553220231372,0.1564242713673347,0.0,0.22953178602239893,1.8474909319724115e-05,0.9244348557445973,0.000888491011752776,0.16980815154540949,0.004453195807565563,0.0031758587870305706,0.012501698419942059,0.006582900105075121,0.015438575619280063,0.010142286208552558,0.0008703590502818232,0.04226645086295392,6.271960691073102e-05,3.4553321228845997e-06,0.0,0.0012789586906865047,0.0,0.0033320034735816874,0.9276872418820143,0.005945792998886798,0.43531218303136854,0.0012270062762898826,0.010271481515813863,0.0012522551913901128,0.13906016808681565,0.046673809159220134,0.20656327794246038,0.007655681553758474,0.0028787956408365184,0.7411695491871311,0.02862768855772306,4.176849300089442e-05,0.0,0.031031196272496172,0.49346222041123144,0.01876874979287304,0.380888457416096,0.0007815504273024864,0.0042128464476197235,0.0018280908833408598,0.3737140845197679,0.019117635353571527,0.0006146167276872439,0.008063904649929957,0.0008950200526603102,0.011205100215267872,0.00016748044996610706,0.937748907721843,0.010644997187667133,0.9838966131549811,0.0005850223694425123,0.12586008091365952,5.1887268442674366e-05,0.19671701531996527,0.17860908653781363,0.027758270230967313,0.37579383240363806,0.020157624366604624,0.000636893928494414,0.00023400059308861234,0.0,0.0004060599809066201,0.006461739453952444,0.11422390196092477,0.0,0.04714027375549637,0.008470742539414267,0.6302242826927132,0.8639700790849207,0.021642676990911214,0.01081082913689162,1.771358106596627e-05,0.3435425200717806,0.00044158039503739907,0.47001267798724156,0.0,0.09089262710122917,0.0,0.10037938925300086,0.0011848124167531306,0.0,0.6934915646122898,0.42198250574504703,0.444402350962974,0.04073069608846282,0.01374186296670249,0.0013676925458001882,0.11969955205446176,0.23413637218521702,5.910984509449513e-07,0.00879529636388035,0.17299042450737134,0.015068841441481564,0.17854598663540838,0.002759122569032782,2.9735272091254827e-05,0.2974418682960266,0.136227945084485,0.01005884803776446,8.971683790367547e-05,0.0014011588840323053,0.0045818734046124045,0.02192724771933441,0.03400930708056721,7.005129484862247e-05,0.00333078472484416,0.0036756556124927335,0.02072260772591767,0.00935153691782805,0.00012881655701624077,0.4990656064013831,0.6446455451267554,0.01038131042718126,0.19449597368768398,0.00012052978929769954,0.12267669577087698,0.10564392142162013,0.7270562950538855,0.0007208084524700626,3.3496170513765623e-06,0.017936417227826185,0.0019279200057175927,0.00453665386276718,0.3512586537089834,4.1647406173437586e-06,0.017699020114556388,0.14815907080496613,0.0001213674150150411,0.0005884930507524543,0.020434964608843087,0.0012927904736639694,0.8990106493586527,0.3351358602799067,0.3885378860395613,0.34758277669406473,0.02422288250087774,0.0008261628936156452,0.995855646467293,0.0002788409733335915,0.002306089986144585,0.40369092072620427,0.10171416366082289,0.011312322359525827,0.00802765898915131,0.02131036488717996,0.00027282236192773847,0.0001779304886131458,0.9130822691273779,0.00011964289297019398,3.268421043363208e-08,0.7247196699900276,0.10051701610119806,0.3966540026787335,0.3482368208341076,3.062482813477032e-05,0.00019506420404666726,0.8834105516918154,0.9108285476242342,0.001551968678206696,0.01649704305564119,3.717888749480238e-05,5.065503842897101e-07,0.03965545097895723,3.3693314513236125e-07,0.26588398651396006,0.0768482305149576,0.7816375193998802,0.07497899663652541,0.006321961137292862,0.0005667897803013262,8.322950375012905e-06,0.030937328189163876,6.130103788296791e-07,6.347828536696357e-05,0.02258019758534079,0.0,0.1331545351919377,0.0004179625727675357,0.3427222658246251,0.06943650549858456,0.19082253238840496,0.031491464958272465,0.012546136452685968,0.010000204105150531,0.0,0.0,0.22399081583823938,0.023489278771420177,0.6182152508996764,0.07015127028939319,0.7433149586722627,0.2293403084808382,0.004445124425556033,0.32357481085274303,0.6746536185014826,0.06890758557058868,0.002792041228811411,0.0011317452100990874,0.4879066281742297,0.0003272975689276204,0.0011963669272056898,0.03352734663295767,0.05999125463710764,0.0005375797953979485,0.0003375421097556938,0.12621600294637925,0.002559736341593899,0.0016051363697748202,0.4580067113252583,0.4219546869306008,0.2000277763358489,0.007189456026516966,0.006010302237022619,0.28469605270352205,0.010935186852465244,0.11474237148208513,0.3320415151850973,0.0005174085868123075,3.5520579680570564e-08,0.0073907845288829765,0.0006444389513743493,0.09502528039835623,0.039283300761523185,0.0,0.0,0.0,0.0,0.022213169758559158,2.537506332938162e-06,1.471405519624648e-05,0.0056109225644104255,0.4692531148483369,659.8991022209909,0.74,10779.175433847766,201867.9656650339
-1.0,0.02815287805494504,-0.10693279311827385,-0.8028573764563331,0.23497510249375797,-0.9994336399094838,0.11711981883949256,0.806045905342085,0.07821610042981325,0.1564242713673347,0.07639210683672742,0.2550967784486047,1.8474909319724115e-05,0.9244348557445973,0.08357660645411563,0.5819798669612758,0.004453195807565563,0.0031758587870305706,0.015460030092731308,0.006582900105075121,0.1375623721531939,0.011692984825619902,0.0008703590502818232,0.04226645086295392,0.3238926989843861,3.4553321228845997e-06,0.061293867549896436,0.0012789586906865047,0.0,0.6063689410432376,0.9276872418820143,0.005945792998886798,0.43531218303136854,0.0012270062762898826,0.010271481515813863,0.49071729291615473,0.13906016808681565,0.046673809159220134,0.20464137705573282,0.016506957491750157,0.012031344662132931,0.7411695491871311,0.02862768855772306,8.671250480876691e-05,0.0,0.031031196272496172,0.49346222041123144,0.01876874979287304,0.36437631224330547,0.0064770310784586504,0.07655431099384649,0.04025405497280992,0.3737140845197679,0.019117635353571527,0.008604408798918425,0.008063904649929957,2.8025541065745257e-05,0.011205100215267872,0.00016748044996610706,0.937748907721843,0.010644997187667133,0.9838966131549811,0.024349237042498112,0.12586008091365952,5.1887268442674366e-05,0.24020478054835376,0.17860908653781363,0.03220714230069696,0.37579383240363806,0.007028947226652982,0.000636893928494414,0.00023400059308861234,0.0,0.0004060599809066201,0.005598546698397808,0.11422390196092477,0.0,0.04714027375549637,0.7595129741983686,0.7163402534900888,0.8639700790849207,0.021642676990911214,0.01081082913689162,1.771358106596627e-05,0.3435425200717806,0.00044158039503739907,0.9448028192905276,2.3265251998368856e-05,0.09089262710122917,0.0,0.10037938925300086,0.0011848124167531306,0.0,0.8111063062841841,0.42198250574504703,0.444402350962974,0.24021626633744564,0.02483983146606389,0.0013676925458001882,0.11969955205446176,0.23413637218521702,5.910984509449513e-07,0.025849620204413698,0.17299042450737134,0.015068841441481564,0.1847502119140878,0.002759122569032782,0.0028215781626255987,0.2974418682960266,0.8512458399515428,0.01005884803776446,8.971683790367547e-05,0.0014011588840323053,0.003119787703847278,0.02192724771933441,0.03400930708056721,0.0009989741782445924,0.00333078472484416,0.007348936449230077,0.02072260772591767,0.00935153691782805,0.4634823942689619,0.5116938869344112,0.6446455451267554,0.009252331364356561,0.19449597368768398,0.00012052978929769954,0.12412750853097629,0.10564392142162013,0.7270562950538855,0.0040995476872388754,3.3496170513765623e-06,0.017936417227826185,0.00870670289068945,0.31228712191367003,0.3545480806278216,0.0020559101709383687,0.017699020114556388,0.14815907080496613,0.0001213674150150411,0.0325886850554237,0.019595748492763493,0.0012927904736639694,0.8990106493586527,0.6656999455351161,0.7068558051174721,0.34758277669406473,0.032746742471021356,0.0008261628936156452,0.995855646467293,0.0011844017877405966,0.8454212822543501,0.40369092072620427,0.5161952519757512,0.04561467548764479,0.00802765898915131,0.02131036488717996,0.01507678429537572,4.037824783765598e-05,0.9130822691273779,0.39345921162160025,3.268421043363208e-08,0.7517705975032256,0.36248681218229556,0.6115019030005203,0.34769276911614133,3.062482813477032e-05,0.00012733711712001328,0.8834105516918154,0.9108285476242342,0.001551968678206696,0.01649704305564119,0.6126783237339367,5.065503842897101e-07,0.6493679963175057,3.3693314513236125e-07,0.26588398651396006,0.0699081829433375,0.7807439184985553,0.07497899663652541,0.006321961137292862,0.01152650412117705,8.322950375012905e-06,0.03122938772212559,0.00046285360943972703,6.347828536696357e-05,0.26775437907019034,0.0,0.1331545351919377,0.015092872412596992,0.3427222658246251,0.06943650549858456,0.19082253238840496,0.031491464958272465,0.016733677381087532,0.010000204105150531,0.0,0.0,0.22399081583823938,0.050271424996296735,0.6182152508996764,0.0706337728472749,0.7433149586722627,0.2293403084808382,0.004445124425556033,0.32357481085274303,0.6746536185014826,0.06890758557058868,0.002792041228811411,0.06221242136453484,0.4879066281742297,0.0003272975689276204,0.0016195865191929598,0.03352734663295767,0.05813773031932854,0.049614873348651306,0.0003375421097556938,0.12621600294637925,0.002559736341593899,0.02176835850045837,0.4580067113252583,0.7826042094854706,0.2000277763358489,0.007189456026516966,0.47665517361187626,0.2942322945697122,0.010935186852465244,0.11474237148208513,0.4713535392610169,0.0005174085868123075,3.5520579680570564e-08,0.0073907845288829765,0.0006444389513743493,0.09502528039835623,0.13379504263616682,0.04491118152845283,0.0,0.6891673997515212,0.0,0.4586298774736426,0.11182156295972676,1.471405519624648e-05,0.2854444076625095,0.4692531148483369,659.9001467530793,0.74,10790.73051194612,201773.0000093167
0.1946425338818983,0.0435807216681447,-0.09446976130058762,-0.832450226613924,0.1289627261206591,-0.9969670333980217,0.0015821389912246686,-0.9998461155992256,0.25184364570143497,0.07111459338734417,0.0005092324010183694,0.37952608134768334,0.00010231681285187742,0.0,0.0008839191039706794,0.18236030023548666,0.21749577080118757,0.8331023726736297,0.008327062617693932,0.0006040358917607791,0.0013181032724332012,0.08887859036403833,0.010139745017844289,0.06436253623456994,0.39631878095679374,0.007543218063961542,0.001256296879818486,0.38871128180580977,0.0,0.0,0.03322418106292764,0.018951161220175046,0.03262202817619912,0.033854412382419825,0.0,0.07216324679413201,0.0008735224299920435,0.2895912034874877,0.01774525257987725,0.20770475751299217,2.2911867678834758e-07,0.6182411959729118,0.010920269296399472,0.08955503900533736,0.0003880321785422469,0.0005337405670421158,0.8284214311026052,0.0015029495217154173,0.01202186010082066,0.011480366647400906,0.0007054777008034784,0.024977938691109338,0.5059619120870121,0.0031325751045760426,0.0010632492690660436,0.03638572508172631,0.009117826166063922,0.25798953035736916,0.03944185688533307,0.0011743698450923969,0.4527568255423414,0.12851460385089022,0.008033780507635518,0.11543941817432737,0.005084125501183423,0.22819004257016445,0.17692312464564924,0.0021604959844115272,0.29437422221909926,0.5474071984498876,6.690309135411426e-05,0.00025089110202997794,0.003425286938772998,0.029073137588772356,0.0,0.011918565616104127,0.19074608872045334,0.10584283840803778,0.0,0.06442579236481061,0.011173058788411435,0.43860817534994134,0.016467920606347136,0.23418714185614792,0.006678543943868117,0.0012869965671282529,0.21683169320016565,0.0010368058090100976,0.010066437219389534,0.0007693350142970472,0.09982921667222244,0.06921484839404518,0.023019893549573067,0.5798880725973079,0.2117130210321552,0.3920868358647391,0.0572398192709397,0.17046094000669548,8.061906565262489e-05,0.02234792749073821,0.022399441095744904,0.06405661717965772,0.015822894536799074,0.1933235814023823,0.015167898722179218,0.7276349478699233,0.01697636241269463,0.0,0.11067928155387761,0.015161655923105343,0.00012544503693858247,0.0004260792152090565,0.0006472673132324111,0.0,0.3925570154413812,0.006299892612300334,0.0,0.022461079270732414,0.0,0.07031704629016146,0.01515648100923138,0.009378402667565969,0.005432255238991657,0.029974365624684043,0.02928668129034364,0.5930726312182378,0.005183634376660933,0.42847166333760717,0.05793078890318819,0.0011605713429590006,0.03668115124193928,0.004551155380770286,0.003919742031949751,0.11378651604138218,0.01605594285396513,0.5017838492990289,0.4761923969508005,0.00020567285750056822,0.02442858791475869,0.005555052625718748,0.0023572567293518674,0.18412929139098044,1.8053205715073216e-06,0.0597170956171048,0.010971736315378046,0.7245715251962432,0.2352549625331003,0.0057565294926195144,0.005537966128640224,0.030261673605037835,0.00020820929935962243,0.004219342399933629,0.19899519650720393,0.10209767159975305,0.0351866953355794,0.0005230059225331887,0.3440901787466518,0.0015255775047982867,0.0034808348851502902,0.05968263630621196,0.2967329896046187,2.9206692434747498e-05,0.17528538805141325,0.004136263848642446,0.00923281487979788,0.2132152347774834,3.7139685775624924e-05,0.001301118814523443,0.006853987827568735,0.0,0.0013414181646645776,5.6059857052271885e-05,0.0,0.02563810584979545,0.04735332743612075,0.0009614668486998927,0.46822416110452636,0.0003079144457842492,0.18305080719381764,0.010299330833722685,0.031836692159659195,5.5969857435572615e-05,0.00011286252055576552,0.0024253280283090886,0.0015984931653881273,0.0015691207101156783,0.04560104841244593,0.0,0.16465092632397935,0.18943435989459115,0.34057281885033874,0.07543000633725518,8.601601777467667e-11,0.032177628648949415,0.004512028906041661,0.013806141199902798,0.0,0.0,0.045152875796191115,0.0009080034958812126,0.22995829226123712,0.0007238916305071577,0.0,0.0029440992806005566,0.0010453457621492357,0.0002158741468459589,0.6295990300969561,0.019422369414582488,0.000551146234813863,0.0,0.17667120959529925,0.07354981993493305,0.0002804494013862325,0.0009561106451638713,0.014935691091083739,0.0,0.05606859195061069,0.025604580709170675,0.005686522098232782,0.022894491135001912,0.24925414149426534,0.43583264905472907,0.0,0.004636364512666533,0.45094161238119174,0.05908524329371945,0.009482605469395004,0.07864672416208122,0.012533162376956869,0.0,0.0,0.019774496509776644,0.0018776456603525368,0.673542098630949,0.07109648589915471,0.06317669103646303,0.0402780370967518,0.0,0.0024957067187724308,0.00038436450566360636,0.0,0.001759808183326507,1.4145959392408209e-05,0.31757241982012363,659.8882744384091,0.82,11299.66976057941,70864.65933113436
-1.0,-0.021830597781637567,-0.22133028856456416,-0.9275898812900999,0.033411575391039776,-0.9999416835914909,-0.9809202326075287,-0.9998446729966377,5.315995612440751e-09,0.009345203148791989,0.07338676376895224,0.23731222653773287,0.0,0.0,0.0016280105268605483,0.11029362634239068,0.03676637886956924,0.0,0.0,0.044399811187927296,0.00471121523480789,0.0,7.752601526667414e-07,0.034115958370452365,0.004615641619397706,6.339708893340757e-09,0.0,0.270835419773538,0.0,0.0014980373498749422,0.0,0.005256005786188544,0.02136135684560242,0.0,0.18625785619087296,0.010318332372702008,0.0,0.08888356753447725,0.204029422326683,0.10714685510530586,0.000656899181826017,0.0,0.0142602052314178,0.01160840673067838,0.0004749628650362308,0.018727277884004856,0.05325423042121952,0.0,0.030304761511260214,0.002836683085961306,0.0007083874636074807,0.0014875031063632266,0.300455674254222,8.779960504969741e-06,0.0004590552751323723,0.0,0.003553384226752178,0.0,1.0059958152145901e-05,0.38058533433934916,0.011864528811071633,2.5799336474240134e-05,0.0,0.08202932179635745,5.4953200932279875e-05,0.1972364477009238,0.030920799368798022,6.417225038486078e-05,0.0011960354895988994,0.06832061815351612,6.882926791243112e-05,0.0,0.0027996589617884232,0.0006541368247185153,0.0,0.0023817700396240662,0.0,0.027588802512226285,0.002254467683904004,0.40763046364500644,0.010498782986328808,0.0002145287861321024,2.802745774802703e-07,0.012578959140686075,0.008652755503729584,2.88169280954334e-07,0.23071111631304872,0.0012023795885006637,0.07370704504340377,3.832801562625638e-05,0.020998210434278103,0.0,0.0,0.0813076571065421,0.0008029329890165693,0.11127447262590648,0.0021972483923829032,0.005320206049113981,0.00018333953767752148,0.12794470378729728,0.0020221532691913797,0.0,0.016474572770567242,0.16965428622127723,0.00041161459517500155,0.024487390913593032,0.04321520298316279,0.0,0.012954101642338005,0.13557449173673541,6.124187446761975e-06,1.0123437851278774e-05,0.0,6.53685542601631e-05,0.658208297706488,0.03251476124347812,0.0,0.02650254206290531,0.0,0.021123299488614154,0.012990393424878899,0.0457383839804275,0.0005094308992614047,0.0,0.021645606535413614,0.21674480853991845,7.706678837357363e-06,1.8346534094160205e-06,0.007678762606179029,0.0004382679825922385,0.0028161598957889907,5.953682281660699e-07,0.005400148967831752,0.00019897812678022764,0.0,0.31976415058036944,0.01716494298203447,0.0,0.010065461765841686,0.0,0.0,0.1501210378819685,0.018927976925279904,0.0001679101565449472,0.19384133313445961,0.3167987700593109,0.20496737459202377,0.0,0.00016868356289370413,0.0031575930865437724,5.157232377905679e-05,0.00120388796939953,0.23520565451072706,0.08514759314440012,0.02254595339426877,0.02711487617797359,0.016352711653123953,0.00034895955397905895,0.0114954668781578,5.968519504081539e-05,0.006207003793920585,0.0001347767357312117,0.038829520663696715,0.002777911524259623,0.0009942627313797026,0.27164558933384353,9.193964723888583e-05,0.03486465506504454,0.011467718440108184,1.2272388270434488e-05,0.00016972329864516062,0.0011029753669689899,0.0,1.3427119266041357e-05,0.0,0.0,0.300747296810592,0.00635795509085596,0.022845321916378857,0.013925831760342927,0.0023675161881257754,7.0169524025780795e-06,0.004572429926318082,0.0018649997037367,2.414388240781884e-06,0.0005557769689155077,0.0,6.158510914371468e-05,0.15650178890743952,0.0032554736763352465,0.009217048934916205,0.00022426571036756205,0.0,0.039032996912889674,0.0,0.019800185742005663,0.00342723306230374,0.0,0.0015483815598822896,0.0002126226698240464,0.20644462010737452,0.007355562513969474,0.0003315641572827731,0.2241321875239782,0.00012634174208167592,0.0006434316445908805,0.0,0.01358404996924232,0.004880728298048217,2.3607887263704434e-08,0.0008198775343865559,0.2949654578683557,0.0005819437623138211,0.0005856210538151339,0.13198444825014197,3.777654907489476e-05,0.00044925319938066404,4.443412468571606e-05,8.00089464435386e-07,0.0,0.2654896693130798,0.0010240098303282805,0.0010441279791797986,0.0001520599487030835,0.20719207083731975,4.1555104126011176e-05,0.0001249484969400225,0.0047730398590618405,0.18959882075720694,0.0,0.0006995920205281059,0.0,0.0006592722659487502,0.005156101277183524,0.0,0.0032389801547336936,0.0123176310122735,0.0,0.002404228203511747,9.633561352338001e-05,1.3929856785533781e-07,0.00072173845926385,0.0,0.25274127875131724,663.1031209551437,0.98,6651.815218893514,223572.04867377883
0.23174290300239248,-0.015333805776942593,-0.7988665459228844,0.9096812462952197,0.0969383054752265,-0.9981931004909922,0.05744844032666775,-0.9974703558775919,0.10562705041884463,0.01658787500899818,0.0708545011634099,0.09511934093628968,0.037592542051018266,0.8087166453746513,0.0764700606825486,0.15349975460254867,0.007743473581694948,0.002987009170919569,0.41222842218348127,0.08816556358612089,0.072325007912891,0.011359679198010068,0.001674651439612684,0.06884144739545278,0.047426437457441045,3.477639900859237e-06,0.0,0.5486676005952527,0.0001940372556982076,0.031163769037382716,0.5611065649344052,0.016562894915503622,5.629577798949622e-05,0.01714975819537544,0.013813301977418223,0.04867304494379703,0.0009229573562527463,0.04007755262913864,0.00015367475955704868,0.09343603625259167,0.04146634895024895,0.0016257117485355618,0.00043346066022822527,0.04896202363226165,0.0,0.0022697441251801342,0.7897132302233905,0.004999936582039714,0.3867743359798187,0.0026898283047861364,0.001276534386277929,7.786038758660232e-06,0.43265852417264683,0.02598681791605244,0.009467008690433952,0.0010960788768085913,0.012033797681875043,0.006838399789753868,0.03534295011629414,0.022324592703160062,0.023024676854823727,0.9435000202390387,0.0037517825104026042,0.03718737242990075,0.11937099690654479,0.5662940598886548,0.17637712774057482,0.00360368680598451,0.03655531111050034,0.052860436941363664,2.0855911683384686e-06,0.0018055360282848102,0.01238929743007355,0.044427251721083305,0.07810200224218566,0.02222558469471698,0.004324302410685194,0.039097778611040496,0.003732444202622698,0.7286491722947238,0.8398653231567427,0.018232511386644022,0.00043729741432726186,0.2261613628442128,0.42606554075907765,0.008717065645182858,0.20705492868050882,0.0017976510975722532,0.07260454091694649,0.0006247678647021138,0.007986427162235486,0.028090883161792368,2.9317662810051267e-08,0.6933043471141712,0.5288406589822485,0.41906997608269314,0.0017142444204310825,0.0007783562401877248,0.002581494346327097,0.019377819842795713,0.3194676998195092,3.627313110533622e-06,0.004383062240237472,0.19150257918244856,0.008573097487007963,0.6622655112608108,0.005130693374127496,3.7744901016427824e-06,0.30170817422854357,0.0015002212809212545,5.600886614567978e-05,0.0031004100026099657,0.3779905782645341,0.07221332723190378,0.01869821688592772,0.031002402735070624,0.0,0.4881493575118497,0.023060419909921366,0.019831622013124717,0.031914907706750734,0.013337128951138852,0.1650807994829935,0.7772718196895976,0.013029274580688796,0.19569027416740548,0.42899176071523026,0.20069924249362225,0.09751505944548745,2.001686891772848e-06,0.000303764609993825,0.0,0.20040314974139822,0.2722014691201571,0.009860388100697035,0.16267378615285438,0.48748849932715477,0.001889419127696694,0.17278547699890065,2.670640492603036e-06,0.563227265389632,0.28619834620731815,0.0037826369141545878,0.00481719014031113,0.0311457516897866,0.34815867018714064,0.182642019668757,0.5373678471985643,0.0,0.003575757997457657,0.00039909882115698027,0.00012607646779850228,0.3766338488105473,0.06957953389696997,0.02378877698794117,0.06125626226757144,0.31290908263446215,0.0,0.001286965786155253,0.0344526060706139,0.0046232125920263045,0.014246084986864927,0.1708367675132479,0.3677055957433234,0.7770085298326604,0.34590813321543223,0.0022245668338064578,0.014705817442116617,0.04389971247041482,0.0001658365831046192,0.062028304268729545,0.02066206448735331,0.012485424312607851,4.633089413341976e-05,0.012406104320607528,0.003736183300932715,0.33427063377813654,0.06228730598362214,0.9115851476652111,0.003685401329897674,0.008525331101850234,0.0003719239688281589,0.0010967276697758214,0.02486583222135345,0.0011013720473977088,0.029678590287453697,0.0919655921012059,0.0,0.17569050971549846,0.10362023370372667,0.35827177089045037,0.2098337847037373,0.23320406761169915,0.021436786584971102,0.04017379336790712,0.3361810814712466,0.0006527056915332026,0.0,0.015278611418707344,0.02479670583714844,0.44931023489615407,0.009123233265169534,0.8777235456585433,0.21820958242829575,0.2875293574410526,0.48316757771365826,0.72165947386405,0.0018155656470522988,0.08718168916857646,0.0019990996141765922,0.012547478620393987,0.0010420704751020887,2.7491354851982818e-05,0.00329147612094266,0.0023603558198185826,0.0,0.17057563009416604,0.012588181784653357,0.0423612485340993,0.0029726129915885564,0.4516916788825866,0.05600282508771291,0.027772040698773724,0.00791882842269232,0.46734693447277237,0.028573009182352074,0.00031586053405206586,0.01543054749156432,0.07005622004919174,0.00315324558183102,2.720490914934166e-07,0.047234284697221074,0.006482281435398942,0.04224230404341871,0.0434252667784846,0.00880303711659702,6.528072859272746e-10,4.863167593220066e-05,0.034096294069245685,0.0004859508355920066,0.0,0.0,2.871476894546463e-06,0.20492005588905596,659.8920539528231,0.74,10946.742276558893,56844.30786254184
0.21261231709299577,0.049512521383274374,0.16363485543928388,0.7845261145381496,0.0461853274566274,-0.9992993130510192,0.11535727539215224,-0.9999247491825699,0.2258214698669473,0.13614081652518545,0.001118270007048745,0.6747756171489376,0.003711872565885228,0.0006097050516929957,0.31467061788343476,0.39545380560785376,0.6341705446959395,0.0032383814395143037,0.2375232854284967,0.11732778164848606,0.02669496221721881,0.03808694480532256,0.00041844877885293015,0.07944967242108991,0.00963345719293246,0.0002937651825283847,0.12973031894793524,0.5566501650939324,3.6449271371655646e-06,0.003525545737191411,0.40969271814383296,0.018864645698064637,0.006245676288607789,0.8921605188869043,0.0003068222766264058,0.0015348914489865815,0.000313761972840708,0.09913078990337651,0.03165252493947207,0.4417212171217109,0.0009196640433212736,0.017140156683795094,0.008797525862974203,0.6525771791988507,0.8027055602796407,0.044265807533436896,0.5530217803008368,0.14729772558670318,0.26548414429390327,0.020603384602222052,1.7145466368673944e-05,0.05798007510202817,0.2239643952214765,0.001403953961719051,0.16276854618316558,0.013310678763320118,0.008381750601977017,0.0011196058130368766,0.0001639180249906843,0.2742028872819224,0.6520103163013308,0.0010300813464240166,0.022426474296598428,0.11364389085485783,0.015636790135777328,0.6737340530125292,0.3391631836275244,0.0053960077490119674,0.004619449977817824,0.0637351771669219,0.0006367292916820587,0.0025680829550711846,0.0009261050116218578,0.08028208964851813,0.9732302794248304,0.021933997457963688,0.00033829058289717615,0.3661879207596416,0.31106136094134723,0.44437618912170107,0.041692245004673056,0.6573026160324839,0.0012404639443819106,0.12887335811821826,0.7693594137539742,0.00026461015173290855,0.22272522289137256,0.045510498465529375,0.09108190344898738,0.025352894636169757,0.4327452120219586,0.9997156725832157,0.02092146101124024,0.6718880826937812,0.1574672301256666,0.39683089560774165,0.22201363566226662,0.40951764964945664,0.009399156287043242,0.08470886868503323,0.19996828457126872,8.347464126831325e-11,0.01133501963931692,0.16319198238818278,0.0010956470336678202,0.7828749089150769,0.15268830286531954,2.8394803385900638e-05,0.2889909332597543,0.01662385913838281,1.67549572533212e-05,0.001923939073590448,0.030522245980108637,0.004212828769666883,0.010484730523582453,0.0027738474972411643,0.0,0.01919343774041803,2.524769594901483e-06,0.01394508556015284,0.017649280961182182,0.02143378845808238,0.4916781961084161,0.8237451260433208,0.0021000990018369536,0.1770694024314241,0.022094947692753823,0.25572927209845586,0.11163693544263444,0.6960788274350803,0.0027050499931863467,0.0030953884407833865,0.03080016379223935,0.4615257577557716,0.0692789964498271,0.31341612679116304,0.020666128442824314,0.0009362375867646305,0.009897128500346075,0.020062253029904734,0.019051011864206067,0.036240398054522734,0.0028205849326869425,0.5777009952568912,0.06308355234448071,0.3506918510304091,0.42638339638933237,0.4805244094517951,0.0004106463726172118,0.44444275712885595,0.004459934527897592,0.005089461334428006,0.3957042049718785,0.479931834816283,0.021391257918073937,0.011721626483314516,0.9665971119486713,0.22918099418399854,0.001360820757663115,0.7958316137126519,0.18563956923549393,0.00011532545162840514,0.36139643319535997,0.06296891915277056,0.38002316474357256,0.2551079229574835,0.0006244541970729638,0.0001913394112596509,0.944858734359174,3.4430827705889404e-05,0.005992705814752822,0.003921795584020286,0.02860553138741473,0.0002456835595594049,0.1002676128626165,4.2598942087996594e-07,0.7313666394176074,0.3368889141736693,0.05381940643074867,0.0464427496915982,0.02677742371673172,9.482759038933583e-05,0.006558304102870699,0.02626658787551963,0.004172464904956553,0.0007261200047462152,0.008610521219393909,0.04080423636830778,0.19825581192526653,0.04364497238906144,0.33925537158757746,0.09232399865251295,0.023271140854698086,0.04421181227425569,0.012342925004295707,0.23662662087355268,0.0,0.0061351174435386145,0.22110384279781878,0.019232877421079993,0.09807524765123504,0.055277632929492074,0.01708763042969416,0.22146391151781214,0.0022237466565957565,0.7827692085615037,0.6749240880627068,0.11032169895378129,0.0026279445790869044,0.0007218238325065879,0.5008178256347052,0.31307437106705516,0.0017331017539992284,0.03683813514643921,0.0013206844332986079,0.0003023486900122774,0.07830766031014089,0.35572772319844803,0.03249025684250528,0.010877732475898412,0.472241860858854,0.20493902068023873,0.15139263607888556,0.006986498544809585,0.4746641189762037,0.026539069037756588,0.00509051564739222,0.030466299523722744,0.2474772082683652,0.001999099990860201,0.000370532237078571,0.2761014581895665,0.3608811751342714,0.02932448309754565,0.07359306737535934,0.005815890899335263,5.9209243519797164e-05,0.0479785729817087,0.0005404161259243532,0.09476426093684154,0.0042512404194517545,0.001407645418215031,0.014661683017370013,0.2271632500169446,659.885994755838,0.88,11284.182862147385,102972.10098143066
0.20283648497022203,-0.018389484984274188,-0.08606092415817251,-0.843283120072823,0.10130335226091058,-0.9691131009666191,0.09721386659256982,-0.9544657879459977,0.15183106041105038,0.4483576090610736,0.0371561029053266,0.10041313649423646,0.022604171599837006,0.7631761100570033,0.0043418646891872255,0.16302997944628023,0.0297311669392884,0.01870219069586072,0.4040501425706821,0.08810956077574314,0.011272301793616449,0.09747787036815726,0.00676065684161742,0.048602199182634497,0.351374056042657,0.00043374534275857286,0.020708573270804997,0.06190666039658821,0.003552320122403696,0.033531041127902554,0.04022264874759871,0.020794648537712443,0.011429223759551493,0.014651829063068535,1.3392825007788793e-05,0.04862711181655911,0.000605820574869528,0.04326857969184387,0.018594937981131807,0.20229794793008965,0.0038262143335544693,0.06344976875797537,0.0012718810602525045,0.008229020385701363,0.0,0.009977975039226109,0.14315166015822528,0.036640882741403286,0.18071619908207381,0.02587999916694772,0.009562093370979399,0.04138099207587331,0.16937921140085888,0.051735583791246306,0.04535294919024807,0.010265644700761408,0.010308389242942514,0.04954475421605266,0.029362801097155194,0.05863529620433376,0.9165811518509812,0.49870848528189754,0.22490665500552376,0.04678592989697124,0.01626173010228377,0.21841015557953036,0.06995353705111933,0.004919492026002767,0.005605313229700915,0.07635146875405734,0.0,0.008244798890911592,0.013215665265322571,0.09251879149804923,0.10405037489209995,0.47421292672134274,0.0,0.43030257809429556,0.0036215882570483394,0.7527033752798229,0.056197941711634836,0.611034055602388,0.00020353298842211084,0.11216521582281093,0.023439146295637175,0.14383969401564206,0.26663878980519107,0.0010745346400161504,0.49695039482695724,0.026544942045583844,0.24651542587025038,0.972632488106954,0.0007025784940543206,0.04495886731115478,0.17778330480386362,0.39317014350020535,9.977089999919659e-05,0.11161957829552338,0.003814670090820397,0.021714529372951066,0.003363389785076998,6.470952891559201e-06,0.006909141088839414,0.1708664818534843,0.1835502729139835,0.21102988331172562,0.10498563396871964,0.5899833022085532,0.0022242873279000736,0.09058384110041261,3.062296338237399e-05,0.0060146953594552854,0.05058356826675495,0.0007992237622037098,0.44759629518379024,0.047013386415821506,1.3376259771814684e-05,0.04901404456039313,0.030749292918590986,0.02063813485766589,0.03439174429853829,0.056593651944020676,0.2275846077791265,0.006576669704578646,0.003801585997600186,0.19685264765788654,0.004823663763880576,0.02351913921845035,0.03387604598288078,0.6905423577090009,0.043231122441533765,0.0007517646953196511,0.22513992830025564,0.2871179127747178,0.005639462451645982,0.14283394628513923,0.3813618227857408,0.3498908610000032,0.3426256489117585,0.48435427956730603,0.02697953849578709,0.3072928997854363,4.9327104501834226e-05,0.0027017759060113024,0.003266777905197189,0.3871179792680911,0.2339154907870357,0.6759483786729851,0.00020245697968398262,0.039221094759346445,0.0,0.0005734328154809974,0.4289640879550874,0.9018313246453298,0.1434515771834407,0.09289649492181998,0.008245777383593219,0.28716283334721737,0.0019472454780759738,0.001081473179453063,0.0125888614466594,0.11387992248605439,0.028826735176281523,0.025934452949291392,0.7000616942170741,0.2627693201548304,0.02021729704286023,0.012199840230688139,0.005010901447976307,1.4587807540524834e-05,0.009502804214867388,0.0021825567414964445,0.015722110419966517,2.9982097087202385e-06,0.006127501862271279,1.8411596653774158e-07,0.02784083807192364,0.441288311464447,0.04085718197298066,0.0016019215752989466,0.0515780994864926,0.0003374546939196553,0.04108974536717771,0.0018572920376831847,0.000533895094662696,0.00033790788820393415,0.3476313450293026,0.023221557865608644,0.017474289483442207,0.10405023867773769,0.33147628809369306,0.021838616269547653,0.05454551730548867,0.011490787173996209,0.004504682383262099,0.01562060140134584,0.00224595392630594,0.002889229352050826,0.052661827955093776,0.0066238390655904075,0.09719564817139126,0.01742930869864969,0.4373774543131182,0.03135859781082864,0.0006060823145182526,0.46853789102390453,0.6742701769944937,0.006210607739958337,0.35295731982542494,0.005535611786640908,0.010636827505301205,0.001906206701432378,0.00017300536310939244,0.0013247593884321562,0.043885852360474695,0.0,0.07443380334764904,0.0008414980860418607,0.00996468542320526,0.01692216160647429,0.4174836218251223,0.03490205355137147,0.03358236899215247,0.015374368777031848,0.21353023580537908,4.626265584809976e-06,0.04549002760745903,0.014593482540767103,0.040466302952077926,0.8458744528642815,8.872706904197931e-07,0.010255084373801515,0.006593671385158781,0.03512920619688611,0.07605875722440157,0.8451592467416441,0.0,0.08629954781057902,0.0,0.004462940717480213,0.147326144323929,0.003836394078269245,4.671633320150124e-06,0.4446455203777418,659.9003598633348,0.74,10975.427968020267,34225.86468922194
-1.0,0.06227405989961447,-0.08379931648736705,-1.0,0.1097874469917284,-0.9951741733878412,0.145916829175267,0.15377461077410953,0.0,0.0,0.015209447578627428,0.7757752883015536,0.0,0.0,0.0,0.3481673333383654,0.0,0.0,0.22098712511436316,0.0,0.03478646166171099,0.0,0.4411995698065399,0.18490980796233356,0.10455480144549179,0.004128282483089644,0.0,0.4440562127947151,0.0,0.0,0.5921731108903199,0.03563334407583621,0.01536615439682935,0.07991922784893594,0.16121681550022152,0.012522005661685594,0.0,0.0,0.04110525776800534,0.10005591739094814,0.0,0.0,0.0,0.07743927466305744,0.585843097660417,0.0,0.8795218168866055,0.2782307344291699,0.42743638045656535,0.025555438101626412,0.0,0.10006209475033467,0.5614904167677238,1.0,0.016178886230952805,0.33951680528393946,0.0,0.05560514598431908,0.0,0.8835507109356965,0.0,1.0,0.0,0.03303492813288026,0.0,0.17276940053942197,0.17767354889603248,0.08705257438232018,0.0,0.6129801769484663,0.0,0.004049423083688175,0.0,0.08237607926993934,1.0,0.01541507070312333,0.0,0.0,0.0,0.9137428747870078,0.9910829674164531,0.016983818995164893,0.0,0.15619335005613494,0.11521872204651065,0.0,0.3838480413698115,0.0,0.04030729869965122,0.010873656832181253,0.3587605835306701,0.0,0.0,0.676610407623258,0.12227771231501094,0.43248942696486586,0.0,0.0,0.0,0.17250811462597318,0.2588860479060063,0.0,0.0139916575181253,0.17553140689086907,0.024533854235309748,0.09629133199817795,0.0,0.0,0.0863968457495039,0.0,0.0,0.0,0.14038714796697616,0.0,0.0,0.07205249567332643,0.0,0.8687987666362039,0.0,0.0,0.009479602143093837,0.27793484906512117,0.0578565356404155,0.0,0.0,0.14872885738655947,0.0,0.4351544665699463,0.022505837066277973,0.0034429731526027982,0.06759155334507293,0.0,0.1881593275558911,0.0,0.06539735099800721,0.5092779393021948,0.007039851055669696,0.07379704018567197,0.0,0.0,0.0,0.13256983361607624,0.0,0.03417637297258523,0.0,0.33620641592304584,0.19241373653337276,0.0,0.00017965109980113276,0.0,0.0,0.018206661152797975,0.11671032216706233,0.40715850495058203,0.0,0.019937999812077407,0.09641498960089301,0.006603964113870094,0.0333083615337983,0.9091928948715339,0.12658679651758015,0.0,0.09967015733634557,0.0,0.0,0.3886382562265731,0.001964292862130514,0.0,0.0,0.0,0.06363102117481449,0.0,0.0,0.0,0.6913954936467771,1.7375752260210863e-07,0.5140682211927801,0.6459178719731156,0.0,0.006659129651318948,0.03751152790710025,0.0,0.0,0.11012906730855163,0.0,0.0,0.09659422917039757,0.0011023988693035511,0.2053983898209868,0.11184881688228411,0.33977317162001164,0.0,0.0,0.0,0.0,0.0,0.0,0.0,0.0,0.05299824388709253,0.19683457720721173,0.0,0.0,0.4025978571451529,0.0,0.3950404290402981,0.67868890277748,0.05928214597442244,0.0,0.0,0.0,0.34572071499323603,0.0006221705469468065,0.0,0.30477267169453165,0.0,0.05030721725781681,0.006407837406675358,0.0063447443597920185,0.0,0.488469067166939,1.0,0.003041751998888096,0.0,0.18466737283552326,0.0,0.008223392683385887,0.0,0.22603163965793552,0.0,0.0021824205008906705,0.0,0.0,0.0,0.0,0.1522398781631249,0.0,0.01590533754847551,0.0,0.0,0.0,0.0,0.0,0.24539655637155652,663.1022177929369,0.94,7248.136500891798,222061.92941699066
-1.0,-0.31994604240160895,-0.025302396330847965,-1.0,0.12898400067786422,-0.9903847017217913,-0.7787948892044247,-1.0,0.0,0.0,0.0014812355464632436,0.21481317571575323,0.023000820576740248,0.0,0.0008499894911266773,0.14795881863626711,0.005830728625229626,0.0,0.019288144948428874,0.09330570302902541,0.0,0.011981878900192129,0.0,0.034751838793774435,0.0,0.5242394383623112,0.00106687412851806,0.2730387534854358,0.0,0.029289218051004783,0.014654403296188598,0.01898183059303892,0.0003156868091236664,0.12162202297818873,0.0002854003587139712,0.0027614103627328327,0.0,0.014976119310604032,0.07252242469003053,0.0031016140749204808,0.0,0.6322585753302238,0.010938555661443743,0.04222923200137797,0.018727904456756088,0.029501438048937224,0.7342234059835424,0.0014023341401194116,0.2514328750223759,0.012606118965500662,0.0,0.0,0.5056514173100124,0.0001049357124957394,0.0,0.002766141762600563,0.013306279640364668,0.004671642408367103,0.0,0.02151151325745986,0.0,0.0,0.0,0.03805437490061704,0.0,0.19198225826216256,0.04004601999401027,0.005670029186214517,0.005084553842853922,0.06577395151171794,0.0,0.002612925437699601,0.12208581934114762,0.030113973132680157,0.0,0.0,0.0,0.012618030816351246,0.0,0.05627917193772605,0.0,0.0,0.0003016025247653117,0.13753591898210824,0.008416167628167796,0.0,0.20030091292895494,0.0,0.1199352911379756,0.00026638322286562204,0.0,0.0,0.0,0.5863084890483737,0.27158502495083686,0.39079828686068613,0.041514474050996134,0.44789403034595204,0.0,0.11340685291922858,0.008922309678995951,0.0,3.735305523435117e-05,0.07375854721477766,0.0,0.08565238282081922,0.04062679511176293,0.0,0.11129301320758349,0.0020245178460507308,0.0,0.0,0.007940311910405791,0.0,0.009022859904798085,0.028826114147770896,0.0,0.0,0.0,0.0647151382025525,0.062199292647119875,5.656383496690869e-05,0.01809088094240746,0.0,0.0002964954618204297,0.17573448629957844,0.0014082214149683727,0.0,0.056879417053699664,0.00033935571857274575,0.0,0.0,0.4433620910282873,0.0,0.0,0.15598717793967354,0.041490884463307495,0.0,0.022842357530667073,0.00013454115468615867,0.0032743683938775228,0.29412618108123795,0.4716048626767641,0.01622329552643868,0.004466114882841356,0.31643820165433956,0.197234015413567,0.06504286681902689,1.2699515040842953e-05,0.28800773236381116,0.0002112723687771466,4.1876260005142135e-05,0.19174661379017252,0.48278019576487907,0.0087064322903878,0.028812438852714874,0.005610751046617335,0.0,0.00645011030007271,0.04921990754929106,0.0,0.0,0.03033973717967524,0.0,0.006498118614183844,0.9897576910828005,0.0,0.0138470448531998,0.007874952412583616,0.0,0.0,0.0,0.028438105543568216,1.9020642011031026e-05,0.06561785156979338,0.0,0.3063621873998038,0.06007137503063837,0.025257244337281753,0.0,0.018645756746738892,4.8014202015478e-05,0.0,0.022621637009608467,0.0,0.000758351839671045,0.040910272614058926,0.0,0.133661803163613,0.10543022612281312,0.3267669532839623,0.006507334384107248,0.010626859463871905,0.0,0.0,0.3490138794867735,0.0,0.00013042907470465711,0.04011151689650478,0.003226126564251648,0.007855255991613885,0.03758793144173786,0.0,0.4493957019172683,0.002812089981143331,0.29306843665628624,0.6262619494984384,0.019960814009401397,0.01067428640753923,0.0,0.03181772486346907,0.0,0.0,0.0022791752185786773,0.05472633149960969,5.9264649554533235e-06,0.0,0.0,0.022258618094785756,0.0,0.18638671712555666,0.0009969160701142406,0.0,0.004327352227437922,0.462215829149633,0.0,0.014411236648050774,0.03336758932309472,0.21287219227626572,0.0,0.0,0.36680806486617246,0.0038995384610721194,0.07347840249959228,0.00043035527514645217,0.003689119484064989,0.0,0.0,0.001772524328330612,0.00033338587160338415,0.0,0.00848190940209757,0.0,0.0031731090839761354,663.1007238927893,0.98,6772.654128582046,222933.4855720215
0.4089465275255348,0.009991932592525656,-0.04802579835437322,0.7859053640330238,0.04452843388628418,-0.9007653785902744,0.20716435694259797,-0.89165536914886,0.1682129965110893,0.04544037835636604,0.0708545011634099,0.2517454761241064,0.05204587267154921,0.857594256457074,0.07693380584718366,0.16639008591664783,0.006436738831595179,0.18539858359733674,0.4783133763910935,0.062475083517678755,0.07019782639638776,0.1127253939811926,0.10530896300430209,0.07265095960369035,0.06793810381965781,0.0006035947346082254,0.002936248743059227,0.38195706704684057,0.012250380260837359,0.00019872808183321253,0.9986792731636409,0.016562894915503622,0.014037777662639962,0.008441144701507065,0.0028907318146497996,0.018928920903681794,0.0948873285877274,0.7633428596558576,0.41789032242353535,0.20109670349814784,0.03895866169213187,0.0029711998755045377,0.030359342358952924,0.007204130850357596,0.00016337189827034422,0.008337923399124564,0.9857526144417762,0.012139059550750389,0.20815529035130803,0.026423691560138247,0.09597408173795752,0.0013929388303353589,0.024185767813069636,0.02253524482813967,0.16362248285220318,0.002214851941732596,0.050533387354522896,0.0,0.8750944368389626,0.8434774335460097,0.058805356719133284,0.5227819152914788,0.013245899863105128,0.06734207405787826,0.00537012905813769,0.6337491884711698,0.17816954696617623,0.009232537823663067,0.6364583650976303,0.6204752661990205,7.498819410773763e-07,0.015551414739278529,0.15043766541533382,0.057138632917395155,0.0011041254435481783,0.0831620730777889,0.007875753060991874,0.0021691474477374684,0.8353708151197934,0.7394706520934168,0.9595459733635023,0.740899734336585,0.028354946875393805,0.22905212694071964,0.4129455527827358,0.0008671035341757942,0.22538635239481794,0.05041437078643736,0.06731197725442302,0.08229033924224605,0.08917500233665314,0.03321377466238845,2.159989335720053e-06,0.6952581739703042,0.2808049881611033,0.41693587912839464,0.25756911594596504,0.44929769892945687,0.12084717438053698,0.10181232437791095,0.19425257556346257,1.2990560175208132e-06,0.037476099509593186,0.17370832483233123,0.018804210408387475,0.34290582567644984,0.15473239628398583,0.0,0.15127453828676624,0.03850360321871879,6.254738903121325e-05,0.0019350752365535277,0.36135814330832083,0.9448403703160855,0.9863671524823368,0.06352775183773979,0.0002412872690852544,0.011189082406102379,7.143214441356961e-06,0.021752340802741726,0.06595590779427837,0.009631786487856203,0.009164031146049037,0.7718851409504537,0.07797432422690445,0.17815879439838525,0.031193028402020623,0.0680726903426983,0.09172928062719334,0.007257279498762564,0.00597926573076425,0.0,0.44456202737915623,0.28522745115930903,0.06901104463856067,0.16814706348171507,0.007256115199409138,0.06813625121037675,0.3364119151450873,5.909829121316009e-06,0.7200064171735114,0.2695875223507982,0.00011381329567350645,0.9807573739847477,0.018246275325339067,0.43726002653279816,0.2046267068752976,0.5776875054843038,0.0,0.5017187260489774,0.01297470570212021,2.8190600887548906e-05,0.20121255014213665,0.3116014462141803,0.24170551799048912,0.9561231595456048,0.36728714993240597,0.0,0.050738698723752806,1.0,0.1937696176378296,0.009897364249855961,0.3373750607728355,0.05566751324886968,0.7983869573487637,0.9534811705762064,0.015018695301977587,0.0029387259069752706,0.1470432144161978,0.7219882518846816,0.03581648470559765,0.00051458651097884,0.028150901525048788,0.0005147243983737119,0.0713518063383233,2.0745515157565876e-06,0.31226387285752344,0.48221359720259915,0.8539445797433173,0.0013741919644961187,0.05336966888778298,0.00010265869464552366,0.003757698231377978,0.0019924342270860474,0.0011714180961083223,0.030218998972338477,0.25725371906525035,2.6710827313003633e-05,0.17569050971549846,0.11083173686601477,0.346080660129622,0.2016915523116732,0.3439744567038657,0.019620902485267433,0.042444105684376114,0.3378194322860012,0.0002224182008040419,0.0,0.6791600422661139,0.011212100406892824,0.18362598331718508,0.21054751796612264,0.40863684207708767,0.2418658954668316,0.012877255175896857,0.29129638208348146,0.6447378811121076,0.17856730065621398,0.08178594907992602,0.008859619147782868,0.509278034573943,0.0015872666915702314,0.0022112059476565105,0.049237722184397495,0.04854473815119299,0.003639459610102017,0.10876036942017472,0.04657059746717015,0.011360155344863593,0.01348222005418571,0.47633089321220234,0.006826176481769482,0.1480710939100049,0.34047598364994663,0.4565825449058966,0.09925717766833708,0.00955766821107271,0.02089966122762456,0.3957611277720666,0.02322269826579626,0.0002064816677797652,0.35900831953331075,0.003512778691589751,0.05855345678412023,0.0817528206310861,0.9625155390046776,6.0796243422058855e-06,0.017587187435086346,0.04218836202974159,0.004559441003228418,1.3712953774384348e-09,0.0,4.166907114584817e-09,0.20181424174339105,659.8877747596778,0.8,10985.799496159754,201394.89857663153
0.3639708914691178,-0.02178210541725555,-0.04679485110435913,0.8272436573310687,0.15950355715687017,-0.8955302991050178,0.06913395508778655,-0.043829294723421175,0.1539215827405901,0.03171059525683835,0.05472942172868546,0.23952800584695122,0.0081301867983344,0.9369459014666894,0.04208701640857687,0.36829196601750197,0.23791512604129128,0.018829517365036574,0.405556127690689,0.09790723261245932,0.007066121143688833,0.08099564675843915,0.020502256784360715,0.05463285275727588,0.3569983366163293,0.00042621806914057317,0.0030533573167198834,0.25970979555446133,0.0002635601086297789,0.03352755962780806,0.9872238109100894,0.007561788237309626,0.023552578585878624,0.10768591590244708,0.011908916197229094,0.0020541691211144342,0.10005908109423722,0.12218476512828585,0.1845066983647264,0.1964539560615956,0.045720862780962775,0.056282999896317604,0.010147394136522343,0.09548833951329434,0.007363737753717464,0.06524602482498101,0.9281486150481514,0.016904304112265654,0.5331338177463114,0.34758396348837384,0.00886929008982375,0.07573462297731218,0.5210003782015695,0.0513539374181467,0.05328395578974959,0.01866370818233712,0.04347375272785687,0.00030171437718835327,0.031715003475942125,0.8499336711635666,0.05870562763977723,0.059068048827738945,0.017864831806242355,0.04780743729142616,0.15958115050547866,0.9788009180557097,0.17771109958748127,0.1885583810791901,0.3883159314482592,0.5787355951821609,1.8235412551562157e-05,0.004087563509925414,0.9625472749363786,0.07334983385560961,0.1060230949444343,0.019348168860609572,0.2215626371897418,0.03983678308535067,0.7493022982087219,0.7391583242644596,0.9146158816256859,0.6052311226982473,0.026458266531637707,0.2951958233790261,0.46407192853263096,0.035833888849208156,0.6772111010637809,0.04402803903607615,0.1326704611424938,0.00026907757065606705,0.10588666741462,0.26590186217304984,0.0629841168776018,0.6263185050913436,0.528644409011764,0.40473079815959956,0.02200326771589263,0.17975569677522416,0.09252513767559009,0.12396291322989168,0.26361300239512964,0.0011705683985769651,0.007469895554504171,0.17287476236897323,0.0008997384204532388,0.6730668834205151,0.160871409051622,0.02786128380733477,0.33495739895386006,0.03844560098990882,0.27626456459641285,0.0030275189610531822,0.1238440057315248,0.07080732530624023,0.9976551105020264,0.032985545315499444,1.1968923135403952e-05,0.44343031995633503,0.0003347033202695033,0.05088743155110857,0.5217298310415968,0.0509989274017921,0.20693666232331365,0.7382358253117647,0.18683826252863978,0.20486282956510876,0.007316489986346236,0.24698533934454203,0.14835878204604674,0.03520569802544643,0.002987154870815672,0.00021563964507996525,0.43537877065388736,0.6035695900790125,0.0053898757998824265,0.36029895769346987,0.0036575107587464993,0.034061031909451894,0.10020214976602293,8.981014652031764e-05,5.887429404556263e-05,0.2986744263690533,6.892859641615019e-05,0.040682030191968234,0.636758705553683,0.687484855243403,0.405393076618499,0.018248128674777986,0.0016799703576345876,0.24485512083361216,0.0012259211929128277,0.9443765416880355,0.21030891786587963,0.9053350587352635,0.19505841112195377,0.26786339491016337,0.20216556952564171,0.00041116187979475864,0.21057495602752646,0.9953748424871512,0.0018313800659747123,0.0021862073372391406,0.37639996168503914,0.06920469572071156,0.7063976335766088,0.97716144754724,0.023263015767087156,0.001507889899864374,0.06894570730618832,0.003493368071625478,0.035686721587899754,8.823498747896857e-05,0.7400298210059241,0.00043552455033093193,0.09712937103376978,1.8451882996476026e-07,0.30801804288310936,0.5625169634429328,0.09064830801807822,0.014797529221593109,0.05505426701345734,0.00324330619860092,0.0039785914217374185,0.025090533381268106,0.0012767500030246982,0.029863905155477828,0.2600091529363721,5.254777925715274e-06,0.13473176414869747,0.14066635378543907,0.004008498792927778,0.19727452693475125,0.30889443634340724,0.8319227420669396,0.11955924630231145,0.3711592003806944,0.5356061464430847,0.025639736911316817,0.6688511670281523,0.02464270412504044,0.19192333292505676,0.03618947856182619,0.35287085951461733,0.742468977670573,0.28430997550094367,0.8314249051834524,0.6771900024740858,0.17507054321636595,0.3467475723367616,0.04114089956509044,0.012012146939603431,0.004677591989620505,0.0013375090120753448,0.026628943527231365,0.06093119813418836,0.012796165886311866,0.10989066425814299,0.02473632026216393,0.317585761575115,0.05130870734726262,0.4568565436253735,0.0040279696250242756,0.02832169209989286,0.2717429954733123,0.44280415370458986,0.007394123118325116,0.01093606053784606,0.01432631500477341,0.38165931426522176,0.820853208155724,0.00026690384325945454,0.37944391043206727,0.03661284225806091,0.060703619366467176,0.0804214510852703,0.007201948207486021,0.4239539473179434,0.8032212124467049,0.06028138260540846,0.25812637733606225,2.5479671680643714e-06,0.008152984918580242,2.2590883579936104e-05,0.41138239112420005,659.9052452057676,0.8,11206.989569773497,168452.37790716297
-1.0,0.058534677531102905,-0.09529032639700231,-1.0,0.10726422026279538,-0.9997059831519416,0.10954731237377915,-0.9536449171593169,0.0,0.0,0.020754322372673106,0.09797464269935466,0.0,0.0,0.0,0.3342102237654998,0.00322844736112184,0.0,0.22456251054303566,0.0,0.03240798329096148,0.0,0.4081438990111395,0.03731028506534692,0.1010890032089225,0.003560461375159236,0.0,0.00147336823822386,0.0,0.0,0.0071569935652855965,0.022654039818152623,0.015257852798406635,0.0915521569365799,0.15508091247969136,0.004515020653725053,0.0,0.003050642454364979,0.054710689660343745,0.08750203926994032,0.0,0.008379723087776575,0.0,0.0028144904739443033,0.014569199785915365,0.0,0.8155740352084325,0.2547851454706539,0.38751792612755614,0.016463102120852433,0.0,0.0,0.1906408519591598,0.01604195753064036,0.023380878428087414,0.003930687816439626,0.0,0.00024967345184284326,0.0,0.8480844534704219,0.0,0.5063448725492901,0.0,0.034574445240699,0.0,0.18741395567754898,0.007494460099388159,0.07748242624592416,0.0,0.10434879367729744,0.0,0.004079602407557236,0.0,0.08133618409293666,0.027595222732775704,0.01915207341020932,0.0,0.0,0.0,0.7550918926482486,0.028362545913722226,0.05097256352661385,0.0,0.13169505543949975,0.014898189989408075,0.0,0.37475676978878525,0.0,0.02785155558504885,0.011113825182530906,0.3354511193555307,0.003308734175404331,0.0,0.6602087551423134,0.13510284918827342,0.41859493683084487,0.0,0.0,0.0,0.0861572276962204,0.006921004742388381,0.0,0.0031255816176487677,0.07346459886908879,0.002691953261536012,0.10901353017959836,0.0,0.0,0.10280169820969522,0.0,0.0,0.0,0.14294867675412792,0.0,0.0071817194109148,0.058185356758282,0.0,0.8040275460319597,0.0,0.0,0.01368044240879185,0.024549006434358214,0.008440149493022728,0.0,0.0,0.1529344676550416,0.0,0.025656269489392286,0.02756226060100618,0.0038173681411760516,0.0016828994425640703,0.0,0.19386979765407225,0.0,0.00976735647074485,0.16077013796960773,0.015658806073317662,0.005937817456491752,0.0,0.0,0.0,0.13621326952293403,0.0,0.037245522156411616,0.0,0.3411611769043887,0.1980381102408644,0.0,0.00021370365070838245,0.0,0.0,0.0006560365430325395,0.1323594189248726,0.3486547763912757,0.0,0.0348646594008756,0.10541917161747098,0.008356794145142324,0.037978218601790986,0.007574576377693765,0.11892264551390246,0.0,0.11333938104667496,0.0,0.0,0.38098875821731726,0.0022350145925826514,0.0011403949628223712,0.005523260917992542,0.0,0.05788401195796078,0.0005649916340613662,0.0,0.0,0.01782821729680234,2.4897560847904467e-07,0.010793946143166866,0.5989362173968109,0.0,0.0002832475649703131,0.041943285460781174,0.0,0.0,0.025220140588824255,0.0,0.0,0.10544571716991159,0.0015087923035166392,0.20965668245976676,0.016423954261693373,0.32878054561086734,0.0,0.0,0.0,0.0,0.0,0.000200071363856422,0.0,0.0,0.023731415157494426,0.21025615894470598,0.0,0.003387929323196719,0.3794533680766156,0.0,0.39080468524842815,0.6475768087340966,0.0640288624590803,0.002390957001248897,0.0,0.0030787729903260868,0.2870941806468007,0.0006076853693963618,0.0,0.00872802921165619,0.0,0.04244478621593466,0.010288726527995548,0.00023476839390282767,0.0,0.15558574635899433,0.9831989699811872,0.0063590804605509095,0.004110559769699752,0.02225873636206943,0.0,0.007936417461782645,0.013620296535589672,0.22350716133792645,0.0,0.000853894248771861,0.0,0.0,0.0010406853254155716,0.0,0.1518914465638186,0.0,0.0005480379914172395,0.0,0.0,0.0,0.0,0.0,0.2479611740310156,663.1030512904503,0.92,7304.092115641406,221693.99108640174
0.34761443595994684,-0.018394085162362638,-0.8473723238143493,-0.2698259094398877,0.10130335226091058,-0.94119155543372,0.09744603504619756,-0.9974554671359228,0.10844155915739057,0.4513871495243979,0.035086617414713014,0.23952070155971827,0.022510988052601842,0.7631761100570033,0.003892356995626879,0.1757190248325782,0.0297311669392884,0.05544004493994961,0.23445582073469529,0.04710045087074961,0.004929694811870078,0.09370582279903,1.0317099601846332e-05,0.03598876535761274,0.08335423719431628,0.00045132829154864826,0.020708573270804997,0.06190666039658821,5.08604962202711e-05,0.03277019079821326,0.04016679049563744,0.01647129496292279,0.00017691757632137123,0.014651829063068535,0.00197965706607256,0.04903712801305288,0.0010263975494117306,0.04321797829406124,0.018690504542090217,0.13051872919996785,0.004135438620357097,0.0024530508091150788,0.009744132710741218,0.008229020385701363,0.00122157220508205,0.0030929429125931196,0.508292628418073,0.012726530690681557,0.2544272362493564,0.06516899277690252,0.0014215984357259205,0.0005883538216286714,0.1388976099279994,0.001466143370444064,0.05500156295933841,0.014140070187925114,0.01177553509031923,0.0032356059015376986,9.42556919755225e-06,0.03035441788337285,0.020168184910634802,0.5525464531685321,0.004235468189033065,0.03144184138787892,0.01626173010228377,0.2183851208899931,0.06995353705111933,0.004919492026002767,0.004986501763699389,0.08419816486618073,0.0,0.005866213353003294,0.01324721234275978,0.004312098465878121,0.10369498370317475,0.09323681377973109,0.00046018355825992686,0.028709101489846296,0.004087605532523797,0.4490535329918192,0.9004074375069873,0.6570669183687001,0.0004097587786714308,0.13733815952369427,0.0002121751851638081,0.04412483723734817,0.6553208706313165,0.001054699548520343,0.08634685208131626,0.0019793670921647104,0.32118212647518574,0.033596235608858216,0.015633706893926402,0.6887425576035158,0.15174904830391725,0.3986122131004587,0.0014771594230486296,0.4323226420546861,0.08869891166709891,0.021714529372951066,0.00844042313161864,5.770890720258702e-05,0.021031739129759593,0.17143820391211845,0.015045296020380065,0.3265059413740929,0.09273739521164037,0.0054816389008683075,0.01901941643974403,0.002315745525793729,0.00016540076248420122,0.002944634105924027,0.12059154279761063,0.0007992237622037098,0.020899315720320444,0.045710729987146995,1.7013589546616245e-05,0.017551464946460944,0.0013582145934072703,0.02063813485766589,0.03175135842186669,0.0005918529298251617,0.07068780554804632,0.006576669704578646,0.08611664737486749,0.19685264765788654,0.41082351147436075,0.5804674777395036,0.03190413838280233,0.665327591275532,0.00020218761164104634,0.00013550668046938432,0.4338105664332831,0.0023326443408668296,0.04074584788863289,0.3398913650990178,0.37061399940169115,0.0018639494880470424,0.3044531626200763,0.0034692858034343355,0.6647369039186297,0.307079681526673,4.9017819888915015e-05,0.03646637752304549,0.0,0.6973136536119715,0.35082143550389316,0.023968171404638965,4.9331988689875744e-05,0.039221094759346445,0.0,0.049081900482276924,0.3556058442881559,0.05442370285056665,0.02174428270764684,0.062368583435953764,0.030983563373747913,0.0020932982794024967,0.45389960041654,0.001081473179453063,0.18617960748798726,0.012166772419755459,0.14842048068341077,0.3927589850238582,0.09350225445362403,0.2688138549924471,0.021153807498412967,0.0016636235532513667,0.042763116871516085,0.019289308487986954,0.009989277648200082,0.002217921757532604,0.010228259318932214,2.0404515664661867e-05,0.0668858806242817,3.224228307725563e-10,0.012054399281254102,0.4392571252009937,0.013103123347493572,0.003906313974946949,0.05284776928538418,0.0003374546939196553,0.012283956551385356,0.024549267864272507,0.0009134249254085746,0.0006466403754196194,0.3978071322267416,0.0005802827612398896,0.015997948284849683,0.10373484817090944,0.3418939492649462,0.0639064518659362,0.20780097042492432,0.06375828486276698,0.006658449305924741,0.026594996951730555,0.5103836354384674,2.900429945093747e-05,0.08401455181575546,0.0022655310583672306,0.09697734452462031,0.002485710854683805,0.37120398761022694,0.37201463001809837,0.0006060823145182526,0.4721590396866966,0.6746282353460347,0.0075800846448164025,0.05192260735984336,0.005589269259737037,0.002694649136241605,0.0010094245126092,2.3465441214809805e-05,0.0013142643382039174,0.041137367693076764,1.227100845585024e-12,0.11290562762260047,0.0008336895673237438,0.035010304961037055,0.003483876878881436,0.4496166541929395,0.03489405058780467,0.015405972390659238,0.004463108258816103,0.4847470870044102,8.282498241371809e-05,0.01385860292696197,0.09833421564478344,0.2420253189134809,0.043741738709860034,8.823902474885617e-07,0.07267398589482199,0.0011138877759607896,0.06148117745106195,0.07326673621089064,0.007075387645329889,0.0,0.7992597667479338,6.217942714918266e-06,0.0002096160445344392,0.0012752113635717544,0.007864403795280561,4.671633320150124e-06,0.2274435396369409,659.9028237087464,0.7,10865.841225736307,201324.42006082437
-0.8767253860711663,-0.015120924878041887,-0.07512551015926366,-0.9973668920435946,0.12646237078831757,-0.9806778358092825,0.0921420584042067,-0.9966045351149861,0.19011128190149706,0.024483410063909493,0.06888490415144924,0.2394463320277296,0.03822196550163654,0.7644997213787628,0.0744427253855961,0.15334727067644843,0.0013760480980218315,0.15054024720331582,0.3077825217642215,0.05632767648201495,0.08078660705030524,0.00395159230848386,0.00014988294504311023,0.07473027068754037,0.025446647473823997,3.814655862036055e-07,3.1057753672262536e-06,0.038064817880602314,0.0001940372556982076,0.00014816004934545604,0.9616795627129073,0.016637881723418183,0.021151604053289925,0.015774102727641015,0.013249473570531984,0.00560974242207591,0.019855539125171934,0.1147822354912661,0.1829023164438534,0.09158075000547859,0.00020925765061749203,0.007458570366359071,0.0018087894037761868,0.005294269638040149,0.0,0.0006006791767018127,0.7949790255417882,0.004354912566775971,0.39430849797459205,0.003069660235007354,2.995579686192209e-05,5.5392539600541794e-05,0.3225294752522501,0.006525563681973164,0.00779052183155011,0.0007967543277818505,0.004932244181136556,0.0,0.0029628244847870037,0.320418879678966,0.011181075559997686,0.5500736691548622,5.7718013012293505e-05,0.045081903108521865,0.12970241983904568,0.12581276971349753,0.11119590219782344,0.001852653647157046,0.012383387739208341,0.5656309811142378,6.440294438381137e-05,0.028683878097769323,0.0278594711686731,0.059333040536064835,0.001786767811737348,0.02352720789113169,5.715924306447728e-06,0.00020548751699135757,0.004823552500022643,0.5129974440231724,0.863806002997724,0.11543394281740532,0.010685364607747678,0.22808284963995867,0.4491580362923438,0.0006961570239082456,0.36195514350748703,0.0,0.08958404855435492,0.0002033414428259002,0.0859450669019415,0.023904159011477234,1.112106613535485e-07,0.6947848085238235,0.5288406589822485,0.41687720790041083,0.041389442478098254,0.4524343679415467,0.002757172638482219,0.0880200272065757,0.014331037846044642,0.0,0.0073099021469210206,0.07800401309150685,0.0,0.3862742537632554,0.0033400151833960735,0.001986390759344715,0.620218036468119,0.021340433470137646,8.872551286960898e-06,0.0009979666652559088,0.3779706013725547,0.000567875790598707,0.005463540326412697,0.035482960016160026,0.0,0.00196753310881867,0.0,0.0016889773737010956,0.006908368755346353,0.0038236209532824268,0.0721146889195201,0.006078967901322119,0.013029274580688796,0.17657953414973812,0.004904464988282701,0.5418143822135774,0.005478375895514434,0.003372139111768666,0.011033355948809023,6.603869378959763e-09,0.447777299313969,0.2526616123825194,0.28660970946011577,0.37211754126000784,0.04808597062008083,0.003512253058650338,0.349475660545349,0.0,0.009765813890470331,0.057137835809339094,0.0006791137354807138,0.016495355759697065,0.004152300097769401,0.34938018211181243,0.23637073231767217,0.04581524447338908,5.3825645379197305e-09,0.02813528531860998,1.1633151754419014e-05,0.0019832760859933886,0.16542706230308138,0.315949297040585,0.006479226450519987,0.09417282063072302,0.006476274818124739,0.001620120374854427,0.244235726560443,0.006669038819439588,0.10470851719053405,0.012018089873232666,0.3538347902791141,0.03939875884562158,0.6938418394100974,0.1972447490469847,0.004804291985534464,0.001677771705094214,0.0039731202017255565,2.7944312690435884e-05,0.0011529162224608869,0.0,0.6393890257276116,0.0007431565555999328,0.012576809850388546,7.343795513476029e-06,0.31046491518039543,0.003586602016932172,0.08248435317852454,0.009486896805131977,0.02545194867227942,0.00015902734136554234,4.141188338861371e-05,0.0005578974790205662,1.0123183404893172e-05,0.030847476757724125,0.2836750527547267,0.0,0.13399676625086088,0.10680310023053294,0.340780994709869,0.005289951093243043,0.02951096182749621,0.07149765234674355,0.0001843114721500024,0.0826217186118722,0.0014635523085382088,0.0,0.033208886257120596,0.029117941066611825,0.6919983021993809,0.016810508140330107,0.004233604825553655,0.036468380591741095,0.006025403643211743,0.8483821277687644,0.6439085505962356,0.0018317212668642387,0.08125902922964244,0.005273163033817852,0.012997380074991037,0.0034624398377772754,0.0002677366917264602,0.030363918965059966,0.0023603558198185826,0.00021706632479847774,0.003583303174399498,0.015471383489343501,0.006240799096280869,0.012062736700015791,0.26392688480693804,0.0012125623604096539,0.027772040698773724,0.25127479517523543,0.012439159078155043,0.0011089152563783368,0.0008085163519495724,0.0040424859575548385,0.23567860074348213,0.5224209741524988,0.0,0.008498140832781637,0.0009444964737017915,0.006218966070857028,0.050184338137067054,0.004513207530184466,4.964400255283571e-05,9.892654455119156e-06,3.407445604924843e-05,0.004353287290235085,1.945359842526391e-07,7.027396835642642e-06,0.0,0.18592993111838899,659.8839306893296,0.8,10562.217090490583,202696.72046504746
0.34761443595994684,-0.018394085162362638,-0.8473723238143493,-0.2698259094398877,0.10130335226091058,-0.94119155543372,0.09744603504619756,-0.9974554671359228,0.10844155915739057,0.4513871495243979,0.035086617414713014,0.37489447607780213,0.022510988052601842,0.7631761100570033,0.003892356995626879,0.1354636942065241,0.0297311669392884,0.05544004493994961,0.23445582073469529,0.04710045087074961,0.004929694811870078,0.09477431202778633,1.0317099601846332e-05,0.03598876535761274,0.04025574037117172,0.00045132829154864826,0.020708573270804997,0.06190666039658821,5.08604962202711e-05,0.03277019079821326,0.04016679049563744,0.01647129496292279,0.00017691757632137123,0.014651829063068535,0.00197965706607256,0.04903712801305288,0.0010263975494117306,0.04321797829406124,0.018690504542090217,0.13018926125052263,0.004135438620357097,0.0024530508091150788,0.009744132710741218,0.0003572198301897891,0.00122157220508205,0.0004640476411110271,0.508292628418073,0.012726530690681557,0.2544272362493564,0.06516899277690252,0.0014215984357259205,0.0005883538216286714,0.1388976099279994,0.001466143370444064,0.05388167006117768,0.014140070187925114,0.01177553509031923,0.003219319963111868,9.42556919755225e-06,0.03035441788337285,0.020168184910634802,0.5218849015537648,0.004235468189033065,0.03144184138787892,0.01626173010228377,0.2183851208899931,0.06995353705111933,0.004919492026002767,0.004986501763699389,0.08419816486618073,0.0,0.0017750257431521175,0.01324721234275978,0.004312098465878121,0.10369498370317475,0.09323681377973109,0.00046018355825992686,0.028709101489846296,0.004087605532523797,0.4490535329918192,0.876510618548645,0.6363878677605732,0.0004097587786714308,0.13756693728605696,0.0002121751851638081,0.04412483723734817,0.6553208706313165,0.001054699548520343,0.08634685208131626,0.0019793670921647104,0.32118212647518574,0.033596235608858216,0.0002723131299263203,0.6887425576035158,0.15174904830391725,0.3986122131004587,0.0014771594230486296,0.4323226420546861,0.004078902380639432,0.021714529372951066,0.00844042313161864,5.770890720258702e-05,0.021031739129759593,0.17365368343852733,0.0006986745027469654,0.3265059413740929,0.0027285615245529124,0.005343574306436284,0.01901941643974403,0.002315745525793729,0.00016540076248420122,0.002944634105924027,0.12059154279761063,0.0007992237622037098,0.020899315720320444,0.03534888643347412,1.7013589546616245e-05,0.017551464946460944,0.0014097129893507732,0.02063813485766589,0.03175135842186669,0.0005918529298251617,0.07068780554804632,0.006576669704578646,0.08611664737486749,0.1976465117363313,0.41082351147436075,0.5804674777395036,0.03190413838280233,0.665327591275532,0.00020218761164104634,0.00013550668046938432,0.4338105664332831,0.0023326443408668296,0.04074584788863289,0.3398913650990178,0.050616399994431016,0.0018639494880470424,0.3044531626200763,0.0034692858034343355,0.6647369039186297,0.2810866082332604,4.9017819888915015e-05,0.018823675679005274,0.0,0.6973136536119715,0.23883674776961575,0.023968171404638965,4.9331988689875744e-05,0.039221094759346445,0.0,0.049081900482276924,0.3579652045446637,0.05442370285056665,0.02174428270764684,0.062368583435953764,0.030983563373747913,0.0020932982794024967,0.45389960041654,0.001081473179453063,0.18617960748798726,0.012166772419755459,0.14842048068341077,0.3927589850238582,0.09350225445362403,0.2688138549924471,0.021153807498412967,0.0016636235532513667,0.042763116871516085,0.019289308487986954,0.009672961923372473,0.002217921757532604,0.010228259318932214,2.0217130550027236e-05,0.0668858806242817,3.224228307725563e-10,0.012054399281254102,0.4392571252009937,0.013103123347493572,0.003906313974946949,0.0008492205297633421,0.0003374546939196553,0.003682625226913973,0.025094237983158973,0.0009134249254085746,0.0006466403754196194,0.3978071322267416,0.0005802827612398896,0.015997948284849683,0.10373484817090944,0.3418732524292443,0.0639064518659362,0.20780097042492432,0.06375828486276698,0.006658449305924741,0.026594996951730555,0.5103836354384674,2.900429945093747e-05,0.08401455181575546,0.0022655310583672306,0.09697734452462031,0.002485710854683805,0.37120398761022694,0.37201463001809837,0.0006060823145182526,0.4721590396866966,0.6764699715432999,0.0075800846448164025,0.05192260735984336,0.005589269259737037,0.002694649136241605,0.0010094245126092,2.3465441214809805e-05,0.0013142643382039174,0.041137367693076764,1.227100845585024e-12,0.11290562762260047,0.0008336895673237438,0.035010304961037055,0.003483876878881436,0.4496166541929395,0.03489405058780467,0.015405972390659238,0.004463108258816103,0.4847470870044102,8.282498241371809e-05,0.01385860292696197,0.09687672256210172,0.2420253189134809,0.005114159583155253,8.731377299323922e-07,0.07267398589482199,0.0011138877759607896,0.06584400537686921,0.07326673621089064,0.007075387645329889,0.0,0.7899969820297179,6.217942714918266e-06,0.0002096160445344392,0.0012885352006402142,0.007864403795280561,4.671633320150124e-06,0.2274435396369409,659.902954439928,0.72,10835.14617488956,201347.0127145397
0.3483578687202018,-0.018389484984274188,-0.8331849010591184,-0.2698259094398877,0.10130335226091058,-0.996699453334806,0.09721386659256982,-0.9066875541345099,0.10898208099052778,0.07976447583547103,0.03711531160217532,0.0930158836956324,0.022604171599837006,0.9620429020852164,0.03548649500887353,0.1757532029469513,0.02973815287061668,0.06630203734349505,0.25672480735272196,0.09626660802425788,0.0044301247265803295,0.09223510871069095,0.012528507538918265,0.040595519762225946,0.0005852359141926107,0.00034305719343778377,0.000682867073568337,0.06190666039658821,5.45393381047002e-06,0.033531041127902554,0.04022264874759871,0.011400088477628143,0.0007204960272862663,0.014938757702615709,0.000940619682704702,0.04862711181655911,0.0009435157817428846,0.04321797829406124,0.018653124269501498,0.19883975021241057,0.0038421189382147475,9.74325829895947e-05,0.026070331828045766,0.008229020385701363,0.0,0.0033976857264436198,0.9479191462369365,0.019009799011580862,0.18221500267322224,0.029955984643710326,0.0012947119047828786,0.0271662736881283,0.5030007992967048,0.051735583791246306,0.05087044187888843,0.01413433169487982,0.0007490411444187285,0.04951913866843463,0.03994401621466357,0.3323698845726242,0.02252521697916171,0.5514948646167893,0.04010414382973672,0.04707751547099036,0.01626173010228377,0.21841015557953036,0.05588766561084932,0.007173379553542627,0.0019250980603402468,0.07635146875405734,0.0,0.0011320722018548107,0.013215665265322571,0.07823174851399729,0.10405037489209995,0.44808248055379374,0.0,0.03949396038755981,0.004983795930176199,0.4490535329918192,0.8795443369493502,0.639539006491869,3.404136175692266e-05,0.11184749638792663,0.025192623355201324,0.04412483723734817,0.2564527732173898,0.0017738940133683115,0.49695039482695724,0.0004097089410604606,0.09881923036282846,0.972632488106954,0.06883444787155847,0.6913217763113939,0.14202278018511516,0.39317014350020535,9.977089999919659e-05,0.11161957829552338,0.003595399397405914,0.021714529372951066,0.26928974646652215,6.625081234085659e-06,0.013866395661118972,0.09635653772103353,0.004234357325323582,0.72370192766318,0.0036466303248822336,0.005774630417138472,0.0022242873279000736,0.12245738904803219,0.006980064778533924,0.0004018588321404922,0.23172723554425495,0.0032509601738367755,0.4096934760382717,0.034384346351772455,8.951766041660758e-06,0.05834818834317207,0.001860439823162141,0.2709568378852599,0.03438827453148852,0.012638304617558292,0.22461431800324727,0.006576669704578646,0.08559838827653155,0.19685264765788654,0.3669641363911102,0.013151119620391977,0.05915836106479522,0.010623142893675996,0.00355213657637813,0.00010093814093375451,0.23485940930694127,0.29682558273545057,0.06909038929231315,0.3380415434096282,0.3960095347264101,0.00038081428719162166,0.017678951774420585,0.4330706036212779,0.6647369039186297,0.3076416153258504,0.00012577150396091396,0.10089299978572583,5.806070074706405e-05,0.6878117733853645,0.2339154907870357,0.02381846641893641,0.00020622451385532558,0.3036214671710449,0.0,0.059344283017878446,0.4328146733823387,0.2003792391482308,0.14276938760505836,0.102161657059699,0.008376284612888297,0.03632537749586606,0.28169469874844993,0.026579447541252472,0.30659549194646984,1.6884418471569147e-05,0.2194755592754293,0.025934452949291392,0.7285562449557754,0.27919997074871966,0.020676925625548032,0.013098308602774389,0.042830687417815136,1.4587807540524834e-05,0.004287627094666532,0.002188844801566181,0.010437251469611768,0.0004209587212808411,0.0667234334731783,1.0918179631102086e-06,0.03889006027978593,0.9909876632420506,0.681278160406892,0.011016324485985801,0.05170929136411641,0.0003374546939196553,0.03980738156955546,0.0018572920376831847,1.8863208392243984e-05,0.020016690303278014,0.3476313450293026,0.0002874496491406906,0.017474289483442207,0.10602219952698266,0.3317952103840634,0.019444004270898138,0.02412052970201288,0.8196867941210535,0.004504682383262099,0.01562060140134584,0.002284931103309426,0.0005888709075320013,0.06195102533187194,0.025436467841257367,0.7207337583149211,0.0621809077125687,0.35219729017980445,0.037812307241428006,0.0006060823145182526,0.4543028822836367,0.6707693148512824,0.005465492950782528,0.33576191471230243,0.006181830599561518,0.02313706526468574,0.0010094245126092,0.0012665257311803941,0.0013193107949445982,0.1287186652120057,8.029949169532198e-06,0.1828449730838534,0.0003497998108920351,0.010425991325723472,0.004637966227848367,0.41856081782490145,0.031237453785057028,0.19247491164250125,0.014183701033772506,0.20256572974229164,0.0013176701178123293,0.014011045231045545,0.10408131608204324,0.24192863339756038,0.8683492150848787,8.872706904197931e-07,0.010255084373801515,0.00017120308063859647,0.07765303478604667,0.07297234733302745,0.003958837652395549,0.0,0.8103304332951546,0.0,0.004462940717480213,0.0010960643504555646,0.6408307211605484,0.01588062105335891,0.48139014935388685,659.9007171197757,0.72,10934.111999221856,201267.9304563417
0.2505567007641696,-0.016627988992754198,0.21701124122004584,-0.9861342466546156,0.12023172086707541,-0.8929377816208901,0.07910527325825958,-0.9369531819679068,0.10542536108232119,0.09202736079398333,0.045340724178523646,0.21407800270054,0.023445547354260222,0.898559091940526,0.04534493687046552,0.16435248526946594,0.3064585774408912,0.08368319801417573,0.2959685110443987,0.12632790921521952,0.004745700918323876,0.011821649968641736,4.307719033663218e-05,0.04065324821215506,0.3554229198613904,5.896082934204684e-05,0.00017539992346212916,0.16714893693675276,5.565810098003682e-05,0.560645148810659,0.9534212749167984,0.009634497605480534,0.0006945583268617512,0.9415413904194196,0.0008939950955890869,0.03723325182802998,0.004521199038101928,0.028999118975004887,0.04641592046533825,0.011611495139356193,0.041020277297249656,0.049233967643166746,0.001895311340369652,0.08946387918080581,0.0006478715554292871,0.0034728706708272127,0.9042565747281988,0.004421772696804736,0.4988585518970905,0.00017599741413660587,0.017818944970845,0.00197364601969354,0.5175463116564017,0.06073037101945833,0.05567458984982597,0.008373039961857787,0.0038934156967595176,0.0003615358803783967,8.816553751161819e-06,0.6477472562232247,0.008625865674621503,0.9692922788401106,0.022028769149984716,0.04844325427766953,0.012716481731530338,0.2068469340330253,0.1769992721692008,0.18049888277541287,0.03877743568172709,0.5523032543049303,0.9544436129164329,0.0036959868806262478,0.0479958380774919,0.0006127966490406538,0.047594847617451426,0.0309847991049704,9.566887456085964e-06,0.029828550963066205,0.02926133249434984,0.5423209509282833,0.9182265483756671,0.00814252726587028,0.027378444966673313,0.13866885726384806,0.518487077898411,0.0005125508840244236,0.7865578725792446,0.002596296198260486,0.09316751044492655,0.0015299892807808056,0.10677733859314456,0.26469373116609646,0.00016867117040050296,0.7367800109255188,0.42015761290868736,0.5431625286124476,0.05605120690066756,0.42760826434079297,0.07209472358038145,0.0966976168710796,0.25650986125759373,0.00045007205634704366,0.03900493716803505,0.15906640640561087,0.014562491959342857,0.13501676695790238,0.004496061571312049,0.004747294366040387,0.33065110390027497,0.006147319165279986,0.0006591238207967864,0.0003562041932421746,0.11964097876897714,0.06873770571384719,0.9640795139957531,0.049552192427472774,0.0,0.015009095042676253,0.001421490141371101,0.07872679143867763,0.06829258448456,0.000894963853550524,0.009164333037042838,0.7259932783709648,0.003885868105272021,0.1766081679154998,5.33083685173984e-05,0.4112465353580102,0.0573764167443092,3.0837408904158176e-05,5.5785183958780536e-05,0.024929021734068715,0.1427319913468037,0.011282776973514597,0.038158625340568436,0.4856384411869636,0.5223977393056894,0.05755084203799604,0.3391116275390568,5.119869118140359e-08,0.07675105575329919,0.28143288321598886,0.0045402714467755075,0.04032673130652775,0.003200640111527514,0.376564594850137,0.3470705257862236,0.07532212770936098,1.5757479987076082e-07,0.304570936752372,0.0003642964247616452,2.824636252932898e-05,0.3530571046793585,0.975879537535784,0.2070634118364643,0.27921104090713644,0.03469000361633051,0.03114493756711785,0.19587538771156093,0.017832470066265056,0.1596931494461426,0.00015722835197661835,0.13405135004169283,0.4848316863838502,0.07268754743369685,0.31939823331862627,0.026789368768105788,0.011731695339765863,0.026568355132985444,0.02363368484083848,0.03337415871106478,0.003045940905420437,0.6499724603567247,0.00021591789570792747,0.6261691805595562,3.212824839538943e-09,0.020194028894113897,0.3144803097356676,0.0308324564616847,0.009933713246585318,0.02445585414161141,0.13729351666405132,0.0015816973981755689,0.001002853052491414,3.7560198203741654e-06,0.0018232483544681666,0.09213122060091111,8.374811830138655e-05,0.817080896567121,0.041843282399264645,0.34645625160214555,0.2018069695892441,0.1910188493519978,0.009690605914168787,0.0018902445822004236,0.09169431362248803,0.5335030273608745,0.0006895710751633837,0.024340962337839576,0.05185822610030852,0.1091970672949603,0.015336597799538207,0.021372138974061976,0.04406764758017159,0.26333618412172155,0.8188151127185398,0.6410998818655614,5.060928677171148e-05,0.004507638516805244,0.0007307257874479379,0.005399214049009865,0.0011013358266811143,4.418079548940803e-06,0.0015016950311092202,0.23147184471319285,0.3643364639674066,0.02705693113921636,0.012960787365906388,0.3150290025032868,0.04790509178514901,0.445967415185424,0.7152316165344792,0.02369512111261987,0.03917347990306967,0.459950251966074,0.027866260345414635,0.020239822752166046,0.8594544569627256,0.2506813991601145,0.03327555229928301,4.4302581541148106e-05,0.2888772100503734,5.841544662117646e-05,0.03545183623560441,0.084587470806192,0.045591061202408856,0.47591242666925204,0.7996397752719258,0.03646683749322667,0.004920450141689972,0.0006464437807584128,0.01016460632828375,5.2053293502431e-06,0.2121864204596621,659.9020925903038,0.78,11029.393378948283,53169.19496612076
0.40819031062056166,-0.018161887969689226,-0.09861755410526823,0.7780920397382471,0.10656971664695736,-0.922741014290735,0.07231697373006434,-0.93702914807504,0.1673535776217651,0.018400792853562796,0.05845766311907531,0.23915544740566105,0.038927255421184706,0.765527509388203,0.013225147215822346,0.3734477474698367,0.27355216595086695,0.0753647590538466,0.24385141905844937,0.7532176217512683,0.004432654643248216,0.09762467306293422,0.10449117771731699,0.05690362998552843,0.08329097861077966,0.00040873203460561864,0.006114011491988362,0.023916557754121576,0.01481253154712217,0.017534005468563985,7.69391742794891e-05,0.016560419946785396,0.0003156154269379945,0.07878129549574057,0.0028406934356039904,0.012571728616968345,0.005515669399205317,0.0001594592376628519,0.07228260736884173,0.010546397732486473,3.2712853579401613e-06,0.007114544997051947,0.013233333175889414,0.00012266091197090387,0.00016337189827034422,0.01695638116466194,0.8022720024745686,0.012057907744988208,0.2548109476505281,0.0010334466540438546,0.0007831984375018669,0.0013790318750662852,0.41222727144783355,0.005579505238693938,0.164447722605306,0.011477127710191689,0.012364430759664084,0.0,0.00024893730947558694,0.7626059361341864,0.0015042831806822976,0.526023603563249,0.029217727869897115,0.032552048963282405,0.016854470221543256,0.2206882824349651,0.17816954696617623,0.0034404523783515516,0.4919598468964901,0.5296071791177897,7.569602528866548e-07,0.008464494200630767,0.007582102392452175,0.01581453759243465,0.05492030414625948,0.07717054255723718,0.0053882892191271375,0.6214207899873376,0.7969872886601,0.805671151808456,0.9594884433648297,0.6564288068062226,0.011988586429600172,0.22950759691159045,0.01474137989780111,0.0008671035341757942,0.6592087651746213,0.0004428807411062802,0.02683761758366821,0.011824484873349549,0.08935658798416099,0.042935713248031936,2.947120229063272e-05,0.6202630025817032,0.28253209022410813,0.3887767539482664,0.20979332930395916,0.01911511545557773,0.010922322577408473,0.10202478057981931,0.009915036023496401,4.2939970015386337e-08,0.010131150767220487,0.17551488726066972,4.0331287681730004e-05,0.12757722376425795,0.008656749527879537,0.0009262284446843439,0.017077773910596616,0.0026980232663056554,0.03734534379654123,0.0027875306075646655,0.3741974744176327,0.0034252691954798076,0.9385644763431666,0.04701242115204894,0.0074792864679417755,0.02756225168143983,0.0013607580207661981,0.02175811129993267,0.015466604321205321,0.013337128951138852,0.19559125827495075,0.6004912031948423,0.011165917764335086,0.18273095779505372,0.023108912614477832,0.00921691629145234,0.05606333956867755,0.00012998926901482133,0.00010249869860411501,0.0024672424143745153,0.43215883914260017,0.20575847808071712,0.020849102733327168,0.160145000220485,0.04568762592290697,0.07732597019949616,0.027834119062115303,0.0001496496541250848,0.6214221730240708,0.23722178135896052,4.976664143505345e-05,0.030877242641462264,0.000769383868611119,0.3613115787508206,0.22459335930470675,0.5778450893925201,2.206250482939009e-06,0.0403201598506589,0.00850768672580687,2.9954007058691588e-05,0.20861012965844572,0.07734714460858455,0.016948834563517146,0.9452629674233691,0.023951814424909124,0.0,0.22736271834312144,0.007882008491209846,0.19932136915234505,0.01966385659038757,0.3440001582937881,0.08687459585884119,0.0008872541422691449,0.33258677612879667,0.021063182979575698,0.002443486530486264,0.0362962780820711,0.042239431774082965,0.03629830632950941,0.0005140889580110921,0.005574784839014191,0.000633050754596035,0.067497706572414,2.101442075603336e-06,0.012417258080325901,0.4612548624967776,0.07700953085102485,0.02624016958029254,0.005734481267466694,0.002703810505650537,0.0011507651623247034,0.02597827518900052,4.18421418855034e-05,0.008503639031785006,0.11132413382314202,0.000863193634974897,0.015142709189994927,0.04191434804627519,0.3421547580390184,0.11366322121459588,0.3389936221726339,0.054067519056357094,0.04288666187916135,0.002989573252375005,0.5184619129923602,0.20641237221405578,0.02441523608209301,0.027938277449998154,0.655180016551609,0.05225842225460069,0.050440451697233935,0.0333939768968452,0.03623871449846286,0.44772946760945104,0.672976872768647,0.0241693246063516,0.07568412882057196,0.00012746721518831555,0.004597894321374026,0.001765359552753908,0.0006402298508906605,0.003062199726281547,0.001693654146611389,4.852867659452022e-07,0.11044821495910348,0.0030658007322990274,0.037123943336901034,0.013881626115653198,0.28851564925142287,6.068331945975733e-05,0.0331283904656707,0.0071624922321555755,0.007131004532637347,2.0119651928775587e-05,0.0002127303088592259,0.02086387949331395,0.7309143625654956,0.3515389969134771,8.79893869881474e-07,0.0017636054052599004,0.0015410224109743869,0.06265807112698141,0.07450447679298106,0.8462958397508796,0.4668093199081177,0.07517470961438628,0.0993172833869713,0.0014494625096639156,5.691811135403443e-10,0.052877850064636044,0.0010556070351033864,0.10402312236680888,659.8884650427913,0.8,10994.153769886307,200449.5350121282
0.19295845656458818,-0.024068115132259434,0.1543289451069681,0.7530789046918567,0.12885023027547438,-0.9991843443282453,0.017655297036005407,-0.9988334307313902,0.1680276033049721,0.018352471315138126,0.025795510529726444,0.19939948299570087,0.0016570412357808598,2.2324166457914965e-06,0.009604803737622774,0.17711613934940096,0.007886664814973798,0.00034739599213029146,0.19677605068350304,0.012260746621866103,0.09832805359771205,0.018494362067220754,0.00012726277472514672,0.02491603771682803,0.0009230044558362592,6.797643414470068e-07,0.001940708315694437,0.01075646218669074,5.742070675235534e-05,0.042400125362607816,0.019657253565047758,0.020375734204115557,0.43791302999489184,0.9445126351241542,0.16595624784454538,0.06007934143223283,0.0007523793363497996,0.026289319537192178,0.08315115089275145,0.20081261538478642,3.296468821358748e-05,0.0018081168659564648,0.00971387021706969,0.021059894340982932,0.5152729572092312,0.0008350186381829495,0.8524985270913767,0.002818892376377699,0.40122832868335084,0.002909370887604824,6.781828995961165e-05,0.025089596415946255,0.15910675165703897,0.008078272878018739,0.14911985040709744,0.0006150213591204923,0.0003308185613326098,0.05543985058709319,8.966128472962771e-06,0.0012349640110031618,0.6812281475061523,0.00011777375238418604,0.022624634394576362,0.050284179973843275,0.01506530251140549,0.23502143605068485,0.029737827702257896,0.0013490940760484537,0.008579452331461374,0.5672305329120734,0.011574460164454948,0.0042465047142878805,0.0014707744788748367,0.0007043513443698655,0.3357431476221616,0.02212056893997868,6.416372532395292e-05,0.28268154451258887,0.29798900993076133,0.45074154148989254,0.1502066312235283,0.6787140470643418,0.014393399087089268,0.12362417640076385,0.37801090311577856,0.0019281131751358901,0.21653851482877823,5.159602794706209e-05,0.09933645123233847,0.021793583076123516,0.10080779391866655,0.42224890032296164,2.391850112201492e-05,0.6953399334590993,0.1607830584060726,0.40720415662495657,0.014866682694991584,0.3837340929237515,9.117532051093778e-05,0.021648279807332096,7.100529278416612e-05,3.747748448438344e-10,0.3626910124177096,0.06935731625729047,0.0019189943191232298,0.1225589865963509,0.0006056420033579224,0.0013172019652219107,0.10387892820035195,0.01575473951574953,2.3112575135833867e-05,4.80385013365852e-07,0.012603190197586628,0.026213235546918567,0.019079547455627024,0.04818798124520482,0.0,0.0026723653780628617,2.042401359817816e-07,0.03409200212301247,0.013560460484879501,0.0033243704484172826,0.16316472313953215,0.0011357846179739905,0.008773092569510489,0.18593933076081443,0.0010516174738269008,0.4071978925624974,0.05652553020243709,5.859476927369718e-05,0.0004560940791956496,1.1291843665510975e-05,0.18756929378606668,0.25334283147162306,0.011876700947271668,0.49625548684262427,0.009679331209182684,0.0007336274801757452,0.040611548495619494,2.099434393140168e-05,6.991433460347787e-05,0.00894805447775093,0.0,0.03686738470854344,1.1121365431617839e-08,0.3946549167582586,0.5266924143057818,0.05883701360696145,4.7305434977125e-05,0.03987348064614725,9.407461250275726e-06,0.000434720299329096,0.37251349088883695,0.4623042781029833,0.053867751024261064,0.009020219021320651,0.10032773419399271,0.000556722094676246,0.003123173089290804,0.004881590687929937,0.19552210069005616,0.014009525114087967,0.04489739199623896,0.4461419697197315,0.44160141492183647,0.36113526292548687,3.289953012126248e-05,0.0011457376329162992,0.29281473275396747,0.00025781664992928044,0.0001829045544010509,0.015517650771424401,0.491095388569122,0.00020066805880204777,0.06880842734806474,8.733156992978325e-09,0.00910233576580255,0.6175713063133479,0.09267471865326729,0.06418074176269678,0.009492493977179581,2.8503047933433435e-05,0.0011121064941018277,0.029147144028499997,1.1112210827095119e-05,5.084407018023513e-07,0.28493398288052413,7.772679291929247e-05,0.10404373109752597,0.0025079518628533543,0.3398359335185009,0.0028939269568132122,0.011441478757391032,0.006030976601648405,0.002718726115551665,0.004458516897681147,4.850246265721242e-10,8.977259693157694e-06,0.011373761260501533,0.05182337203814453,0.09706631263845314,0.05385084624622606,0.0007065465286772918,0.34823653134901744,0.2616842927145499,3.4487970651303945e-05,0.47450932090410813,0.0026230180276665335,0.00018837275315363475,0.0006983621251247761,0.003152045747137344,0.014313596444950668,0.00019100071396258028,0.002438549057697262,0.01140710663527036,2.3152064264271383e-08,0.04788763414261274,2.2322616165851876e-05,0.009916704916436325,0.0008914366473554765,0.16331495674643426,0.0006779317279928652,0.022680106796962907,0.006943814147375474,0.026028273477067876,0.02709303856330527,0.00032595090829785553,0.0014882254093206686,0.24183748291022128,2.968782991967743e-05,7.507105075157879e-05,0.0008201980589749146,0.027886793208836302,0.09372276844124894,0.0012675914105536382,0.010901474902306666,0.007774812312149752,0.019278136651516477,0.02505899548137533,0.00017532872300169127,1.963004197237096e-06,9.866354839778247e-10,3.3011260952780705e-05,0.016564888638214443,659.8786652309525,0.82,11272.308235669152,104730.51549931482
0.1946425338818983,-0.029785970547718508,-0.04076671856307585,-0.832450226613924,0.1311041585024406,-0.9958760047504897,0.15182592474302642,-0.9441380898219429,0.17354754140732195,0.06988960343147975,0.000506872532826324,0.3738497510404814,0.0006055503376565137,0.01421844226614214,0.000924061853034996,0.18231722660847968,0.25771589861948907,0.017119760061732103,0.008327062617693932,0.0006040358917607791,0.0013088865048748633,0.08525558141651614,0.010139745017844289,0.06436253623456994,0.013943983111115093,0.0010409327871720025,0.12054890305234958,0.3760387075076892,0.0,0.0,0.01462016247019158,0.01905200607767731,0.03345253174996424,0.033854412382419825,0.1468625285023596,0.07469685910170955,0.007482581313649352,0.09511417318650243,0.013152095988974766,0.20065657728452668,0.00032251117042269206,0.19055742490036626,0.02669648093421792,0.08815313989215119,0.5474789586560292,0.002176609485246432,0.7102104372045213,0.0015232282039284847,0.06782785639473471,0.03826482732370298,0.0030098319741021146,0.023759050066043806,0.5063573120388147,0.019869840203177905,0.000908377298632048,0.002478436928607927,0.006498833834538673,0.23956699907968065,0.03934820884486241,0.7765763900971008,0.42926026887722907,0.10840360469358742,0.013874362055133926,0.06480111145915045,0.028998135782357225,0.22569333866423918,0.03978857676415143,0.0021604959844115272,0.008893381374887238,0.5612127959205409,1.3181743804674016e-05,0.00025108279219661773,0.003425286938772998,0.02649060571134475,0.05276188849340113,0.011918565616104127,0.19074608872045334,0.3080962437244479,0.0,0.06442579236481061,0.8877565716725373,0.7165755144187146,0.004428394858289596,0.12314221588802415,0.0005847884938826749,4.782962196722706e-05,0.21823383880808223,0.0005194411443659201,0.09370153917674767,0.10025009844747383,0.09982921667222244,0.07226598107478541,0.002584812554549504,0.5798880725973079,0.3126144981997287,0.3915130917365943,0.009167340047530153,0.17046094000669548,1.720181111420949e-06,0.018309800906844483,0.008661059107449609,3.7067334648094015e-05,0.0005985717088287015,0.18752670682405626,0.0013937051206814686,0.7541694568523307,0.16937131805091155,0.0,0.09934688328272245,0.0019918141667639236,0.00012544503693858247,0.0002585421752743345,0.12089723940737217,0.01999876799827338,0.9617535043328905,0.06569006019254356,0.0,0.005550828191090839,2.4641116299152237e-05,0.07034584037039625,0.013354496399887696,0.02259072687560481,0.010054483038255471,0.029640235282276762,0.0005206962373881779,0.5930726312182378,0.005183634376660933,0.25171673994392246,0.05226380353077264,0.050527265395764964,0.037120598531347276,0.00015922102700299898,0.4379730372915999,0.2817541766792194,0.01590338091644336,0.47651083274054595,0.03909323567990447,0.016776398302994946,0.33244043806944845,0.0033359814987796626,0.0018431805685265,0.2355638144462979,2.409088440192361e-06,0.060901180361928424,0.34095604520762024,0.7384485429500658,0.19356315153942588,0.620178200199387,0.005537966128640224,0.030261673605037835,2.715811907690567e-05,0.004219342399933629,0.19903158737678717,0.10211563672054538,0.03524250165789916,0.0005230059225331887,0.20626875215255344,0.02585531549213574,0.0018563139472279194,0.059248730228692474,0.3006739449675981,0.00027344089940934367,0.35571419330263926,0.004079859321993054,0.006577143178508934,0.20940179555739885,7.382443515331519e-05,0.0013018620583523275,0.005788121221193432,0.0017450504535377392,0.0006129818935240075,5.6059857052271885e-05,0.0,0.024945032905648496,0.023227625141338047,2.4919636536894037e-07,0.009495017127806371,0.008651040633076812,0.016305839433972465,0.07056226553959913,0.03050355820378637,7.26381133944898e-05,3.500767642445002e-06,0.002281085026825674,0.0015486678115941108,0.0001860097576204178,0.04753623313460689,1.0345575174031595e-07,0.028990716032912908,0.11524766994678218,0.3402591734599313,0.07874639109357565,8.601601777467667e-11,0.0071304287231218726,0.004813710939675602,0.006958656051565454,8.105264325069231e-07,0.007446587663431453,0.040605877419387704,0.022425779035073055,0.05674723696108197,0.0007238916305071577,5.839439769444516e-05,0.039383740861935884,0.0010453457621492357,0.250913607159883,0.6295990300969561,0.019422369414582488,0.005356903757649556,0.0,0.033271914571052656,0.00025395345194616486,0.0002804494013862325,0.025225818727512152,0.05291935665673575,7.356102199949741e-07,0.005437930961392112,0.0004741014844271089,0.005686522098232782,0.013240252910737563,0.22167220123576484,0.4386142412477813,2.9287496900517497e-05,0.004636364512666533,0.45094161238119174,0.2750092845220923,0.008102890855024854,0.07919328496901835,0.017211453829698672,0.00035213795221750166,0.0017987283372129458,0.001463243724293994,0.0039021678454792125,0.6637301227024824,0.07734187268156227,0.9298961108132044,0.039965516225045475,0.0,0.0032099627066957347,0.00038400820927322454,2.1921103626656568e-06,4.303033980608492e-05,1.2934727133348902e-05,0.31757241982012363,659.8803565810786,0.88,11314.037231727794,64031.10671974855
-0.9655357028581448,-0.016762665571641796,0.21701124122004584,-0.9861342466546156,0.12023172086707541,-0.8351913165653042,0.0940407162938739,-0.9368512731913237,0.10542536108232119,0.022102010075301375,0.045340724178523646,0.1986955761060263,0.00886028528738784,0.7978681462828517,0.04471325982891233,0.15540365457644495,0.325277401737208,0.08556782472162561,0.25647348639361445,0.04896542169961428,0.004745700918323876,0.011821649968641736,4.307719033663218e-05,0.04065324821215506,0.3554229198613904,4.079629070656862e-08,0.00017539992346212916,0.01983836283206042,0.0001229435169887151,0.01882781640625647,0.9941467308683959,0.007212695316808677,0.00027301149345405884,0.9524987168697545,0.006555271076717466,0.002932136335838411,0.004521199038101928,0.02896566352237263,0.18014149731390416,0.16235486554531794,0.04135052184687589,0.017246916802266303,0.0016533493325216588,0.02225195920740437,0.000668149991743079,0.0034728706708272127,0.09391378212858165,0.0038453252966571677,0.24383646451579316,0.0003814731729275232,0.017072193625766997,0.0013708007483233895,0.2566252923112685,0.006914351541751693,0.02529740599429062,0.05939697209817385,0.0034429512890985408,0.00036107165468813283,8.816553751161819e-06,0.6255712151786694,0.011607182931357903,0.9692922788401106,0.0014533090901227928,0.042973073321109445,0.004819703109093114,0.9844047973620103,0.1769992721692008,0.17868242975499704,0.02893709910979402,0.7537042100537502,0.034798955390138775,0.0036959868806262478,0.04787348418511066,0.0006127966490406538,0.047594847617451426,0.016715467299987838,0.0002629072643644814,0.06534577425916357,0.02921673537607887,0.5395991876268682,0.03708143551063625,0.00814252726587028,0.000656728015227228,0.14878687341057809,0.5330467900531699,0.0005082981575138667,0.18195334425508314,0.002519230268327545,0.09316751044492655,0.00048583951842514207,0.07761019612251488,0.04025173182397321,2.447461998173331e-06,0.1550369933310008,0.26165676971218266,0.5217990799173624,0.0380569019560024,0.42760826434079297,0.075145190273653,0.003144601385640919,0.25650986125759373,3.3107192540654203e-05,0.029139742353882697,0.09639757461448573,7.818016575045217e-05,0.13501676695790238,0.006120764357321978,0.0004142469233025404,0.3326479684707379,0.002397553020838025,3.609639974130343e-05,5.869173130010932e-06,0.11980767351701274,0.0004394344291585514,0.9640795139957531,0.030516167121070612,0.0,0.015470514296921076,0.0002004063362936098,0.07909275455194631,0.006131817549433365,0.000894963853550524,0.009356364735103534,0.7259932783709648,0.003885868105272021,0.1766081679154998,5.33083685173984e-05,0.3884223034872691,0.0911514725982956,2.328734332597039e-05,5.295859486343107e-05,0.024929021734068715,0.1493915775511468,0.00648062642733149,0.038158625340568436,0.3801660334372689,0.033536664715371645,0.059695013553412966,0.12387123724076107,5.119869118140359e-08,0.07615003215145272,0.28143288321598886,0.00014423537398812106,0.025391687623509084,0.0012767303497883166,0.37699226811226444,0.3470705257862236,0.07604733076969333,1.5757479987076082e-07,0.41450811828102885,1.5279735697754494e-05,2.824636252932898e-05,0.3530571046793585,0.9588923795322988,0.2070634118364643,0.27921104090713644,0.03522472498142359,0.0009735329458916905,0.19970388843533135,2.521016864826149e-05,0.1572589559457151,1.3522689164076091e-05,0.13405135004169283,0.021376461198594376,0.05944476795016407,0.3356200432733249,0.0003457856005228809,0.0007564853391466374,0.026568355132985444,0.01794295493541242,0.033639346347713164,1.3110410514756074e-05,0.62246683708577,5.067188999688957e-06,0.06896484632930577,1.500841268830218e-13,0.29986964828745855,0.3144803097356676,0.006164778061489459,0.00348195273560061,0.025540937861908482,0.018162087191114264,0.07876295369706121,0.001002853052491414,3.93628090219448e-08,0.0019268786300053603,0.09213122060091111,7.94039241542164e-05,0.817080896567121,0.041843282399264645,0.34645625160214555,0.2018069695892441,0.1910188493519978,0.009586261755294876,0.0018780979992496058,0.09140717669258548,0.01566608962906705,4.105897096640023e-05,0.02431656229629535,0.04959432595631401,0.1091970672949603,0.01611448100733994,0.007575227692026364,0.042773724716806086,4.853780897445909e-05,0.8040609709372641,0.6139893470328742,5.060928677171148e-05,0.00015457871819036292,0.0007307257874479379,0.05471622114415715,0.0005128342859367576,4.418079548940803e-06,0.0016826162691295785,0.008597487431173681,0.37720497137006226,0.02705693113921636,0.0001162345949379329,0.03423654300407092,0.05019798552295651,0.445967415185424,0.030874131597755594,0.02369512111261987,0.03917347990306967,0.4756372932300486,0.02680640880981374,4.650333872179002e-05,0.09821539228479917,0.24780713357418582,0.03327555229928301,3.2155024149269645e-10,0.2908231643191429,8.036917551249283e-05,0.033317473243608745,0.08677716329334884,0.045591061202408856,0.47105449793134957,0.8015958105055849,0.03730585966656992,9.791397830887037e-05,0.0002649261823828668,0.0018757120513164392,5.2053293502431e-06,0.2121864204596621,659.8999857005624,0.74,10721.686784314346,201873.52917047514
-0.9956401412337504,-0.013190920387562009,-0.8799970034592565,-0.9614863822168026,0.13067331647492608,-0.4146443373923163,0.09676207538625345,-0.9974305323114343,0.0090535346134889,0.0908371140892585,0.1495727421706768,0.09503837282437784,0.02435157802592049,0.0,0.0012182557455137164,0.17099803586369677,0.5043036581469618,0.13517123392350688,0.36898638964653285,0.05569470459155012,0.020424021772417207,0.00013401939127042142,9.532776732201684e-06,0.07512414553821375,0.0009749142281434333,0.0,0.037624313618950335,0.008064330743384751,5.860047271030901e-05,0.5734361332156453,0.0005508601704483394,0.058240504006644836,0.0021597458066585345,0.17180221422821484,0.01426500419671005,0.0031261409043310943,0.0008647563652324621,0.04402875417499667,0.2705599958207071,0.08292558211756032,0.001656067067204566,0.6477377536079795,0.002310384137070968,0.015183040023826144,1.696447290171482e-05,0.0006040988972372434,0.4671335319800962,0.00831432795646774,0.17644299897581836,0.04708829205777997,0.00038338499545545555,0.023212787899993183,0.19331357354111942,0.0,0.003309727794723693,3.6029225485997797e-06,0.011475633271738662,0.012047606426012922,0.0010354342286040723,0.02232498450001657,0.6433939155291291,0.0,0.00610044400118682,0.11138337968117012,0.029618130942732093,0.3313912235553733,0.2456487070851413,0.00010217152545038792,0.01007531879625606,0.5066242842625516,4.6554532934713404e-07,0.00011190868054394322,0.006432978054042932,0.0012378854761989737,0.3700659865462793,0.0017282737673418886,0.00340540481279385,0.047471660875007454,0.33987998404298847,0.7381732951952247,0.8784928032550282,0.34296896456414183,0.0005775893411215397,0.09016533276352888,0.14257000159146532,0.00687373059015612,0.20719571682830037,4.167259535582559e-08,0.006932137194916043,0.09749039635838036,1.4578091481510526e-07,0.9260335504819799,0.010471546803811424,0.693232700459351,0.47066636719669097,0.3895793854024427,0.2784057720244887,0.08385825854622592,1.2941855668401894e-05,0.08065287433630844,0.2348068167597107,1.8511369202942957e-16,0.0024365464081575203,0.17915513421299334,0.003930198496803275,0.41033225187026934,0.007375168019733137,0.00045356434334371505,0.00419048726847443,0.12770132140477491,0.0,8.191466928846773e-06,0.37561617652663815,0.055900612865143806,0.9675717873232201,0.01537132654066663,0.0,0.0018783758727492056,0.0,0.03242468553958772,0.006888127900237823,0.005124664428811141,0.20953260857789135,0.027528306479770944,0.015708172019315896,0.1952808055154464,0.000948286535747789,0.2654889775217514,0.050055780868018436,0.00018816443960198784,0.00030527839415254825,8.285499662989737e-08,0.005123624553961436,0.2659654943008063,0.5147207695321984,0.010471421656293306,0.009637583748229577,1.4066745859143704e-05,0.030776236758211853,1.632933302314504e-07,2.843284301707834e-08,0.055671374758698974,0.0002618415108829934,0.014424381050648367,0.005427058085960449,0.3771947864507244,0.17056457510247816,0.05428252946358077,1.5237758552440021e-06,0.047356294918617814,4.470996837911684e-06,0.016328217407297008,0.16738311790694652,0.42392048496420864,0.00814512949639982,0.012600725984672231,0.02644910293000492,0.0001440383531721781,0.0007942078093120947,0.0011657889733172819,0.09782328980947491,0.0004040845802925873,0.16661559502056517,0.036058725703933175,0.011009546489532673,0.1949403597820104,0.0,0.0009602866514896431,0.06839428556473039,0.022249970420470416,0.00012903618391589544,0.0023698336527091654,0.03343626599288885,2.1291211181007607e-06,0.10222249995653881,5.034830140043991e-09,0.0005211073611969784,0.05545192802850166,0.0754627091099416,0.09254923679679891,0.0013030896365996665,0.0003947007958617154,9.005848309037967e-05,2.927094958738699e-05,1.6731449373373385e-06,3.354613314783113e-06,0.09570673414420962,1.6879102080721825e-12,0.16918212763880752,0.10322170450738875,0.33975450480469094,0.07569843680087764,0.19124349941797328,0.003486401237293265,0.013685483274607165,0.4537422039411788,0.0,0.0006466837918607275,0.01741704209102047,0.029422741341678976,0.4778042682269877,0.05629132125522139,2.3245147706873342e-05,0.027235965525913605,0.043026765717474574,0.44851136927066754,0.6420621935869583,0.04287423275144471,0.0004902086384960935,0.0,0.006993938402213384,0.0,7.500525137168389e-06,0.07803768242322451,0.0002285044911886022,0.1708421949439507,0.003022142560361058,3.0999373684103025e-06,0.3031378442320637,2.6823602845442007e-05,0.1830495913347488,0.7304197785827928,0.037180629183212806,0.007424591507677435,0.45806136611670356,0.25871130948540677,0.018215530535036738,0.014011069322636016,0.0002721828583733821,0.00015171220424528044,0.010636414754281287,0.008480530051537477,0.00043189681489542477,0.04290584417546113,0.07416765850844004,5.593081394440779e-05,0.0,7.323540649011247e-07,0.0007660834442737297,0.0,1.5845587822630894e-10,1.4497696811430153e-06,0.0006488300216205664,0.4702427662679797,659.8793886907081,0.8,8431.71904654248,214043.9518484861
0.4075843652232603,-0.01450412302855478,-0.07645587916896822,0.7780920397382471,0.12647965579801337,-0.622605859151773,0.09126823167266639,-0.998652014569435,0.1673535776217651,0.024272265622415436,0.06907228644959518,0.2396659988220745,0.03722304916137377,0.7824042242133317,0.015464703427515877,0.3734477474698367,0.30045971878561384,0.15044635684029514,0.2638055596741208,0.7532176217512683,0.02014361702284856,0.09762467306293422,0.10518216752806145,0.07479704216285861,0.02431476073472609,0.000426364755287701,0.006114011491988362,0.023065017291692164,9.760580013262916e-05,0.017546503844870172,0.021744817156395424,0.016631390999679176,0.000715812638448058,0.009630805796824002,0.013942601038920241,0.011793439623635334,0.0018359835588969778,0.028971531325996475,0.42145963108003426,0.09392027883572882,0.008805687455821568,0.007114544997051947,0.0022978638243014134,0.00014700063355758074,0.00016337189827034422,0.0033690395948209667,0.8022720024745686,0.017753940502071228,0.4023317968158445,0.03739560896089906,0.0007831984375018669,0.0013790318750662852,0.43134439724008616,0.006417429494345197,0.1637266818681731,0.011460921598165827,0.0031233402796129583,0.0,0.002980395409471688,0.7658970880089622,0.01042829591014681,0.5125832900762906,0.029217114964036544,0.03221302719018711,0.02408018883860704,0.2206882824349651,0.17625764198173727,0.19434815530732552,0.008615550045189114,0.5785462165393043,7.569602528866548e-07,0.009794732046020414,0.616847849006691,0.015751563223668046,0.054920431903069805,0.07717054255723718,0.0053911919741486194,0.044519592281973344,0.004814523565078962,0.805671151808456,0.9594884433648297,0.6564288068062226,0.011988586429600172,0.21869873931580353,0.44856126328415796,0.0008671035341757942,0.19335895071610987,0.08630776578042147,0.08137911080998472,0.011824484873349549,0.007278651579995153,0.02298563322477786,0.00037156537654750284,0.61791529498323,0.16078588314104103,0.455393133315866,0.25907039521079034,0.45890209359418155,0.002843975004559883,0.0933484166393107,0.009456324060455185,4.1511332851271454e-08,0.010131150767220487,0.1801318163913751,4.0331287681730004e-05,0.14159227851901451,0.008656749527879537,0.0008990518814989907,0.017077773910596616,0.03619189254581316,0.03734534379654123,0.0018450751770214381,0.3854925560878557,0.017143900766543232,0.02664355462229523,0.04701242115204894,0.00767354678581639,0.027424566715390147,0.00010504106237214656,0.02175811129993267,0.015466604321205321,0.013618185641125578,0.19559125827495075,0.8299420149066103,0.011010400167792046,0.18273095779505372,0.022684694974329307,0.5376696085608517,0.09769291765511644,0.006075632496817703,0.0001623503125782831,0.21792171498011026,0.4102039582251734,0.28073913774135734,0.2810861319522532,0.15745318118579088,0.04890617212897841,0.07732597019949616,0.33649281053112295,2.329677835278342e-06,0.8251802233079337,0.24891714466390652,0.000700011535040222,0.03088298630282614,0.05713828986352534,0.3613115787508206,0.23332869253735966,0.07079165107917929,2.206250482939009e-06,0.4201823961983414,0.00055253605089406,0.001864713751933153,0.20861012965844572,0.4619455120254504,0.015026042515276755,0.041583876546566305,0.3740444130362756,0.00040596399511088396,0.22522490389488092,0.6383696395137023,0.1904006144598536,0.01966385659038757,0.35756437879265535,0.09090169192891583,0.6806749662190577,0.8982420669916119,0.004664559671160108,0.0017257089757170164,0.01320802648298372,0.042239431774082965,0.0021065270202152743,0.002661013890248246,0.6621151320287765,0.0006676792827514234,0.06932200845998995,1.777276989278633e-06,0.008566048306091256,0.008639594167795,0.07701549341180901,0.008301006075971853,0.053209566957674495,0.002378192150197942,0.0008411107604657602,0.025977409560410097,4.18421418855034e-05,0.00821079028139062,0.2943075778410665,0.0009243878934889844,0.007019286801259239,0.05177274512512423,0.33682749319851707,0.11162049806206512,0.34066845280358876,0.011664353018174808,0.004126308176448441,0.17179710852775018,0.00734134951447829,0.20476605108620163,0.03210149643381571,0.028819587810686793,0.6994354602509507,0.06890265590670207,0.056725980611239915,0.015919774240210384,0.03752667952889986,0.47212899647495654,0.6408553791783969,0.0241693246063516,0.008616127318007052,0.00012746721518831555,0.013133437816730605,0.001765359552753908,0.0006483251650926099,0.03674777965887789,0.0017019503384810264,1.3898271866232036e-06,0.10978420573231326,0.05290655808761324,0.037123943336901034,0.013881626115653198,0.4229580115950395,0.00017248516014998702,0.0331283904656707,0.25137046659692003,0.46230742370962935,0.0040131973642720704,0.02527506810950375,0.009745354708235636,0.7119633965971969,0.3512556988451354,8.79893869881474e-07,0.0019238475155060608,0.003540527217569009,0.03612633450077397,0.07783004194573284,0.0027947752083984922,0.46915370786629146,0.004533458597797843,0.022814385335698406,0.0012407399242728586,6.913628084059277e-09,0.052877850064636044,0.0010556070351033864,0.20180911533339943,659.8851636448163,0.8,11022.848511446464,199726.88567834528
0.2815652886317228,-0.015179938788897196,-0.8094271357493432,-0.268132291550362,0.1439265383280883,-0.9362440727506885,0.09266651911479029,-0.9973254239335535,0.15244522116896744,0.06164204937459895,0.05517458997913065,0.3104306240242143,0.001279655618050303,0.8306585097866658,0.07344276991691422,0.1642433944244047,0.28778905875874844,0.03346648905221644,0.45239940724008165,0.06712501696954315,0.06785296219544255,0.01197964208811206,0.4160899813104463,0.07579576401315274,0.41105180427803073,1.6526501078616082e-11,0.0002710369301297533,0.4002773316754521,0.001835693853490431,0.0,0.9576450961100723,0.017051297577317166,0.0006051761578911019,0.0,0.08603192368304907,0.011259302088427294,0.02165253311026029,0.1142173662674194,0.1617659037260477,0.4009399146570439,0.00477417958118766,0.08491055547173805,0.0,0.04679312586087859,0.0,0.01710810537395315,0.9120948318631608,0.014180514999020443,0.2078835642434177,0.015219203526800807,7.513416948511705e-05,0.0014229262853435527,0.35850604559507054,0.014608590505596764,0.018278433067920846,0.03539685583205253,0.11020824042566912,0.05394862549097436,0.03374736744388412,0.8884074894756829,0.004716348041166964,0.9262597061356057,0.011104482128784846,0.06783777447318162,0.1134659734622677,0.6041913459626831,0.1537752048195685,0.01268503892353351,0.02822530529567787,0.7494018276557004,0.07039462282999559,0.0,0.32227457591837744,0.001448546067494838,0.0619832515039169,0.07528274435749877,0.005117830822532943,0.0035275728099417158,0.33690166085013235,0.45939379215965875,0.9464583581732806,0.02819561514582064,0.00011757801909467473,0.026210417573961073,0.45809866921331566,0.0007766956927354898,0.7253785078061636,0.0007966599169333177,0.04600054344775402,0.008000876414489797,0.08691609166394586,0.1131957858297697,3.5643396473123454e-06,0.7057102182609196,0.5278531890854793,0.41582764777779607,0.05817889760403986,0.14641398382269538,0.7526350214312212,0.1051634950306931,0.2668817203069446,0.0012812929999960877,0.01949359822573745,0.22395998790648622,0.08552435085587143,0.3723153287945046,0.0003176923900406938,0.0,0.6728946822627813,0.13024308756445865,0.0018370125767328983,0.009952994263552829,0.3759460495722219,0.08866654837267587,0.08863881757046274,0.034124537154861675,0.00020144537289282748,0.24680851882943142,0.0014577702969435155,0.4937273855728528,0.08426056292923957,0.007350281264002667,0.2175727387134333,0.7911380352758437,0.001371017477530788,0.25602728829957955,0.03060466345195238,0.09840266947710918,0.09106631845290661,0.002289208846451847,0.012608834461149871,9.646743603335346e-09,0.026527561070413506,0.2438844352442611,0.06490684171557297,0.3819885235820246,0.5527534692932241,0.02258982247709898,0.022444654017071408,0.02404526749309712,0.021634178978191754,0.308324998882035,0.00159856046165005,0.009243747209916785,0.0063552108168004676,0.36815001181625573,0.18246065474053544,0.6428413095739964,5.0556631509908774e-05,0.2503617981394839,0.007933454381541763,0.03689354204096168,0.3537806773596317,0.09512069506311338,0.020254800027332695,0.01886887702179066,0.3199497562041587,0.0020107366127735046,0.19498926509948858,0.13531997540169696,0.01319751661358079,0.004539859870667716,0.33901497606793474,0.04344239791605853,0.7775261539210493,0.9402429271469559,0.00022541252998931988,0.012979392615033943,0.0004266744630537708,0.036833002481454435,0.031961894893658124,0.0,0.7071685679979028,0.000687818772940826,0.03802739886711126,0.0001760048662789954,0.30155825723805085,0.24200385179137104,0.9198783903043435,0.06693269332672744,0.036790932232643174,0.1371174240544797,0.08729839263641216,0.022554787206918496,0.0012799409744467436,0.001095682148795376,0.08196207839186806,1.8314773413688305e-05,0.1822555842226407,0.05137281935374671,0.34379382966387456,0.07861243529360211,0.046418768342291625,0.0273804980858397,0.00404055238210721,0.3383173958063386,0.49900636878454036,0.20281412285098177,0.7182462914936277,0.052058289672547754,0.6971219279355186,0.07417484382411307,0.05362181522493848,0.05218468912912535,0.2792771435669251,0.44665905762971353,0.6461871001038181,0.012754723187260307,0.06474766579313511,0.008099648537211344,0.023512004549600146,0.023550931987932303,8.204158745613275e-09,0.03119233304997862,0.0,0.00046657363809298185,0.11079593293464779,0.01080041316391453,0.28147807525366236,0.012928957436377994,0.5269332327065873,0.11686895750407332,0.20424714076232284,0.0004893661841873162,0.4597304555163078,0.02571383852512202,0.00015041275543768717,0.008691823048430301,0.3518874256012762,0.01543623868940888,4.118089752967348e-05,0.27528969057085667,1.5595001149166214e-05,0.11497867115907685,0.047436509578684304,0.044882130257569285,0.0021198918528489907,0.23770361842483173,0.005173381350282648,0.004158365495370428,0.004278604779847178,0.8185240577129111,0.0,0.2010984872177986,659.8996137350182,0.78,10922.77740752702,201424.7162877826
-0.9999952596212668,-0.038815541354973324,-0.3614237655652797,-0.998266195643803,0.07903988310543764,-0.9997759906396783,0.06834076091411795,-0.9999923144099231,0.004969558415424925,0.00014704765164652925,0.0028901706292260355,0.18816472446307964,0.005425089708483317,2.1862108309482915e-06,1.8858641054127928e-05,0.1483279506329504,0.04804792619012688,0.014837628012520088,0.3415122750196866,0.01257940231425792,0.0003663572085649962,8.55844403540168e-05,1.576043231612511e-05,0.031208060537633975,0.12251388848961434,3.8462888663518424e-08,2.7450924252488132e-05,0.020013982415231987,2.2955832765035247e-05,0.006584838141967536,0.05632472786062957,0.0018559590968385605,0.00017566057327166092,0.11055726751380535,0.1492693690449125,0.0005120263178478978,5.611138867840144e-06,0.012096097482666608,0.03214669594885284,0.11462798638923777,0.00025157771894617414,0.004265774938160827,0.004014540024474019,0.021044460648604147,0.00517263336765883,0.00047324770104218046,0.8290244265616807,0.0019939234023206714,0.24244937324117785,0.001713062873807264,7.178717200647876e-05,2.431638054919776e-05,0.15248275549225973,1.4775632468090534e-05,0.007080356328981843,0.0007994420773990152,7.087977726245604e-05,0.004990579945918077,6.514068010885558e-08,0.002493396820120626,7.088064545984837e-05,0.030430650348183264,0.015570164270184204,0.03802785117904078,0.0077833071290846125,0.1795894218246482,0.0006578460195733214,0.003233731453365845,0.008594978695349254,0.05888210905590108,3.355060639396281e-08,6.494724378781729e-05,8.980526235108679e-10,1.8774954895104317e-07,0.3304824292655994,0.01094007000272218,2.4533753544646254e-05,0.00020223262950702474,0.0014837819232104976,0.09314299918154326,0.9113630416096367,0.133753412241533,1.6421771878205765e-05,0.03415034458058682,0.1668087910707714,6.486340826903627e-05,0.3523269604635452,5.906933884476068e-07,0.003782893883744302,1.0793597659311679e-05,0.08389799283701192,0.00017894272711913887,0.0,0.0304805501624848,0.152323641003876,0.39215452140980217,0.0027669171266498857,4.698829899519707e-05,2.3445873537104173e-05,0.15151413266291808,0.22907453549608392,0.0,0.0014388468774362683,0.17293379139891932,0.0004995740800554545,0.07976301623280635,0.0016065362717764048,5.583410466076879e-08,0.11900740104664369,0.0015752935785508307,3.8306750012435083e-07,7.409048815146729e-05,0.16055986299946112,0.0457716505588138,0.003767995896354348,0.049914974395977606,0.0,0.029400411265050302,1.7358707002153835e-05,0.02215740092132333,0.005421131523678513,0.0011695127269416676,0.058223186542063696,1.8540249046252502e-06,0.0793537644556277,0.17035800470404677,0.0003284920033136719,0.0028627364137097655,0.008705896722068934,0.0005780131851238039,0.0028230626955758472,1.0655771379480458e-06,0.0013935169267243613,0.006836319103129929,0.026190710013650066,0.3695640061107088,0.00329959146987438,0.0002074599871118828,0.020758984113848182,0.033444563431035336,2.3432336486470186e-05,0.014038601955107519,0.0,0.013371412096511118,5.886424677915431e-06,0.34544842507072926,0.19986621463682647,0.0015861343387520085,4.7118124263708076e-07,0.001424168202791478,8.853032433633399e-05,7.556685408708529e-06,0.16984337251185738,0.3912507883946625,0.011725265418653028,0.00010766241894560272,0.0025621187972004883,0.0002914307891406717,0.05361868189264312,0.022653498249470105,0.04696211508352355,1.1065245248511518e-06,0.03620019269346622,0.026958917753075073,0.0004071645743524417,0.03958232408080953,0.00017742237951508635,0.0008167723277903114,0.0,0.0016615572242442735,0.0014247890575338124,0.002519684620524685,0.0018204877393137235,5.514888185076947e-06,8.075944489181926e-06,4.301762636194311e-07,0.31428508011371414,0.00020757411639607537,0.02285803752206441,0.003393359414771265,0.03481650176137147,5.3543041753204734e-08,8.227769059581237e-06,0.0001254017687620495,1.984963933001394e-07,0.0,0.006455709863486675,3.274950206365139e-07,0.10395077635022586,0.01692815808862687,0.3393700822680805,0.018341121845810274,0.011301290354270547,0.002826246146743372,0.0,3.235715538414674e-05,0.025594360139696702,9.106384859631918e-06,0.01098812250891938,0.01488370136159993,0.1070660292478415,0.010100394892551864,7.78649675789926e-05,0.0756759320166026,0.013071233402213722,0.0017085023156368734,0.46231349669919874,0.007550692000805145,0.0048174838863728085,0.0013039654837261301,2.3764321781804962e-06,0.0032649009113167593,3.038726746857243e-05,0.0027108367992279246,0.006108538124732436,1.4798871423327164e-06,0.002134150349896503,4.455800448269044e-05,0.010296961995309252,4.5679030612928954e-06,0.43424343050868885,0.017882930814337172,0.00028303574313565463,0.005692888356127175,0.0006258779504395426,0.0028367737182151756,0.00037259767879168715,0.008902381970732643,0.2394505400114042,5.549378188960614e-06,0.00020053545240524326,0.0,0.00010630631623539979,0.0012574220153010844,1.3178215276585412e-06,0.011702770176360199,1.234309455313742e-09,4.827419457951181e-06,0.0023218999525827975,2.0342513352138228e-07,4.63056853928131e-08,4.3895725406617326e-08,8.376766207455732e-06,0.224256663388692,663.1040767249954,0.9,7562.54214859985,221330.1429537573
0.08623403062427899,0.14034430343271523,0.533045564855713,-1.0,0.1150932009982334,-0.9032332906039344,0.055734310481225104,-0.7923395196362589,0.13166881047783985,0.41361553445068244,0.00022010530859294108,0.647474700881363,0.05368522020580961,0.9586391840267533,0.06911086527614937,0.6294302312843609,0.25933433545550677,0.9854839432787645,0.028706235263267432,0.35201902233017535,0.037980831843865526,0.09506779176496875,0.8379419212163679,0.24017575012726589,0.051090352762722856,0.001058171247335483,0.057898693172314386,0.5051446086208911,0.01530285139999086,0.020397219023059743,0.5348515305333057,0.014780565454226215,0.027373601445916607,0.17038685182905547,0.003209160343793518,0.009619957589177976,0.015706765605779865,0.10341185467025885,0.3806618899446573,0.051775228981665644,0.3290193999540614,0.6436226485176976,0.6660100448813367,0.0752900609554885,0.0052670346100636405,0.0,0.7389828282956974,0.012892246706910986,0.39682547914077193,0.02098283992992249,0.0,0.03707900700163594,0.894627622514365,0.5218619123156051,0.2055897228396077,0.30539903843618066,0.017291137842644033,0.756561383542117,0.0036014751124867376,0.2979623606006119,0.08830832808648814,0.519394802324302,0.2163919070533775,0.1714790847375705,0.05038659658442041,0.2687875314338752,0.14105199703637247,0.019566354243028997,1.3147487603865462e-05,0.5301489515919092,0.0118011893117595,0.11598062530155366,0.32948933538056957,0.08505436597866853,0.005736521541403999,0.2879050905914108,0.2824464395383203,0.19173569099996698,0.8266256599083578,0.8952436069619558,0.9096953060268881,0.6132869178811609,0.004559276589404804,0.15975604492074633,0.14242905108390064,0.000695952022429991,0.676232698023733,0.015976136227050023,0.6349438665622406,0.0341228927022173,0.2415452683144369,0.06257825912377693,0.05209351018572219,0.8416750574138883,0.9809424343205699,0.4128485762828699,0.25984351268466666,0.5292834681440246,0.0,0.7553825646815127,0.27217160578618155,0.0011448288074943252,0.03927772011305437,0.21732384694916435,0.030760442287377954,0.09918511961773321,0.04205118599165521,0.04818775837754961,0.0,0.9483804202559019,0.012180383413929293,0.7177078299616279,0.12125505152392622,0.8834610767456534,0.48687151163182485,0.04991462100109056,0.018265655750196994,0.0886238633863152,0.004770782732079794,0.7397681254589685,0.15259753172584328,0.24957925858292196,0.11113701753064027,0.9006440883234488,0.019570105396746362,0.19856103474735246,0.251889963555399,0.292750872040654,0.05252046793362221,0.059451216445299195,0.009912116721383526,0.00046134630248293416,0.8262468810755059,0.6410628621606461,0.6276172135916451,0.36038970033257484,0.5824823721567483,0.06719231992128244,0.11591952170018598,0.4950425283951606,0.6151460092905482,0.14167629531100456,0.44173010215582725,0.03664223249017959,0.0,0.3634386558990972,0.4357358653504104,0.4258634062547997,0.04410518849113216,0.26472876137326257,0.03809844343860572,0.6426739586367683,0.21795660660896143,0.49230854644318595,0.7252078305580423,0.009478285945011555,0.19896517218036514,0.21691271728653552,0.07980764551230812,0.8436331749939814,0.12105528344021584,0.7707882356558278,0.2521099514312977,0.10186871375312946,0.7019196138751569,0.9361554023401059,0.005400187333656532,0.13897731273633468,0.536228228737765,0.024816274106908294,0.020947309816785338,0.15885244831560683,0.09178570897336923,0.00044304216094104184,0.013650957686849565,0.0002711185349764877,0.38147603429568205,0.5128451550184632,0.8805966532134264,0.5282753490757878,0.03725987693145214,0.0178204439370156,4.1251788819252067e-05,0.07398532524796515,0.010243092568741327,0.11015663686169991,0.3195879479387933,0.13142518785501817,0.9157586166520673,0.8155899018674408,0.3684874036037483,0.20170605222016974,0.20678071863248104,0.5039817594748854,0.8716365542468454,0.27067517178681,0.5505804446342055,0.06675452962648545,0.16587990410779538,0.018885659882461228,0.20773775321122545,0.31534979769587046,0.4404434024179388,0.3280617565389103,0.2544287590463702,0.2846330265420501,0.6415260537058285,0.10903084021038369,0.0667251678425761,0.4131276871243954,0.05698629641946934,0.04422428940951609,0.0007188398813053332,0.04914437213410899,0.04446154534049926,0.5724680371162778,0.6660191270606913,0.011920824200714712,0.027882926781198282,0.01455042357930265,0.4269416206672837,0.81647678189115,0.2103882956527518,0.23752562291228144,0.47028591365037675,0.015620503189824221,0.0897602470195977,0.08127865522752739,0.39364745742351936,0.10391942052982972,0.008769867589857174,0.7396389583825387,0.006532890243152687,0.0,0.06077952184641622,0.9829782097450169,0.4573083983747221,0.010582000835240607,0.015744116442203387,0.28729272663009425,0.000713809154702677,0.8298735933031414,0.0011306835106956602,0.47092635650431225,660.0581307488026,0.6,10582.447046526737,15470.987005378163
-0.9999952596212668,-0.038815541354973324,-0.3614237655652797,-0.998266195643803,0.07903988310543764,-0.9997759906396783,0.06834076091411795,-0.9999923144099231,0.004969558415424925,0.00014704765164652925,0.0028901706292260355,0.18816472446307964,0.005631571352925619,2.1678247247213944e-06,1.8858641054127928e-05,0.1483279506329504,0.04804792619012688,0.0006442683871018201,0.3383285402070696,0.01257940231425792,0.0003663572085649962,8.55844403540168e-05,1.576043231612511e-05,0.031208060537633975,0.12251388848961434,3.8462888663518424e-08,2.7450924252488132e-05,0.020013982415231987,2.2955832765035247e-05,0.006584838141967536,0.05632472786062957,0.0018559590968385605,0.00017566057327166092,0.11055726751380535,0.1492693690449125,0.0005120263178478978,5.611138867840144e-06,0.011976906373716071,0.03214669594885284,0.1149628198198919,0.00024626323189887167,0.004265774938160827,0.004178786051978623,0.021044460648604147,0.004426167447255177,0.00046639084494546604,0.8290244265616807,0.0019939234023206714,0.24244937324117785,0.001713062873807264,7.178717200647876e-05,2.431638054919776e-05,0.15248275549225973,1.4775632468090534e-05,0.007080356328981843,0.0007994420773990152,7.071318334638949e-05,6.270708846795557e-05,6.640340485998e-08,0.002493396820120626,7.088064545984837e-05,0.030430650348183264,0.015570164270184204,0.03802785117904078,0.0077833071290846125,0.1795894218246482,0.0006578460195733214,0.003233731453365845,0.008594978695349254,0.05888210905590108,3.355060639396281e-08,6.494724378781729e-05,8.980526235108679e-10,1.8774954895104317e-07,0.3304824292655994,0.01094007000272218,2.4533753544646254e-05,0.00020223262950702474,0.0014837819232104976,0.09314782733020013,0.9113630416096367,0.133753412241533,1.6421771878205765e-05,0.09865263002260924,0.1668087910707714,6.486340826903627e-05,0.354101570433358,5.906933884476068e-07,0.003782893883744302,1.0793597659311679e-05,0.08389799283701192,0.00017894272711913887,0.0,0.0304805501624848,0.15343776250844182,0.39215452140980217,0.0027669171266498857,4.698829899519707e-05,2.3445873537104173e-05,0.15151413266291808,0.22907453549608392,0.0,0.0014388468774362683,0.08569743029486396,0.0004995740800554545,0.07976301623280635,0.0016065362717764048,5.583410466076879e-08,0.11985011199993281,0.0015752935785508307,3.8306750012435083e-07,7.392288952373816e-05,0.1618656572799035,0.0457716505588138,0.003767995896354348,0.049914974395977606,0.0,0.029400411265050302,1.7141542079423156e-05,0.02215740092132333,0.005421131523678513,0.0011695127269416676,0.058223186542063696,1.8540249046252502e-06,0.00016348912894025014,0.17035800470404677,1.4615501727268938e-05,0.0028627364137097655,0.008705896722068934,0.0005780131851238039,0.0003933968986700898,2.5555569211166894e-09,0.0013935169267243613,0.006836319103129929,0.026190710013650066,0.3695640061107088,0.00329959146987438,0.0002074599871118828,0.020758984113848182,0.033444563431035336,2.3432336486470186e-05,0.014038601955107519,0.0,0.013371412096511118,5.74018910981662e-06,0.34544842507072926,0.19986621463682647,0.0015861343387520085,4.7118124263708076e-07,0.001424168202791478,8.853032433633399e-05,7.556685408708529e-06,0.16984337251185738,0.3912507883946625,0.011767740875640177,0.00010766241894560272,0.0025621187972004883,0.0002914307891406717,0.0536469025450127,0.02250538645821465,0.04696211508352355,1.1065245248511518e-06,0.03620019269346622,0.026958917753075073,0.0004071645743524417,0.03958232408080953,0.00017742237951508635,0.0008167723277903114,0.0,0.0016615572242442735,0.0014247890575338124,0.002519684620524685,0.0018204877393137235,1.6149841538788935e-07,8.075944489181926e-06,4.301762636194311e-07,0.31428508011371414,0.00020757411639607537,0.02285803752206441,0.003393359414771265,0.03427126820806356,5.3543041753204734e-08,8.227769059581237e-06,0.0001254017687620495,1.984963933001394e-07,0.0,0.006455709863486675,3.274950206365139e-07,0.020286388970339984,0.01692815808862687,0.32829859238675174,0.0007299909308627964,0.011301290354270547,0.002826246146743372,0.0,3.235715538414674e-05,0.025594360139696702,9.106384859631918e-06,0.01098812250891938,0.01488370136159993,0.1070660292478415,0.010100394892551864,7.78649675789926e-05,0.07562726492002982,0.00012060591096722285,0.0017085023156368734,0.46231349669919874,0.007550692000805145,0.0048174838863728085,0.00014404183923857005,2.3764321781804962e-06,0.0032649009113167593,3.038726746857243e-05,0.0027108367992279246,0.006108538124732436,1.4423660679914912e-06,0.002134150349896503,4.455800448269044e-05,0.010296961995309252,4.5679030612928954e-06,0.22147810120118205,0.017882930814337172,0.00028303574313565463,0.005692888356127175,0.0006258779504395426,0.0028367737182151756,0.00037259767879168715,0.008902381970732643,0.2394505400114042,5.549378188960614e-06,0.00020053545240524326,0.0,6.581571304548479e-06,0.0012574220153010844,1.3178215276585412e-06,0.011702770176360199,1.234309455313742e-09,4.827419457951181e-06,0.0023218999525827975,2.0342513352138228e-07,4.499858272631684e-08,4.3895725406617326e-08,8.376766207455732e-06,0.17714034216929983,663.1037620566274,0.9,7529.516997855185,221352.06162422168
0.43732152175708694,-0.01824183414236113,0.3207145810196249,-0.7567459847355591,0.0489145405461804,-0.925183163387,0.15067497733066748,-0.9966983074501714,0.16812382060588232,0.01977379705371487,0.055533362696490354,0.23776114152867808,0.0018702172082284176,0.775830615364066,0.0,0.17412399533955608,0.3246118110433811,0.06125284957934381,0.23330617762080794,0.04580890850063701,0.0,0.09790368300880786,0.0028618481481628225,0.03216023855915131,0.007129651039392039,0.0003692552477375082,0.0012542341604391966,0.3752676661238313,0.0002204589534180873,0.0,0.01962016800888433,0.016449756581726635,0.0,0.0961101097361092,0.000991273888591333,0.020380004294602565,0.014280933847904334,0.03735849693147458,0.06030264530171045,0.008668465942595686,1.3432273587283328e-07,0.0016983739357214645,0.0020012593779756577,0.0008286577442517082,0.00411333628934716,0.0,0.739973046935277,0.0,0.24851373582020442,0.0124822049145091,0.0006975705918355131,0.0003801884169494507,0.4383164763880974,0.006708361231156252,0.1731980254709765,0.008625444584588448,0.008617943934335822,0.0,0.0,0.7285883440521703,0.00030588340216668956,0.49864402726054025,0.023697255622846223,0.032424105556986556,0.010493021278080895,0.5768787033359232,0.1808468474523764,0.0,0.01869793903873357,0.5257807861940388,9.220482760384507e-06,0.015013518304888136,0.6627283545460485,0.014242571922043042,0.020542047408510455,0.023458846626137116,0.0,0.7228046976692991,0.3953044466533464,0.34667021121944197,0.9848904565237211,0.023007440430040334,0.009313715416706917,0.030617744113920334,0.39870098822998556,0.0,0.1665862664088481,0.05470114142492279,0.03490292496799544,0.028936753368958346,0.08573987427642069,0.025906250714154505,1.769878941430315e-05,0.0570396646690276,0.2949907242707455,0.40102469920919476,0.011682115680252486,0.019020221048882985,0.00032849927501492696,0.020438036143479634,0.19496509058679135,6.867817680556541e-05,0.005366476038736089,0.07600468658671466,0.0,0.7360754306987451,0.006850785086845078,0.012371844203711112,0.12532692604104437,0.04000250225181875,0.03257768047490981,0.001161621331674201,0.049252305722433914,0.9645355159952523,0.4676661671549758,0.04212011604652875,0.0,0.0003453718662862265,0.0,0.022674063783693216,0.06838142805001568,0.008727505897816495,0.18496096896339345,0.5902179406518607,0.0,0.17039280201643478,0.023410298709017344,0.16166797505065372,0.07092506100205383,0.0007527351170182004,0.0,0.24264200498429866,0.4515650215053483,0.01489325338562103,0.06379622867430354,0.14027198255859843,0.12666225085358804,0.019008952467476914,0.02384049573630848,0.007028261200152985,0.0009033364239707554,0.23648523593757026,0.0,0.05850986516226941,0.0,0.3855842874634183,0.17781586872571267,0.5988438468350012,8.471792577082221e-09,0.04752380110922713,0.0014690599689068794,4.232288746836868e-08,0.24559210126800599,0.046105792073079126,0.010777732905441623,0.9447108636789234,0.000689342196396092,3.2488771000835283e-06,0.25512391612616964,0.001974795401476279,0.19023464047407967,0.00034492439213581506,0.15274124534384292,0.08007083416179488,0.4457333369121118,0.2384433923048534,0.020912643166788245,0.015113837763106661,0.027646140463050514,0.020571295049574022,0.004397537329427005,0.0035425503562196356,0.0,0.0003775599254529412,0.06907758872320607,9.67271157019935e-06,0.0002393249274212114,0.4594527839144799,0.06679683734287677,0.026012314706412777,0.00524145313903145,0.0020067380753193594,0.002827942325352629,0.03224346645653788,6.236447239780466e-05,0.031466784538874075,0.11261756203209117,0.0007830605292809159,0.13625866562583144,0.10385511913357737,0.3438721526829802,0.05469373739377981,0.002596595238646424,0.0020602817236691252,0.037494157063262465,0.33485551842108097,0.5220390941166553,0.00011262484628286754,0.04076288325706254,0.02709688965364608,0.16671357440029394,0.012862566765900049,0.027384469097571165,0.01904171638366984,0.008302440120541816,0.34301829586337756,0.6294065937491393,0.021829547566098978,0.08671952926061871,0.0,0.0033281955719482864,8.181167099960619e-05,0.0005758968400952384,0.002025679229032377,0.05536658041203503,0.004969903936366751,0.0892120935924619,0.09681811390671279,0.008446859719622805,0.00045089075364488675,0.26699548969347,0.04085605171004632,0.02140765156168352,0.005692098508604523,0.48971121341537793,0.016195673145053643,0.00041627264293021956,0.755640873196455,0.7379438796549987,0.36439473591574434,1.1778932753377921e-05,0.0073411830988054155,0.0012002919285916916,0.06346768164276324,0.07904805857740434,0.03816418244700022,0.5984982360877376,0.0008294655050188685,0.11348607666561489,0.28056201687496485,0.019480014276579933,0.03258609250580903,6.17385735873858e-05,0.016584353889197247,659.8834520435958,0.8,10923.930156609233,201701.97597710532
0.36366720161090305,-0.015333805776942593,-0.04375152338761784,0.9865314685371429,0.19255459259806013,-0.944679023637492,0.09238984276513788,-0.9968830212276278,0.1370515828083989,0.04614365709960087,0.055228561538633425,0.23818753246812027,0.21113989896496232,0.8087166453746513,0.07478589598816639,0.1739124442867155,0.3094696134629352,0.17162145803969225,0.47468699969273564,0.07131785016112507,0.01151026021016563,0.09920978280761433,0.004296899857986498,0.07492270224408477,0.41480621323573347,2.618909850212256e-05,0.01104227402487773,0.3750372595892611,0.0001940372556982076,0.9968940867820808,0.034445508259681124,0.010045630998244008,0.002540966388381926,0.12157241317146349,0.013813301977418223,0.06109413497230564,0.10286631882261477,0.1142291193361597,0.16916620137704197,0.08226181695297746,0.004701652463303219,0.03896080994188205,0.0018087894037761868,0.04976588588958357,0.0,0.0021184641034996676,0.12505782840502194,0.0037516542221355097,0.24904120809064997,0.0026898283047861364,3.1649850186142876e-05,0.001580862552981616,0.4272447188772831,0.5079593313281889,0.0013034831919899181,0.017659443484617898,0.018324646934398354,0.0,0.03306450183209081,0.8943508344359473,0.1452390437630573,0.4453034794129656,0.05979525214856721,0.11450578904880737,0.0873966920858413,0.576225482375632,0.17637712774057482,0.1917336177386325,0.011623170417253192,0.8462337066690029,1.851167652541828e-05,0.001816259073375416,0.03824394950374858,0.09652951129775178,0.4154134228375991,0.0831873644600865,0.11687279657764713,0.001787848402939973,0.34216497162071235,0.7389062546952951,0.17570155285548894,0.012092652593700293,0.0146958766838311,0.2261613628442128,0.4097372744249997,0.0006600600275700094,0.2062319368536189,0.0008099925288784151,0.08863244812163941,0.02916233526273029,0.27535054829810884,0.07772466833828097,1.9526574785865848e-07,0.6933043471141712,0.5229228366280616,0.38769958800540405,0.23890846699009075,0.3950329764824755,0.0,0.010449973104642615,0.30276392070112823,0.0,0.0073099021469210206,0.15704706330529422,0.016269552487659086,0.37284896637045295,0.0037867478594910135,3.1048707054704002e-06,0.1511859280599172,0.096672892791623,0.0009071312057571147,2.504260973666488e-05,0.006031830161635113,0.06923563516911546,0.4061521401502991,0.0353764914786849,0.018731101012552875,0.4372960801918223,0.002871352822358182,0.022670023694225345,0.14180030711460437,0.018116944429824686,0.1972006238315894,0.6079035460615796,0.015695693718464975,0.4923750064950895,0.4711098370551442,0.5418143822135774,0.09763979774390476,0.003217220195410841,0.012607524123565141,0.0012435002439112608,0.43942049798884253,0.6445860933576899,0.06938588697110547,0.35952346584531963,0.4243510716615571,0.057089630761820304,0.3426224564322359,0.05229425852421254,0.0012730256353869155,0.2775557300670795,0.0009744382349171082,0.01694402171098576,0.004764680916311366,0.3766661721215646,0.4331154135486263,0.664299275316441,5.326584779018501e-06,0.057840529837809816,0.00154241287537689,0.08644830859876002,0.15805008739181226,0.09049639763082953,0.008424497155080516,0.15027422382456057,0.0295307217124125,0.2697117215952658,0.06252147213950851,0.6114440604700166,0.10326420958328134,0.01167968715372665,0.18495946086178983,0.0035347613527550448,0.7767088544123995,0.4467644716358127,8.609319108443189e-05,0.002224606788201118,0.15308981031290256,0.013984867409225332,0.03160663921287282,0.03270306416945201,0.76732240231761,0.000751168026436651,0.09221189361843601,2.47898771654848e-05,0.299947039821665,0.48296248613672416,0.8976587315151966,0.008479600963919717,0.038062281797853766,0.0027607254036196506,0.004793416096208722,0.03026997842297274,0.004174123716537667,0.00034276358591202316,0.08671804999700941,8.761109320432894e-05,0.17626095358511634,0.10393922386774197,0.3442457805839627,0.020453831752679976,0.25443579659810744,0.0745971837770154,0.14341079228850892,0.3378194322860012,0.01709843042329732,0.1211811948624818,0.6784206307579699,0.16453515434582267,0.7112515664524401,0.07917879384709665,0.09726535927463081,0.12260266103991296,0.008157737433599009,0.35332082850575786,0.6264764420483342,0.001021056761724419,0.005375981445989196,0.029146031600784494,0.047250144218276315,0.004897710542486916,0.0006434424562548027,0.027601014504169765,0.12439723297126576,0.00011643228608836984,0.003583303174399498,0.11437533096602276,0.009035994786255377,0.010962241304072341,0.4745223312512185,0.002970774182488402,0.20363432418894728,0.2500099271717541,0.03421289503030581,0.0071927533887621575,0.45879391699798816,0.012942293388684332,0.765429676785401,0.0037916286555290894,6.5337945021298575e-06,0.3748757844812042,0.005172390645896446,0.6292472526637964,0.07437868426478224,0.4610736759806099,0.00020585829724753248,0.00015513725800468285,0.003288374911468765,0.008694733521242138,0.004745085335508464,0.46055996528751936,0.0,0.20181424174339105,659.89644426556,0.78,10973.893820995414,159751.76092136806
-0.854255496747333,-0.021797732104030732,-0.04375152338761784,-0.9839537263056645,0.12610298646021526,-0.9958571332508568,0.06984658003162424,-0.9963921226006831,0.1368378484742947,0.04579985061061482,0.07160959322272821,0.23825379160143734,0.1828646753813077,0.8087166453746513,0.07478589598816639,0.15341620977643478,0.22301929782507493,0.19423131605506458,0.36044982870226494,0.06368398447606027,0.017658233928131414,0.09979619830232384,0.004296899857986498,0.07264056541884382,0.4143499639942834,2.618909850212256e-05,2.1765432451406044e-05,0.017498143858906107,0.00020165326234144763,0.6381157814365975,0.03980922747034821,0.007571395260972252,7.570194344404648e-05,0.12157241317146349,0.013760568850768165,0.0019293736437206131,0.019737139841126367,0.03133072185593563,0.0918109627272383,0.09155172014961062,0.15851959443217944,0.6444780381901217,0.0018087894037761868,0.04976588588958357,0.0,0.0021184641034996676,0.12505782840502194,0.0035983324341618966,0.0665299803017052,0.0026898283047861364,0.0,5.675212587156087e-05,0.43801757380578804,0.0068615183974503596,0.00762276191354187,0.023639528898878076,0.00472425916444779,0.002625555062230678,0.03306450183209081,0.8943508344359473,0.0022560203270227605,0.5316592144188728,0.018857273197420154,0.020118333378040545,0.1205843215292875,0.5749247045993005,0.17700590400499913,0.18248998902550692,0.011623170417253192,0.5935926132467613,2.7339556090931855e-05,0.004362438654940302,0.03643591074227038,4.872710705497197e-06,0.07873924849944702,0.0832449567741113,0.0005752800203852274,0.0,0.7924796483238639,0.7422873131371793,0.17570155285548894,0.3165772370745916,0.0004960282028446516,0.2261613628442128,0.41220043264575146,0.0018769833535488907,0.21929046056817755,0.0,0.08895430126025167,0.0003080426779708999,0.004287457779732072,0.042207083031586545,2.543472380304456e-05,0.6798546435076468,0.5229229571390679,0.4182203541831874,0.23729368838273757,0.44291994091318965,0.002116364375252067,0.03832630553188464,0.2979128924244006,0.0,0.0073099021469210206,0.17272966792121233,9.868485321935515e-05,0.3975360894436403,0.0035376311313685543,3.1048707054704002e-06,0.1511859280599172,0.03335607112321681,0.00014306262711613095,3.2565721207977044e-05,0.3801871602810373,0.06455381879200323,0.06270070952192486,0.035489772863286514,0.0,0.0029973541859645847,0.0,0.022670023694225345,0.01634328132196307,0.013337128951138852,0.013526690359496954,0.5954996421034464,0.009128701704304035,0.17657953414973812,0.026632267452484037,0.0019227597666361396,0.09695210698363194,0.0029071148982511242,0.0011769870726364394,0.00028086000933703816,0.4436507152467902,0.09525899089026996,0.043135633915604016,0.3507497675752438,0.0014804634803084193,0.057089630761820304,0.3431471622619225,0.0,0.015119160039154433,0.2775557300670795,0.0007266763507417528,0.01694402171098576,0.004374296093509861,0.3632537938719147,0.236520640436392,0.6669964672996997,1.700858817292337e-08,0.003635204950717379,7.071685439311037e-05,0.00013001699659725787,0.15807081440671678,0.09049639763082953,0.008403083551395171,0.014859635533348903,0.007435781382243633,0.0002696087287739233,0.07537109885662302,0.6147183976553161,0.10249689410077328,0.012349549809729353,0.14525212355691194,0.0035347613527550448,0.7041091556985701,0.20181536730500477,0.00026835805934486,0.0013972798877123892,0.01990787606074204,0.0001658365831046192,0.03160663921287282,0.0,0.714327736600913,6.604315506751612e-05,0.030417296345543188,1.0385897615093507e-06,0.421437148675657,0.26149021630256014,0.8876231808006609,0.00017808438196518107,0.003359303483283265,0.0027607254036196506,0.0034900201258209794,0.0008497643717972868,0.0001608576376661267,0.023656004509369576,0.2608762260759457,0.0,0.11838771095679196,0.10393922386774197,0.01009419048125701,0.01973069225068319,0.010447490916034677,0.06869891481265337,0.04016120985904833,0.3417100132702254,0.017104362855735637,0.0,0.6784206307579699,0.13388712113926227,0.7033242724279711,0.07329388379753277,0.9703743673380238,0.2382206564576287,0.008404339599437894,0.8315368403883597,0.6390142143277616,0.00010356092990977239,0.006500179985266261,0.005299539600564541,0.047250144218276315,0.06791867548014854,0.000259234739219882,0.049362350691877485,0.0022793970372738765,0.0001070490095535781,0.004378873750704615,0.0013430514796093432,0.009035994786255377,0.0024409113279965297,0.554867356487105,0.056139124229077145,0.027772040698773724,0.27731755983052814,0.4799547205399969,0.0071927533887621575,0.0008250948602393365,0.012942293388684332,0.02160977505539094,0.0032088044493945415,1.258165955034635e-12,0.3828167914278772,0.006480201180368387,0.6345940112657498,0.08177809366281974,0.0004401240467831833,5.0008602872516855e-05,1.7670302009321636e-06,0.003288374911468765,0.00010873720633745041,1.945359842526391e-07,2.7050490859987277e-07,0.0,0.20181424174339105,659.8947480281961,0.78,10962.091985083911,200827.12641620988
0.07508417187057881,-0.047829411917115906,0.518769391012495,-0.9367281850740529,0.11647110745893287,-0.9945334641534123,0.05563935354807286,-0.9968010746745517,0.12375515082842312,0.3949291403146197,0.08919855156711323,0.2640393987659363,0.023885718851732334,0.9730331176237385,0.07119370224271232,0.3500209156788235,0.4490483999341809,0.06470594413036126,0.03742142570385562,0.06405899447670234,0.6307432595778363,0.13125953698082146,0.013778190134563207,0.21719175869984816,0.0036732908709070228,6.754476384742137e-07,6.163495031741599e-05,0.2694206539540294,0.0005082918802238601,0.044951950676767216,0.7419888622443771,0.014702493642931552,0.0042671322896701835,0.07770045206085907,0.002672488336917876,0.06376605226501147,0.015615974188560101,0.0493822558362271,0.16502738570721995,0.08045963709151875,0.002858436724944624,0.6020461541486699,0.025191691591649405,0.05340719657548881,2.0475046705318266e-05,0.00042505454991355676,0.7522641556977753,0.011283001901041123,0.0012983576315040157,0.015390828970472744,0.00047826833094956073,0.003580272868465441,0.4175010778590612,0.012463432326013886,0.487120262942263,0.013010836507422699,0.0035687599996583903,0.0036882607325680536,0.0002414996539467501,0.3158999747598023,0.007307681694412583,0.034371706030028315,0.008671904328197292,0.06783606901673109,0.11815101054717377,0.2690437716209924,0.14144906523644346,0.00926312829224726,0.007843375127606527,0.5641609169386965,1.1671311886313261e-06,0.02261812481628747,0.3182317840517852,0.052423779188495445,0.05494227131595554,0.06972424768960958,0.0003798171951067131,0.12464448002986019,0.32448501476597447,0.7978340873928587,0.8069438932306817,0.4248593784419947,0.00036266866660132147,0.15529964152390788,0.01641518304598906,0.002346482715095973,0.19027504257435723,0.01692555673842398,0.5983270057305868,0.02328775640690645,0.25126330853756873,0.04277433456385488,0.00044393725198576053,0.7192074608501217,0.45520238683150055,0.39307340253723627,0.24284321199347195,0.4423315870848073,1.628267300167913e-05,0.0013001783853602011,0.21266444154514838,1.641877437786297e-05,0.007422476038771539,0.2198158915831222,0.05029560619961965,0.3436470457295109,0.003691123041601363,3.1686168830060224e-06,0.7544184335073123,0.03811891567606768,1.7078656255079157e-05,0.06539823556607552,0.005730535735559886,0.9573645649912023,0.982815040229838,0.03580230190370497,0.0008354661435399473,0.35552625723457176,0.0014398267743324575,0.7615079388320523,0.016788446699054202,0.2668089696535622,0.5653723466040628,0.7593036506969805,0.008152717671190702,0.17546039561426974,0.020552966449882873,0.1472057481263479,0.09410397545966968,0.0032347149082161473,0.049769079233210486,0.004501643769558111,0.8363924797322778,0.6419815328055168,0.0030500289911370437,0.36076296734552876,0.04606212949973491,0.014082063558141455,0.1120546914577443,0.004449126342571413,0.5982623895628859,0.28904059576431235,0.0009710277788978288,0.6575545646770491,0.29847563494840246,0.3311889002326702,0.1976837587175714,0.5874599891426715,4.788577746039509e-06,0.2932335310054055,0.01360676260200727,0.9080228148827325,0.15329724180898663,0.9174294318838407,0.8060943547146047,0.0452755657525692,0.029398802197861236,0.011673614848397254,0.057814830989036906,0.7257277146284258,0.01581207766840765,0.011128239074278807,0.8093584619256032,0.011095462476490368,0.007518306911966921,0.43689782479847483,0.005302573854593712,0.0023055147769989667,0.002828143362456445,0.00878201542891583,0.0010773624799800818,0.008329223823155728,0.07788190726259661,0.002225703887748169,0.06393079733603718,1.9777044763043422e-07,0.29274567209905084,0.014405666077604906,0.0674241661039977,0.004053967985258394,0.05407428571916824,0.017356220105674593,1.7701923729089705e-05,0.03308862430111581,3.090818621545243e-05,0.11661709525722475,0.2415448987011641,0.00014260988376586532,0.014709683880184954,0.10363653990221819,0.40387355326920005,0.2022354524463134,0.03897341760916764,0.00032982587181534795,0.1409174458073245,0.028651604714657497,0.00047420937700492355,0.024338549770740507,0.16587990410779538,0.052706485943053584,0.1065812034243595,0.051223070669557766,0.06181192525979354,0.3207719983076866,0.008280300189195724,0.6162197859084111,0.6263950323125181,0.11096169382668106,0.00020236201429525875,0.007130047482055857,0.03974956963520304,0.013908214419577281,0.0021493659313779868,0.001536550746861265,0.04709946982005815,0.012392007460280019,0.03773778163579883,0.013865169451559837,0.008962842357630021,0.01093727142467122,0.4482983257409276,0.7594129941201737,0.2159388647086221,0.22885347987793037,0.472294683758413,0.09717582802632577,0.4564163059223794,0.06250278746608265,0.23998460359658366,0.003418784162431833,0.00013423518047900828,0.27455210930203683,1.3042509949668106e-05,0.006766010670206161,0.07367585170509365,0.01134073342926596,1.3202902047339954e-05,1.2301096579017424e-05,0.11082957189153472,0.02331691872761738,0.7586724197847396,0.030144456210443274,2.270108631551593e-07,0.3745635653935656,660.067399712706,0.64,10734.316929328474,16938.871331888124
0.28291512184912,-0.01610444943068224,-0.9405782169632583,-1.0,0.1317603440926344,-0.9610222804390312,0.1005818962604454,-1.0,0.12066848363933994,0.024037144536252806,0.06962471847925532,0.23757072831619314,0.0,0.7580661855148525,0.07522235431184006,0.1474353336840021,0.2469855119012912,0.00120997353904087,0.3031776500491554,0.04902209546296382,0.0011541288314452231,0.08489378552313337,0.0,0.07636986534315318,0.0,0.0,0.0,0.03616892484209149,0.0,0.0,0.025915901509682492,0.00979566604306156,0.020570443733181336,0.014454189539689383,0.01336281517348552,0.0024508392169626672,0.01866999956098674,0.03208328912540258,0.06026349875911968,0.00903103610262812,0.00014136502156204692,0.0,0.0016641711941448086,0.0012057118314699419,0.0,0.0005015475315490975,0.4635310483082981,0.017958362216153424,0.1760800853773165,0.0030894013553919254,6.803925703180566e-05,0.0,0.20292638243800487,0.0,0.0,0.0,0.010909745557054387,0.0,0.0018147603826927559,0.0,0.01159438558659225,0.019560659460613406,0.0,0.03294911516665613,0.1141547135284043,0.12667500430311973,0.1535946876392101,0.0,0.004518164264785886,0.5687110486572692,4.983673253611875e-05,0.0009636070646015277,0.6299552875526987,0.0016616300582743661,0.0,0.0,0.0,0.0,0.0009839013525460383,0.2974438931110642,0.17821441723803322,0.0166564521683249,0.009208991362470739,0.23224444963017796,0.34790520843575834,0.007075628347429513,0.3649025954672809,0.0,0.00844412621057172,0.0014174099677985784,0.08296349763109838,0.01742214386610684,0.0,0.06655017670612329,0.5253494398372446,0.4198466119189581,0.0298764641182395,0.04289015717064497,0.0,0.08793031716972814,0.004393550417441655,0.0,0.004563041088956396,0.07567169389720083,0.0,0.32452500724338323,0.003209756328639452,0.0,0.022586527837941746,0.020748413690584794,1.3402799712133244e-06,0.0009636686331900421,0.14045962558528421,0.0,0.00845108543106,0.020024675895956023,0.0,0.0,0.0,0.010457953100867817,0.00671297878526518,0.002081120914100236,0.07215391385722209,0.0,0.013180780951775621,0.17203150859330762,0.001672302360614649,0.5324845295671177,0.09844942996220163,0.0028594576551885225,0.0,0.0,0.03583680606698951,0.0066653948203561604,0.05340422058523917,0.003685457995990122,0.04411296930516115,0.0,0.3511457844471954,0.0,0.0,0.053625465619995004,0.0,0.01612394341580748,0.0035729070164565013,0.34966767426188067,0.17051786926741502,0.0407302850030597,0.0,0.03157028696301614,0.0,0.0,0.164562472223113,0.03623878830182689,0.005904745430112184,0.09144765042159933,0.004596060383956141,0.0,0.0694563124126146,0.0041506713003012,0.10164526548865585,0.0030696435394155764,0.1565440662645656,0.016673504838921164,0.6926145353994384,0.19195108184188203,0.004512601439166841,0.0014296261552201978,0.0,0.0,0.0005178285966859575,0.0,0.7294178020408559,8.93585989881122e-06,0.012095303348718002,3.492579736214517e-06,0.005340345028862175,0.0,0.08189944599593592,0.008733911011953773,0.0018450453017265912,5.447604145407085e-05,0.0,0.029751047825709503,0.0,0.0008673147879949659,0.2838189036722648,0.0,0.1342641498107835,0.007439009951683303,0.34028052165135403,0.05850575902445541,0.008061532923959587,0.07078245560173095,0.0,0.08399417173111962,0.0,0.0,0.018496616256617353,0.028827636691671977,0.6797748374221682,0.015453604636280309,0.0023653697327245472,0.039735209792858106,0.004916108924303142,0.8302013793960787,0.630970409545639,0.001540716274975228,0.003330829272882465,0.00428973583862547,0.0067394493138727895,0.0025751539673353908,0.00021272941222227437,0.002400752402013765,0.002591163940445103,0.0008250614534548546,0.001742748525858419,0.016007265677799257,0.001057756374684796,0.0039176132584861625,0.2644408724136762,0.010136400059672316,0.026615102861440764,0.008710024567796761,0.012367287969655173,5.0668432903760585e-05,0.004912468487980176,0.009748436140642348,0.23567097164675932,0.5265293249089417,0.0,0.006165600857900647,0.000454459584547612,0.005469858701105978,0.04473559285392636,0.001956687770240714,0.0,0.0,0.0,0.0,0.0011723066557664742,0.0,1.2875728321194993e-06,0.18621058308311322,659.9287167006835,0.7,10871.167952203226,59505.63654498343
0.21258329578718552,-0.02134824084875675,-0.14173867287293085,-0.9815412102929719,0.06105891327051156,-0.9694408065212274,0.07219835468242525,-0.038262510894696886,0.1673249793594653,0.017254797044077515,0.0547555971194337,0.20865928650211038,0.19366843474913165,0.7429536830536115,0.0022234327126761833,0.14718546083795442,0.13430975348945934,0.04248253282765235,0.3654966795692124,0.05681387551860688,0.0059551875959983,0.08460292345654491,0.0013806447503946669,0.04416471597044558,0.001219773424987445,0.0005061574359755814,0.006182897272476164,0.00684737458862178,0.0012149225919535125,0.06937917091857454,0.014642744096362015,0.0017995953467022305,0.022454462158710393,0.0022314902929830393,0.0016646115243129562,0.0014427244093447942,0.015063501719593874,0.015788414970133002,0.0003590814391162822,0.13031831986756598,4.289039245664629e-05,0.05656325946190076,0.01031027612389792,0.0900311488019961,0.007363737753717464,0.013268727467749923,0.5206332884306142,0.0014831947718857343,0.2531125292300174,0.002591204598266187,0.00787661461724984,0.0011599115133584137,0.017054420309019935,0.03251005102676292,0.0005162953343032829,3.795575653564045e-05,0.013182462572253346,0.048060653974106166,0.0012265799758535872,0.8776953488898842,0.0015810114034781413,0.5203569268231085,0.017885344647266654,0.03729033513948477,0.07865791747816951,0.12586328653703416,0.17918904329561455,0.002552081228555686,0.3435184564685607,0.5799603398725794,1.8235412551562157e-05,0.004016328879178176,0.005124095814278253,0.004032027939887488,0.008756430503089866,0.007190512100509257,0.015211691633644497,0.37808949534269237,0.2656584240873927,0.4015226555524312,0.004993244123753349,0.06226393549595889,0.20364685032131236,0.13866983938498667,0.013551943260922322,0.002485843692160844,0.13028740093128371,5.515145485925142e-05,0.09296135603710394,0.0018974643734936056,0.08912007035868828,0.020021260410868064,0.0008485964564805665,0.09370541209681466,0.5310231553785969,0.758096710694412,0.21839036110869625,0.16623143633970885,0.0002919278895697373,0.10200885653489002,0.014173382252171442,7.66400735282191e-06,0.01343661243372546,0.08074234072170658,0.002392658213618468,0.14569811836179541,0.002479424486357468,1.3981574657219963e-05,0.019971629701987667,0.006258667858117649,0.00474409701291021,0.00013367045211444724,0.08619168442571562,0.06693400889667642,0.9333543025526017,0.03268264627395576,0.0,0.419871919075701,0.007428810241482828,0.048113598973424807,0.007122099726637354,0.02465275439664144,0.009364078351583593,0.6061200467417651,0.00132977155354453,0.4733542705280036,0.0020348195232539144,0.018215660682673218,0.14274820553136522,0.0006638337877728911,5.094580954216241e-05,0.03619556165094015,0.6560679743784736,0.15289376979930677,0.011054449757985894,0.15004593688088702,0.007691636599631366,0.014910651525736236,0.1314618433941214,3.5472541963012542e-06,1.1264476255279713e-05,0.23912897992753182,6.708986863984597e-05,0.026835614775452876,0.002546416420650838,0.31720208753231577,0.3411093397105381,0.06526426494757177,3.486785728120344e-06,0.2019564300422393,0.00017526034270560326,0.00023266605566426917,0.18122001355120712,0.922738971213083,0.005510814248143633,0.047122141159052736,0.0038187045843645698,1.533185511715766e-05,0.06450669089308181,0.02410394591550294,0.1036325339400436,0.000661739907824526,0.2885226931722956,0.0034589493912203645,0.6788946757958565,0.9418952305697471,0.002037435923464833,0.0017189309714621525,0.0024978766811107125,0.020346357414699683,0.0008930122404719187,0.0006250462314838815,0.008766647121909,0.0005376841856381816,0.09732040283824012,7.3646970121849274e-09,0.3080218775213849,0.44788545441509037,0.09318983038359384,0.01340096816712728,0.0017034172814229503,0.002886866585039578,0.0010092741321775128,0.02457217416854659,5.261856294366249e-05,0.002312083905082772,0.028043986972914495,7.827696855978845e-08,0.11839637461214597,0.10112497131521123,0.339369387968611,0.09846201956575637,0.3095936303203395,0.027766397474774093,8.970970223366617e-06,0.007587797089426652,0.028182677406956815,0.02201094647650654,0.009284696188169541,0.029281808845100545,0.45664139666729187,0.07170902424847041,0.04423413351981704,0.33408774992266443,2.110937095313136e-06,0.4602764864286523,0.6332344958766258,0.07571770203747433,0.004633844256138206,0.0007100768959896926,0.011634371652800105,0.004646563677326904,0.0014483581007832128,0.0004837256914955277,0.015817170443579692,3.964617941547581e-05,0.004370642948129739,0.10886901663905017,0.00567536719816944,0.003626594635233413,0.2873368052190109,0.0012431843938726318,0.02146123745196124,0.012001041382232777,0.02242593618032027,0.00043639339284474613,0.0004820175146678001,0.00014399651143886562,0.3815458481723749,0.002894026166094559,3.9755912847252356e-07,0.01055343670493164,0.005896956414251147,0.06072174678691003,0.08208223973661373,0.03641274118948007,0.0007327642086110346,0.0006016779085454439,0.0025517675283590995,0.28296666957161337,7.981308924128645e-08,0.0004934042889666009,8.396523712271665e-07,0.008520188261232173,663.1029819141283,0.88,11433.589840529585,31441.84556310065
0.2505567007641696,-0.016627988992754198,0.21701124122004584,-0.9861342466546156,0.11618494534383281,-0.9248689981513174,0.0940407162938739,-0.9356031918909121,0.12311611716580662,0.393954705765606,0.046750222119057654,0.2635786425582995,0.024501936802976326,0.7896983853802316,0.0447143130158878,0.15540365457644495,0.3064585774408912,0.08368319801417573,0.25689854666362555,0.0518384027400734,0.00021125328802208947,0.011821649968641736,0.0005150906715504075,0.03575090688128517,0.3554229198613904,6.936558181259712e-07,0.052915804748670345,0.16602109235492843,0.001566178682468059,0.04416380419974933,0.9534212749167984,0.011095186425348697,0.00427767983120136,0.9690388248879269,0.006555271076717466,0.02051343986995856,0.015888934321259127,0.0492142254496335,0.19234370621357888,0.16235486554531794,0.04155468699569622,0.6041292645892131,0.0012792327165218626,0.09153782488458066,0.0006930185935369892,0.003435648393913971,0.9042565747281988,0.0035222527351151103,0.5130384086447797,0.014949450629389115,0.017072193625766997,0.0019344859434120424,0.522353577822303,0.00690545912432369,0.003861168798486858,0.28927025029513065,0.0034599880585570782,0.0036484205168429303,8.816553751161819e-06,0.6255712151786694,0.011607182931357903,0.9692922788401106,0.021747969254364855,0.15689402586675155,0.012716481731530338,0.990602097021855,0.1769992721692008,0.17232848993401784,0.028788797628144264,0.7671929870172798,0.9544436129164329,0.0032691783712440747,0.02513878722874166,0.053119750380335076,0.047594847617451426,0.031173097321044292,0.00039264122935515964,0.06707351823707097,0.02926133249434984,0.5423209509282833,0.9182265483756671,0.0035871681348064177,0.027378444966673313,0.1485755367854771,0.43998197736338,0.0005125508840244236,0.7865578725792446,0.002519230268327545,0.09316751044492655,0.023223493149211193,0.22461811090935552,0.2660398240764212,2.447461998173331e-06,0.06452849910651376,0.24976292750614762,0.5217990799173624,0.05902803597103223,0.44055650873119384,0.0708418917341381,0.0966976168710796,0.2559773365783047,0.00044740221076923525,0.009323725296882303,0.21780964095046473,7.818016575045217e-05,0.1514179821461489,0.006120764357321978,9.8798501904685e-06,0.025487086157919475,0.006147319165279986,0.0006591238207967864,1.1365121609562342e-05,0.11964097876897714,0.06873770571384719,0.963754844225273,0.04952855719098693,0.0,0.00015995434552699278,0.0014392967153108638,0.07858892641039461,0.06829258448456,0.011560983212306114,0.00917394406840892,0.5869840424597579,0.0038886817107046156,0.17560215097681373,5.33083685173984e-05,0.4112465353580102,0.0938946839926698,0.00012060304954825758,5.4724390663410584e-05,0.024929021734068715,0.8764933552012635,0.00648062642733149,0.038158625340568436,0.3696108978987027,0.01782586749392362,0.017108972446042158,0.3391116275390568,5.119869118140359e-08,0.07675105575329919,0.2814303298073548,0.00014423537398812106,0.649520062978604,0.0012767303497883166,0.376564594850137,0.3470705257862236,0.07604733076969333,1.5757479987076082e-07,0.41450811828102885,0.0003642964247616452,2.824636252932898e-05,0.19513188164830664,0.8930912535434594,0.2070634118364643,0.27921104090713644,0.036043175566473865,0.03237539381858106,0.19587538771156093,0.7292984610055909,0.1596931494461426,1.3522689164076091e-05,0.8198417362063378,0.08397170188962928,0.05944476795016407,0.31939823331862627,0.02643035119847889,0.0016870674350816504,0.026568355132985444,0.02363368484083848,0.033639346347713164,0.0029291581480507707,0.0775448797247891,0.00021591789570792747,0.0676468126317834,5.115236507060272e-11,0.29711181888034055,0.3144803097356676,0.0308324564616847,0.0035773581613419564,0.025540937861908482,0.13241968313579588,0.08731816550089187,0.001002853052491414,3.0492965290678003e-05,0.002801268787120434,0.09213122060091111,0.0001368806430763195,0.817080896567121,0.041843282399264645,0.40585478391281127,0.2018069695892441,0.1910188493519978,0.009586261755294876,0.0018902445822004236,0.09169431362248803,0.5335030273608745,3.879379471046842e-05,0.02431656229629535,0.05210509365002273,0.1091970672949603,0.016937118383694317,0.06002107002619837,0.04406764758017159,1.95506182932249e-05,0.8188151127185398,0.6261980105230553,0.0023579653216702426,0.004507638516805244,0.0007991994023906937,0.05471622114415715,0.0008564163410804152,4.418079548940803e-06,0.002655499102136921,0.23147184471319285,0.37720497137006226,0.026979245421888717,0.012960787365906388,0.02760861152842989,0.04790509178514901,0.4508575312664327,0.030874131597755594,0.02369512111261987,0.03887152662342422,0.459950251966074,0.10609726723566684,0.0044154526808418745,0.09821539228479917,0.2506813991601145,0.03327555229928301,3.2155024149269645e-10,0.2888772100503734,8.036917551249283e-05,0.03545183623560441,0.084587470806192,0.045591061202408856,0.47591242666925204,0.8015958105055849,0.03646683749322667,0.003949973647029811,0.000287623925231577,0.00363739689378763,5.2053293502431e-06,0.2121864204596621,659.9020474051521,0.78,11051.925400349883,52539.977722632706
0.21258329578718552,-0.02134824084875675,-0.14173867287293085,-0.9815412102929719,0.06105891327051156,-0.9694408065212274,0.06668679455080839,-0.038262510894696886,0.1678328085296682,0.017254797044077515,0.0547555971194337,0.20865928650211038,0.19366843474913165,0.7429536830536115,0.0022234327126761833,0.14718546083795442,0.05234382856726739,0.04248253282765235,0.3653267707700562,0.05681387551860688,0.0059551875959983,0.08460292345654491,0.0013806447503946669,0.04416471597044558,0.001219773424987445,0.0005061574359755814,0.006182897272476164,0.00684737458862178,0.0012149225919535125,0.06937917091857454,0.014642744096362015,0.0017995953467022305,0.022454462158710393,0.0022314902929830393,0.0016646115243129562,0.0014427244093447942,0.015063501719593874,0.015788414970133002,0.0003590814391162822,0.13031831986756598,4.289039245664629e-05,0.05656325946190076,0.01031027612389792,0.0900311488019961,0.007363737753717464,0.013219581583085421,0.5206332884306142,0.0014831947718857343,0.2531125292300174,0.002591204598266187,0.00787661461724984,0.0011599115133584137,0.017054420309019935,0.03251005102676292,0.0005162953343032829,3.795575653564045e-05,0.013182462572253346,0.048060653974106166,0.0012265799758535872,0.8776953488898842,0.0015810114034781413,0.5203569268231085,0.017885344647266654,0.03729033513948477,0.07865791747816951,0.12586328653703416,0.17918904329561455,0.002552081228555686,0.3435184564685607,0.5799603398725794,1.8235412551562157e-05,0.004016328879178176,0.0017259186741006357,0.004032027939887488,0.008756430503089866,0.007190512100509257,0.0006921350121379399,0.37808949534269237,0.26507011586216467,0.4015226555524312,0.004993244123753349,0.06226393549595889,0.2108784455680352,0.13866983938498667,0.000654091209318342,0.002485843692160844,0.13028740093128371,5.515145485925142e-05,0.04784730723567343,0.0018974643734936056,0.08912007035868828,0.020021260410868064,0.00042948602828812426,0.09286729926746728,0.5310231553785969,0.7443569691181332,0.21839036110869625,0.019426744801066084,0.0002919278895697373,0.10200885653489002,0.013336110844661844,7.66400735282191e-06,0.01343661243372546,0.08074234072170658,0.002392658213618468,0.14569811836179541,0.002479424486357468,1.3981574657219963e-05,0.019971629701987667,0.0022487485987627742,0.00474409701291021,0.00013367045211444724,0.08619168442571562,0.06693400889667642,0.9333543025526017,0.020552828326960634,0.0,0.4185465463812539,0.007428810241482828,0.048113598973424807,0.007122099726637354,0.024752929170495878,0.005117747370102031,0.6061200467417651,0.00132977155354453,0.4733542705280036,0.0020348195232539144,0.018215660682673218,0.13847992275576904,0.0006638337877728911,5.094580954216241e-05,0.037348165063108826,0.6560679743784736,0.15289376979930677,0.011054449757985894,0.15004593688088702,0.007691636599631366,0.014910651525736236,0.06113504843475957,3.5472541963012542e-06,1.1264476255279713e-05,0.23912897992753182,6.708986863984597e-05,0.026835614775452876,0.002546416420650838,0.31720208753231577,0.3411093397105381,0.06526426494757177,3.486785728120344e-06,0.2019564300422393,0.00017526034270560326,0.00023266605566426917,0.18122001355120712,0.922738971213083,0.005510814248143633,0.047122141159052736,0.0038187045843645698,1.533185511715766e-05,0.06450669089308181,0.02410394591550294,0.1036325339400436,0.0006411395802431162,0.2897458046476118,0.0034589493912203645,0.6645777331504242,0.9386392981566131,0.002037435923464833,0.0017189309714621525,0.0024978766811107125,0.020346357414699683,0.0008930122404719187,0.0006250462314838815,0.008766647121909,0.0005376841856381816,0.09732040283824012,7.3646970121849274e-09,0.006775077314572858,0.44788545441509037,0.09318983038359384,0.01340096816712728,0.0015590084988774812,0.002886866585039578,0.0010092741321775128,0.02457217416854659,5.282894907384031e-05,0.002312083905082772,0.028043986972914495,7.827696855978845e-08,0.11839637461214597,0.10112497131521123,0.33924493674811135,0.09846201956575637,0.3095936303203395,0.027766397474774093,8.970970223366617e-06,0.007587797089426652,0.028182677406956815,0.02201094647650654,0.009284696188169541,0.029281808845100545,0.45664139666729187,0.07170902424847041,0.04423413351981704,0.05094134788549906,2.110937095313136e-06,0.45976383001424825,0.6332344958766258,0.07502459047183355,0.0029938605631163514,0.0007100768959896926,0.011634371652800105,0.004646563677326904,0.0014483581007832128,0.0004837256914955277,0.006056380036312136,3.964617941547581e-05,0.004370642948129739,0.10886901663905017,0.005668634248061985,0.003626594635233413,0.1868323225449361,0.0012431843938726318,0.02146123745196124,0.012001041382232777,0.02242593618032027,0.00043639339284474613,0.0004820175146678001,0.00014399651143886562,0.3815458481723749,0.002894026166094559,3.9755912847252356e-07,0.01055343670493164,0.005896956414251147,0.06234740319416779,0.08202518784641971,0.0036753632663264688,0.0007327642086110346,0.0006016779085454439,0.0025517675283590995,0.040004310620372796,7.981308924128645e-08,0.0004934042889666009,8.396523712271665e-07,0.008520188261232173,663.1029393587121,0.88,11462.46311073736,31411.04770164079
-1.0,-0.014620204815973412,-0.3397810271967139,-0.9658950954717983,0.021574379388802467,-0.9997175292720382,0.0617407974247853,-0.9555297426419387,5.411144345159741e-05,0.4780803329636074,0.0006588801071812638,0.2347140534681318,0.0022540215289566165,2.1677176864563026e-06,9.47167279013541e-05,0.177523938924198,0.019732116163649838,0.0,0.3541315883027392,0.04828032383400249,0.07067909673830297,0.004651463931147508,0.007693930999299723,0.0545187835531962,0.0029169550271651336,9.508575656984035e-05,0.001991709832457789,0.2793941421706663,6.785093843201968e-07,0.05906690330444005,0.005933405396099142,0.026096515427180587,0.058947389855150245,0.033807333241829635,1.779525107259406e-05,0.06564253150541231,0.0014598155914345543,0.03534667478921079,0.022740878950743497,0.0932226288644794,1.7716264531702835e-06,0.0010446528747317576,0.009470022931625893,6.233663706664214e-05,1.156862954637683e-05,0.0011659048293948676,0.508719785864266,0.015489002152271593,0.24110255939835193,0.00037275066764774507,0.0015116493742285753,0.09301848712140195,0.5106627563255233,0.016585779956207736,0.13220818784050925,0.32301011436979155,0.0028505494492828184,0.001071956711771129,2.6389278249230115e-05,0.3659243476487065,0.02137766138049485,0.9720354810322516,0.0,0.037576749626749485,0.001370489717597699,0.27308457195230834,0.13991222477342333,0.003092585940092808,0.007109185459198461,0.5847140615270827,0.00035360461415534766,0.00019832319904457578,0.00010308975869109259,0.0011173481076944408,0.04248037092578639,0.029018287551353314,0.0001323522741037723,0.000947197622580942,0.18093028258858104,0.4779243350704031,0.8906159020130301,0.6367223145569485,0.004901117640199237,0.13083520829163914,0.12594184521708462,0.000407845206935464,0.21955046624763663,1.0318621842694008e-07,0.04998024497094808,0.0006685069410806903,0.08068793167844314,0.00011242753557069482,0.019809877678505193,0.6937079962222019,0.5192712574296139,0.3921623703954663,0.1367066871634784,0.050431202024788735,4.537363458484183e-08,0.00736397952144939,0.22794832766515344,6.084406401752568e-10,0.41246031093329305,0.06837480076432803,0.006867173330939484,0.3455134933412925,0.0001512157111889065,7.025105080134279e-06,0.0031156342964731437,0.13792213507270068,3.878313663634653e-07,5.122912370555769e-08,0.14403708273142074,0.000774090912625761,0.0071817194109148,0.03692409753634317,0.0,0.002690818018662316,7.107286363778883e-09,0.16795627530382123,0.011887466650661135,0.00013359502249706348,0.06353844193797384,0.033420420411043594,0.000295760513454201,0.1596203830880955,9.97626968270778e-06,0.49794540350695066,0.02785619484769305,8.506579326218971e-07,1.70981039305255e-05,4.7077841421744824e-07,0.01243782611376218,0.006854466825973843,0.004915352268526048,0.008930778359651226,0.4480500108709642,0.011641956200923308,0.0006060252512879137,8.412895823918602e-05,0.013264547979945297,0.1418938555155711,0.028412970272668835,0.0015703557091395863,0.00012337917346659212,0.31286085411712056,0.4620264361335237,0.006369364666246866,0.00042391944367621754,0.005342813378965423,0.008978535596416782,0.00043924546455890735,0.13438357393474687,0.3870423687764595,0.009972552531451058,0.09517656782917386,0.09229979547090664,0.003504040938978655,0.05618952834032073,0.02313570274056076,0.10381519821617857,0.0002172450892139919,0.3539906688600534,0.08927586348132083,0.0,0.357617050830256,0.0021033260727548186,0.0011403949628223712,0.9480934306736213,0.08539448015001007,0.00014176502663970636,0.0006114723082942166,7.958118751673674e-05,6.557699574911357e-08,0.12725382820160186,2.651675529949906e-07,0.005520823462469293,0.05894279418849755,0.0004555983959182719,0.00026404293863768356,2.194216853801273e-06,0.0,0.0,0.02835812702742456,1.9643432597014255e-07,0.02542229284486198,0.05479045558663209,0.0008760799714091113,0.010862949144566307,0.001825317077230883,0.1371016188803477,0.00011710797892070879,0.042288771049838414,0.04132367141112542,0.0,0.007541735290723075,7.4603993268057935e-06,0.0,2.4680821370703238e-05,0.04539962812607561,0.09752478471139625,0.004868965651810404,0.0033025243838255293,0.017208152765828072,0.00852697642496487,0.28069697105760505,0.6446418248021231,0.06714048546805546,0.003371896213652274,0.00012355643177274135,0.046247233204963316,0.0013724302526956778,1.620009029738727e-05,0.0013522668070618839,0.010818497320365822,2.4227144443155824e-06,0.0005324046831417068,0.00018739976559116966,0.012338203000373523,0.002284294460640597,0.4281449508299677,0.010792303256353497,0.023370620260278488,0.01396661196422061,0.00017111386366990694,0.004036498983247593,0.5332109134177612,0.013220428054085149,0.22576199389765772,0.0002548697102367437,7.550290867151756e-06,0.012558270339820155,0.00011847659953616229,0.0008165775244219527,0.00276633031754564,0.001538343116425131,0.480765868513377,4.959751237665458e-05,0.001096355092395706,6.266674844219826e-05,0.0,0.004276967941179889,6.4127091231528e-05,0.02421604540491218,659.8965492841976,0.78,9693.275680609539,210234.72421596927
0.21258329578718552,-0.014458518547727782,0.46906443931561287,-0.784918371809848,0.06169055785732078,-0.9695056826718306,0.07219835468242525,-0.038262510894696886,0.1673249793594653,0.024398112740663697,0.0547555971194337,0.20865928650211038,0.17727585956580172,0.9451453541182474,0.0028766454866971797,0.3652888089499927,0.13430975348945934,0.04248253282765235,0.3654966795692124,0.10236585149566074,0.005672403406380776,0.08460292345654491,1.4211148978464198e-05,0.07283927025138964,0.3521907027571505,0.0005061574359755814,0.007187739547130423,0.5048791321436511,0.0008907664202486738,0.013373733854945336,0.4275021292255307,0.0018152934866889534,0.02243147956550748,0.0009539824710932676,0.001006065656865146,0.0021937284044356506,0.02447300173522518,0.031122577062176707,0.006775823694452995,0.07174044726262668,0.0008883210812895108,0.05656325946190076,0.0015984173222546418,0.132038692232684,0.007115160052316955,0.012977814150927337,0.5206332884306142,0.03830300088432766,0.39533103326740093,0.08225304950434206,0.007910511752568829,0.0011531961079255559,0.49483292297184933,0.03251005102676292,0.002863684971865836,0.00019033371291347044,0.04607685677283534,0.048060653974106166,0.00101231627906012,0.8776953488898842,0.0015294573458708178,0.5205368478285133,0.017885344647266654,0.03729033513948477,0.07722888410644961,0.12586328653703416,0.17918904329561455,0.011780460869409565,0.3432686892897978,0.5799603398725794,1.8235412551562157e-05,0.0023360057380323093,0.16099325745508108,0.00517482793336118,0.10226037236159427,0.08965842109675143,0.015383682551609674,0.4024206913475607,0.26139804552875334,0.7563552805847136,0.8948381091943394,0.43534128669736205,0.20364685032131236,0.13875668695481877,0.006537771139765947,0.005032553993934222,0.17805170865596337,0.0004203193744725395,0.09287508679883029,0.0008477180210934351,0.08912007035868828,0.9842660739498343,0.00047695392721453997,0.7175933677414637,0.5310231553785969,0.758096710694412,0.2103906782896271,0.11207508163474231,0.0009992495995029067,0.10200885653489002,0.05209246023012551,1.290376270224914e-05,0.013421892963798301,0.16695553515694878,0.002392658213618468,0.15008522870348,0.00248425768331714,0.030420416038658575,0.019971629701987667,0.017597319169288077,0.00474409701291021,0.00013367045211444724,0.08454274513475771,0.06693400889667642,0.9344519529668872,0.03256842225983457,0.0,0.45935874232580076,0.0073330466168148485,0.19052811214727133,0.5244619622733881,0.05021715941706959,0.19530812584008608,0.7350180337083174,0.0012356633702396659,0.4733542705280036,0.013697798349602677,0.018215660682673218,0.14575494809990377,0.0027141120818657454,0.00267582753188133,0.04015638337729795,0.4753417648772018,0.19957340953134356,0.005613816697576657,0.3637660739701398,0.007691636599631366,0.014910651525736236,0.01708035031799761,3.5472541963012542e-06,0.002602837919031136,0.23903559005177547,6.708986863984597e-05,0.026835614775452876,0.002546416420650838,0.3218478494160238,0.402104498067423,0.06526426494757177,3.4159532702665656e-06,0.19889197158908445,0.00017526034270560326,0.00023266605566426917,0.4219424913333305,0.9281332133835375,0.002646500106872396,0.010684319942887096,0.012534542608609135,0.0004226009085650153,0.26921611553126223,0.6713761405197396,0.18593891387563727,0.000661739907824526,0.37126532399818823,0.019351016445762398,0.7350379604510402,0.9418181409693458,0.002311668698097311,0.0017090834028984354,0.0024978766811107125,0.020413095619596366,2.8479545740728307e-06,0.0006250462314838815,0.05161431688247704,0.0005376841856381816,0.09732040283824012,7.3646970121849274e-09,0.3087531847192613,0.44788545441509037,0.0774130051900388,0.0018910309874953903,0.0022664476828709937,0.002040459052713797,0.001086297586456579,0.02457217416854659,0.00016416962172488913,0.002465130519944363,0.02267400877038306,6.527436046196836e-05,0.11839637461214597,0.1087115742900045,0.34717478750640274,0.017747415806735077,0.3135102828254842,0.07425510804981875,0.00021871860019901472,0.007587797089426652,0.04456717797057522,0.02201094647650654,0.6595325547890846,0.04923572067890969,0.45664139666729187,0.07170902424847041,0.04423413351981704,0.3470872706356497,2.110937095313136e-06,0.44223810307011985,0.6287999954271025,0.07304532740481987,0.004633844256138206,7.072879528628338e-05,0.0081837628208496,0.0046406924389182525,0.0014483581007832128,0.0014063072432874224,0.1195223076565303,0.013630353563402024,0.002903852059087164,0.11356653200567651,0.0052604526122329055,0.0037204786978731015,0.49954938654211256,0.003008280478622345,0.02146123745196124,0.005797362938286574,0.031070988545603785,0.015126804026941516,0.0004820175146678001,0.0007575366741413968,0.42861520968086014,0.002894026166094559,0.0007551519470741107,0.01055343670493164,0.005896956414251147,0.06070459787526426,0.039850614315706516,0.04009877194347733,0.0035857772914564823,0.8992123791257535,0.04672479057808206,0.28296666957161337,7.981308924128645e-08,0.0004934042889666009,1.1667269986948849e-05,0.18409430054228834,659.8821796659829,0.88,11414.063925861348,37210.60609934618
0.6843787373182868,-0.014458518547727782,0.46906443931561287,-0.784918371809848,0.06169055785732078,-0.9746587385387369,0.07219835468242525,-0.038262510894696886,0.1673249793594653,0.024398112740663697,0.0547555971194337,0.20865928650211038,0.17727585956580172,0.9451453541182474,0.0028766454866971797,0.3652888089499927,0.13430975348945934,0.04248253282765235,0.3654966795692124,0.10236585149566074,0.005672403406380776,0.08460292345654491,1.4211148978464198e-05,0.07283927025138964,0.3521907027571505,0.0005061574359755814,0.007187739547130423,0.5048791321436511,0.0008907664202486738,0.013373733854945336,0.4275021292255307,0.0018152934866889534,0.02243147956550748,0.0009539824710932676,0.001006065656865146,0.0021937284044356506,0.02447300173522518,0.03215454963871518,0.006775823694452995,0.07174044726262668,0.0008883210812895108,0.05656325946190076,0.0015984173222546418,0.132038692232684,0.007115160052316955,0.012977814150927337,0.43951068606219307,0.03830300088432766,0.39533103326740093,0.008221463224841283,0.007910511752568829,0.0,0.21201349481664056,0.03251005102676292,0.002863684971865836,0.00019033371291347044,0.04607685677283534,0.048060653974106166,0.004180956420635226,0.8776953488898842,0.0015294573458708178,0.0,0.017885344647266654,0.03729033513948477,0.07722888410644961,0.12586328653703416,0.17918904329561455,0.011780460869409565,0.3432686892897978,0.5961047007071436,1.8235412551562157e-05,0.0023360057380323093,0.16099325745508108,0.00517482793336118,0.10226037236159427,0.08965842109675143,0.10638207285798809,0.4024206913475607,0.26139804552875334,0.7563552805847136,0.8948381091943394,0.43534128669736205,0.20364685032131236,0.20940216323144623,0.006537771139765947,0.005032553993934222,0.17805170865596337,0.0004203193744725395,0.09287508679883029,0.0008477180210934351,0.08912007035868828,0.9842660739498343,0.00021514294105289005,0.7175933677414637,0.5310231553785969,0.758096710694412,0.2103906782896271,0.11207508163474231,0.0009992495995029067,0.10200885653489002,0.05209246023012551,1.290376270224914e-05,0.013421892963798301,0.16695553515694878,0.002392658213618468,0.15008522870348,0.00248425768331714,0.030420416038658575,0.019971629701987667,0.017597319169288077,0.00474409701291021,0.00013367045211444724,0.08454274513475771,0.0,0.2479335834998027,0.03256842225983457,0.0,0.45935874232580076,0.0073330466168148485,0.19052811214727133,0.5244619622733881,0.05021715941706959,0.19530812584008608,0.7350180337083174,0.0012356633702396659,0.4733542705280036,0.013697798349602677,0.018215660682673218,0.14575494809990377,0.0027141120818657454,0.00267582753188133,0.04015638337729795,0.14847041809659836,0.19957340953134356,0.005613816697576657,0.3637660739701398,0.007691636599631366,0.014910651525736236,0.01708035031799761,3.5472541963012542e-06,0.002602837919031136,0.23903559005177547,6.708986863984597e-05,0.026835614775452876,0.002546416420650838,0.3218478494160238,0.402104498067423,0.06526426494757177,3.4159532702665656e-06,0.19889197158908445,0.0001576336560650813,0.00023266605566426917,0.4219424913333305,0.9281332133835375,0.002646500106872396,0.010684319942887096,0.012534542608609135,0.0004226009085650153,0.26921611553126223,0.6713761405197396,0.18593891387563727,0.000661739907824526,0.37126532399818823,0.18540881747354676,0.7350379604510402,0.9418181409693458,0.002311668698097311,0.0017090834028984354,0.3176530049885942,0.020413095619596366,2.8479545740728307e-06,0.0006250462314838815,0.05161431688247704,0.0005376841856381816,0.0,7.3646970121849274e-09,0.3087531847192613,0.44788545441509037,0.0774130051900388,0.0018910309874953903,0.0022664476828709937,0.002040459052713797,0.001086297586456579,0.02457217416854659,0.00016416962172488913,0.002465130519944363,0.02267400877038306,0.0012414142445281114,0.11839637461214597,0.1087115742900045,0.34717478750640274,0.017747415806735077,0.3135102828254842,0.0754708594743712,0.00021871860019901472,0.007587797089426652,0.04456717797057522,0.02201094647650654,0.016292507038168296,0.04923572067890969,0.6149120908691741,0.07170902424847041,0.04423413351981704,0.3470872706356497,0.004794348973099847,0.44223810307011985,0.6565451303121423,0.07304532740481987,0.004633844256138206,7.072879528628338e-05,0.0081837628208496,0.0046406924389182525,0.0014483581007832128,0.0014063072432874224,0.1195223076565303,0.013630353563402024,0.002903852059087164,0.11356653200567651,0.0052604526122329055,0.0037204786978731015,0.49954938654211256,0.003008280478622345,0.02146123745196124,0.005797362938286574,0.031070988545603785,0.015126804026941516,0.0004820175146678001,0.0007575366741413968,0.42861520968086014,0.002894026166094559,0.0,0.01055343670493164,0.005896956414251147,0.06070459787526426,0.039850614315706516,0.04009877194347733,0.0035857772914564823,0.8992123791257535,0.04672479057808206,0.28296666957161337,7.981308924128645e-08,0.0004934042889666009,1.1667269986948849e-05,0.18409430054228834,659.9031544978011,0.88,11184.586631849234,185878.84904076107
0.12097160457900787,-0.014850396409517765,0.2108952783419421,0.7710085223655194,0.12663319727884656,-0.9890058618066195,0.10413700508203924,-0.9999328244931086,0.1355278424585743,0.6129040850530467,0.02478481052833252,0.6604989702512929,0.021878117339171957,0.9881008218515306,0.010890598447999441,0.4194410825785645,0.022220796319748465,0.9119581568395236,0.2612808739054546,0.5395457185320647,0.07159763878758396,0.08501848134391721,0.004160616846463567,0.21755241343673737,0.026279687442446385,2.785942417333653e-07,0.0017258453762725569,0.02330890738782901,0.0013034268021189497,0.1357323851152555,0.009605679041008054,0.022423732288171683,0.05682562336577326,0.10522046656368345,0.019200004975915314,0.00013391304963329687,0.1205365109110538,0.13077431015015603,0.0028252494557501444,0.09144446486335053,0.008826540623582929,0.007190069569312882,0.00978118362889351,0.05553870461139255,0.014085886797205932,0.31971359026650736,0.6920274356749111,0.03643755100170129,0.19756805255220902,0.0026290769949687586,0.008131732546493927,0.026289749242853832,0.3981434295567137,0.3455898921723317,0.5357794658614297,0.023619656556343,0.03226678764389381,0.02833206139372285,0.0020009917660224804,0.25121979852677556,0.0002957751485626074,0.5227409205559951,0.006874207861583673,0.11112457020776942,0.05292830695484073,0.566014040096642,0.173724702048243,0.1852387107423168,0.01503376180511943,0.5631013527937423,1.9171117074995162e-05,0.0009640894884468103,0.04258645431162039,0.07829149791655327,0.3901841309622917,0.0838559080111255,0.012113414687460376,0.36366842702223035,0.3154415166834054,0.8844815305812377,0.9720519175198077,0.4291926987702016,0.0002502394472764075,0.05218340435752763,0.34378637384269006,0.00026258783904423307,0.7085166906046203,0.002702754890317849,0.08728229297064964,0.005172575254118941,0.07990536898608502,0.3930000213749869,0.05183774664828148,0.6928126241487232,0.5144737940985793,0.41618225859715047,0.25564016801835976,0.9829107188449746,0.00016924994119614463,0.11458227400045712,0.29732694747471766,6.134345751650169e-07,0.11730551892671898,0.16202578818502564,0.08930407313555237,0.6247347503062454,0.0007597004022367529,0.01710612164200393,0.026370527741068343,0.9927019993754123,0.00272804804441909,0.03190509918356364,0.15833652471701695,0.002808611064322619,0.017033329626382144,0.015949741880311324,0.0005631779430661464,0.0010038433029560352,9.700129641179028e-05,0.06142848213748103,0.07027427671656732,0.01763702594050585,0.1874332668736112,0.04623646918280311,0.0032054266340528145,0.1967472745851764,0.46861174812267437,0.022242777974988887,0.06169497680376157,0.058610275371983656,0.0007459032659379184,2.2741288982637466e-05,0.527037021961369,0.5320765987714323,0.07178174387415434,0.49462190365781594,0.007622035589657072,0.027520449818527276,0.33999655963770803,0.001684793340939409,0.000993470599574335,0.012578514421826392,0.028517034018453263,0.010314119170061191,0.000290720399299831,0.3746041551054534,0.4399264343127338,0.003955051814270666,0.0402168145662062,0.19082021157646006,0.0019578301513391216,0.016275679525101117,0.19998258106969208,0.09981028795208785,0.21130733801638,0.0188777407806469,0.17715265658691415,0.011322773611404657,0.19757171741122045,0.06770251130617008,0.12087054472830736,0.014851592451505038,0.16034495440105934,0.03726406667235619,0.030307708924672105,0.1389551184130482,0.009741626723894952,0.012732423091456557,0.9251983856547931,0.05626994218448461,0.0004507185018769351,0.0006478207205620073,0.007970540185163346,0.0007397854353846275,0.06585293127024594,2.603909578989863e-05,0.4237696252873008,0.01014789906025709,0.789720719362673,0.11956102820670725,0.004623468359311895,0.00010574154321873684,0.0001331399099902533,0.02225701331841245,0.003247321180212188,0.04253605415529013,0.10147332607330915,0.00013489674149576737,0.18642753830985234,0.11121370726518391,0.3403978530892853,0.01897509331223665,0.2240605025794311,0.12989190841723994,0.012232491474726048,0.31105007690928904,0.0013981029654656398,0.005938070359723054,0.7186452778886694,0.022755378519855846,0.0274619189774013,0.021466263945133873,0.015999815164033915,0.33391863358768953,0.0535235281901215,0.3546079850822287,0.6671036784041916,0.06951919358673667,0.002790307315913474,0.05206463269354739,0.04257134173339493,0.31363397832779627,4.126986331773439e-06,0.07655290023679681,0.12081774011579408,2.5357182553153226e-05,0.010090011588605466,0.00022916083460180044,0.03598708155540436,0.04515123251393673,0.4886750631034409,0.8408740250455271,0.03317730261798478,0.04453036806720401,0.002983139620381575,0.027479670873814803,0.09052502409164853,0.012746010091569518,0.01346133401209075,0.0021783914545627503,0.00017019192362665594,0.2844597156814566,4.982347604558338e-06,0.07923773000108209,0.0037551361091439396,0.019909680685682073,0.0017583667418033487,0.00014273621292839646,0.009580901356764406,0.01048558894913447,0.0018253415084285994,0.0010728812377894196,1.818402549130419e-05,0.4647759558511691,659.9055569032447,0.64,10710.648723739978,15864.703398912534
0.12131524764667959,-0.019460343680058577,0.21414262983419136,0.9813799967900637,0.0037999541113146115,-0.4996230720975675,0.014980413763098069,-0.9968341399593904,0.1369684472552099,0.6129040850530467,0.0056188383785595,0.6615918055406204,0.003722614189664077,0.9881008218515306,0.010769753851339185,0.4222246118233746,0.2242741026094555,0.07383382777870855,0.2500002192222428,0.08570883087320823,0.07195774018144424,0.08523589435022483,0.0002815327375945871,0.2227613374784089,0.004743316872897647,0.0004060543305401155,0.006983115608732135,0.014825154520303498,0.0013034268021189497,0.13245466036916542,0.0360849665506494,0.01794001297033175,0.002588391861856873,0.010079753781819814,0.019200004975915314,0.06914283841934812,0.014355721448926134,0.13077431015015603,0.02375335342695056,0.09500704387551509,0.008826540623582929,0.006844542895912881,0.010467103244043704,0.006231662213742953,0.014085886797205932,0.31971359026650736,0.7427525249303549,0.0032421641562680654,0.19754327212737333,0.005691093419687106,0.0005604934614981161,0.035502930179547816,0.4034766376940998,0.35203385987307384,0.0029372195955432515,0.023619656556343,0.04973949798117802,0.02833206139372285,0.006312438456670817,0.21013820114037876,0.044881491201037176,0.9418003452252517,0.06162218262431159,0.042866540581472566,0.051096060774846,0.6136491256380434,0.027361570941411693,0.00037233357399726885,0.021066704692350002,0.5667621928883634,5.999255134072747e-05,0.0010137158906318305,0.04258645431162039,0.07829149791655327,0.3901841309622917,0.08389671306072205,0.012113414687460376,0.2906755223688301,0.00014310872521405837,0.8844815305812377,0.005553216444984382,0.4729020282752913,0.000264411080181463,0.05263642876634364,0.3452373371425914,0.0034662934612522856,0.1876850290604798,0.1778524365762627,0.09082275348780744,0.005154564534455211,0.18116314635702724,0.41182031109935424,0.05231251309934317,0.7053049053317764,0.5331190672771706,0.41604269319552567,0.25564016801835976,0.05588507880368589,0.004048325649600308,0.012095603678334912,0.02961991427031463,1.366381863584867e-07,0.0041778398337172715,0.09838746276168636,0.9478840737334155,0.6205195787030373,0.0007597004022367529,0.0011132650369772065,0.15077769558761042,0.9928322117668605,0.0011200725043818411,0.005058976899004801,0.40753737905962184,0.9532869585392652,0.12451205184113817,0.04308186594548638,0.0005363691120832503,0.015583218129930037,9.700129641179028e-05,0.03186521393413583,0.01938382339779878,0.018313172815312424,0.6072775672175775,0.002448126800100571,0.008212517852015055,0.19517643572744778,0.4789396843581726,0.16706993772244616,0.036333471084140145,0.5776417484428571,0.012794802607711223,1.4166547953501407e-05,0.41628187112761506,0.26739132300696644,0.5206311299425774,0.49462190365781594,0.007667658091574032,0.026835656850978933,0.02842126246598413,0.05108169397936979,0.000993470599574335,0.012908480868374496,0.028517034018453263,0.9954622955472715,0.0034560182195798057,0.3846252579367478,0.24927139037333687,0.6665920278431314,6.71120902963179e-06,0.19082021157646006,0.0019406565744403592,0.017271692794324386,0.1996590396293454,0.09981028795208785,0.21484183676316554,0.017769732591826015,0.18636130449309923,0.009136646322379597,0.2622808883583779,0.912697844288459,0.12087054472830736,0.014851592451505038,0.17370082000663387,0.10169321474416768,0.7166072410225414,0.9697555534393202,0.009741626723894952,0.0027783772910106672,0.15005534430026723,0.10025935913974748,0.0006832214375151607,0.0011226857694129281,0.009258948441385972,3.5448329596606217e-05,0.10266348819698354,2.596413943978962e-05,8.980622420098894e-05,0.016527386687295392,0.7902352971855863,0.1208037029504911,0.008249078189377364,0.001465544146375727,0.004185341108527136,0.032531519256855185,0.0034873049596331877,0.04253605415529013,0.25746892530716403,0.0025284905120634147,0.18140823104426615,0.003838839274596738,0.33469965063378515,0.21082766916372445,0.21135156026091564,0.5151935185289725,0.13854139332051452,0.34475515653771216,0.016809753175608677,0.005938070359723054,0.04827907964700756,0.022157323332704273,0.7562699159742632,0.021466263945133873,0.021240194233631944,0.010114625755277606,0.004886176808364147,0.31989893682303766,0.6684005058385853,0.06977351686612998,0.0028034679456155898,0.05525566513839726,0.007394322519240923,0.018603209533888443,4.126986331773439e-06,0.07530426139346574,0.12426176663250885,0.00017013512689144507,0.009508595225234515,0.0013954497059887182,0.0003590872709042497,0.004883122534393665,0.5035852886212994,0.827543545511177,0.20077067582656427,0.04568132517672671,0.00851325150144712,0.027479670873814803,0.10109992314495678,0.01292304495923147,0.7473422412553166,0.010207602234690954,0.00022882238012307714,0.3861353921329693,0.0003629134835240128,0.018473238894304158,0.07347359667046668,0.01927114760417714,0.0007125251907996988,0.00015015886304269418,0.009580901356764406,0.010445649815968894,0.0030336720340742745,0.3930445539112291,0.0009850231827807643,0.41612796724799384,659.9172290821339,0.6,10667.06815166922,15192.813934722184
-0.9375508290302078,0.009292026044098485,0.09631273767385533,-0.7383071861621379,0.2517850057732801,-0.9234732665925062,0.047457309689711125,0.08047205523097586,0.16870027795484965,0.0867968961381898,0.0,0.23039998547612828,0.22723706484649045,1.0,0.03856852975699723,0.3769169618505798,0.0,0.9874234997299883,0.3874426304865143,0.10562143106145194,0.0249437612540037,0.09789741899508445,0.4300660599125461,0.07004135068951528,0.0,0.00012364644657474806,0.005439525236971849,0.014666183316862574,0.0,0.9861449200395869,0.025186803481501298,0.03541137156566192,0.027869259321060758,0.0423804489785364,0.015901862793997888,0.05750284007486534,0.05273649814027335,0.04198684751733573,0.324892653655963,0.4562092528342316,0.0395497260129663,0.029140844829193796,0.022978974780129988,0.10268844116726417,0.01658842227548841,0.032664594840093,0.8246745210439494,0.013991859395332557,0.5406634398339821,0.003229640984119873,0.011121948882166992,0.04494846930619704,0.41937226937671424,0.5618747456971382,0.08730713349473336,0.034853285646321654,0.11266584980512034,0.013303238347914302,0.0017626366175296322,0.0025753055551557356,0.019887655808355144,0.44064511159374686,0.011437204064693814,0.9501593073310047,0.049870357164845676,0.26169323577165016,0.19422451690605286,0.02996623650516396,0.025527136653332037,0.547354369804153,0.0006393780469027341,0.004202756371295786,0.5976953306296948,0.011178739657818378,0.42863502585496727,0.18618952954944062,0.008391221627364675,0.0236262369725789,0.8624760931385342,0.7895792019196941,0.7975717921140598,0.44555005738514036,0.0,0.09734737282774648,0.005360979321932285,0.1442308059604842,0.3690532468442619,0.10225580043966086,0.09688975242764868,0.029758135168988,0.26201525759741945,0.0490060658280066,0.004934343891973704,0.08325447315865284,0.5241167017041082,0.3960648741618092,0.23859909438124918,0.49912767270838176,0.0019793196973033663,0.11342342775882797,0.06166501163522802,4.014877493492995e-05,0.020204641805267206,0.18925755142116868,0.006075068697147954,0.39436660041750715,0.0009514577699882758,0.0017903767768363494,0.13823428909567678,0.08833416064705074,0.028066507219036328,0.0,0.002688645955347603,0.006111608432118327,0.00010694256736060864,0.032615913323433374,0.0,0.45974862349635826,0.0020342143538289643,0.08929101934820578,0.02051883525801991,0.008600836308642737,0.8112605006770838,0.7252966332020101,0.004479572634309686,0.2007444209247802,0.05429331363208622,0.5144665251277688,0.14394550541271312,1.4110616935874087e-05,0.018942155796107252,0.0,0.657773150251648,0.15126837003001417,0.6536352996972103,0.49646589353996795,0.524611587188569,0.36374904533462615,0.4149617460180625,0.00019360168882984674,0.0,0.30753998979937397,0.020906098072016575,0.0129482555652563,0.015240333463545568,0.38162288583223913,0.46575683320462585,0.6828727104424787,2.6154988646980186e-06,0.0526621048149877,0.0037153532897998766,0.1154530792070307,0.4149298886082501,0.9045869453256116,0.016142867010936514,0.15236626101081016,0.0,0.0011389137069208737,0.7824839845957866,0.0,0.009230364046466892,0.001893019976361439,0.29396903533898305,0.07013940660215921,0.73003064464298,0.9827237391502849,0.0012946317164206,0.002778788350110307,0.08955984177519427,0.8591909795908402,1.9557522503015263e-05,0.0,0.012037450699831503,0.0004820468711928795,0.10624742915946295,5.732642077549041e-08,0.06902249406414913,0.28583618595181215,0.2534980113573221,0.024933334480630807,2.0013929146951747e-05,0.0,0.0038734218744455283,0.02919973829247579,0.0003315420439460548,0.02422254217721936,0.29836062736715896,0.0008555978851830275,0.11776693791267388,0.0029767061948563537,0.35180513146937936,0.07498871417771012,0.2782083111033048,0.07282657205834064,0.002527202252808141,0.002679164753240565,0.037316118776808654,0.21980761254254924,0.07224460434295836,0.03803959050988872,0.6529805246760834,0.03563054266080327,0.4717652007179231,0.05442285545363373,0.036585407094588795,0.47285656319814956,0.7149637725910866,0.011058083372001988,0.014156931009274573,0.008713268360278775,0.0,0.046541232874150185,0.0,0.03561664130270698,0.007694715805788126,0.00039570003397898686,0.0,0.11949150365357858,0.0,0.040063311352038423,0.2577478940892218,0.041480541962901636,0.24959557392912363,0.0,0.00018548415445037401,0.0010805441870486029,0.44929264512551903,0.03435238160574198,0.7342502454931094,0.41486187227631494,0.006146985230282714,0.0016387250682016363,0.0,0.005775836795022281,0.07412475302056033,0.0,0.45542502198076634,0.0007649667336062237,0.0008896041677381473,0.30623217427501637,0.0,0.04120040908557066,0.0006274110764674612,0.24042577426682835,660.0459460280122,0.78,10998.149909183338,97514.9009249821
0.2647450008880335,-0.014553490424814356,0.46906443931561287,-0.784918371809848,0.13993114559587586,-0.9628573473215951,0.07370419510525172,-0.038262510894696886,0.1673249793594653,0.06315505219492515,0.055706096737702035,0.23747726438871458,0.17727585956580172,0.9451453541182474,0.0033664042678434106,0.3652888089499927,0.13241309458038036,0.04248253282765235,0.4434345156340835,0.06220439724443793,0.06431739854928603,0.09033748494269353,1.4211148978464198e-05,0.10658743237833215,0.4120474684469978,7.908392387470436e-06,0.007187739547130423,0.07073638536771742,0.0008907664202486738,0.013373733854945336,0.4205545105826294,0.0018152934866889534,0.02243147956550748,0.0009539824710932676,0.0017939981797731736,0.0021937284044356506,0.02447300173522518,0.03525369464792369,0.006775823694452995,0.0716432270164966,0.0008883210812895108,0.08512143669797444,0.009903789248181569,0.050146542100063855,0.015298316051063802,0.012818481449180725,0.5131132149359576,0.03830300088432766,0.39533103326740093,0.08517336299726372,4.958945340412734e-05,0.0013566997290662757,0.49483292297184933,0.030671651778409248,0.002863684971865836,0.04055797768850126,0.04607685677283534,0.048060653974106166,0.0010003157041061392,0.06354180931495135,0.004692675060084358,0.5205368478285133,0.017885344647266654,0.03729033513948477,0.0772455278068653,0.23292306682969635,0.17918904329561455,0.011780460869409565,0.05968109644243155,0.5571132646994206,1.8235412551562157e-05,0.002304726396456064,0.16099325745508108,0.00517482793336118,0.10226037236159427,0.08965842109675143,0.015326144871595556,0.4024206913475607,0.017416183566574983,0.35638649723552823,0.8947716318364946,0.6334419813656177,0.02387729314539551,0.12450981448579491,0.0065394660608071795,0.005032553993934222,0.17771471940696432,0.0021609787485374764,0.08867667649102291,0.0008477180210934351,0.08920665866423375,0.98409582169264,0.00047695392721453997,0.7175933677414637,0.5310231553785969,0.7603847324032904,0.23164032403118634,0.46728343964787283,0.0010957427774809549,0.13224957535827858,0.05209246023012551,1.3056302627013247e-05,0.013914158463750093,0.16825274392340603,0.00397033663474991,0.34944928754229415,0.00248425768331714,0.001347940946318904,0.5991309523056849,0.0032270084290460643,0.00474409701291021,0.005343557400814632,0.08770403871252616,0.06693400889667642,0.9344519529668872,0.03256842225983457,0.0001383215925699166,0.4699637741700959,0.006666760581100309,0.19074018250835598,0.5462941065001515,0.05149812196267848,0.19619543057377095,0.7355100239563716,0.0012356633702396659,0.17005898416457293,0.013171299029340411,0.10703661269418867,0.145671630628147,0.0027141120818657454,0.002916954510213829,0.00019596931896033454,0.4753417648772018,0.19957340953134356,0.30655825899998634,0.3637660739701398,0.007691636599631366,0.014910651525736236,0.01708035031799761,3.5472541963012542e-06,0.0034056787765980017,0.2702232897573109,6.708986863984597e-05,0.026835614775452876,0.002696072848951717,0.3420635147685347,0.41277101435727526,0.06526426494757177,3.544177437246406e-06,0.19864243256777167,0.00014743430642443888,1.4652909291422954e-06,0.4286820888416481,0.9281332133835375,0.002646500106872396,0.013977386814544815,0.29858789853844453,0.0001810407513962732,0.26921611553126223,0.6713761405197396,0.00644265234447074,0.0007544923148930212,0.3455991389972849,0.020826268674296065,0.733553487241624,0.9418181409693458,0.002311668698097311,0.0017746948946431133,0.0024218515717199154,0.020413095619596366,0.03938682575418031,0.0006250462314838815,0.05161431688247704,0.0005335771260114074,0.038101698831479944,0.00017521638976975785,0.3087531847192613,0.44788545441509037,0.8789869863955475,0.0018910309874953903,0.0022664476828709937,0.002040459052713797,0.001086297586456579,0.02471773213232,0.00015982061471268134,0.003028542732203078,0.03879380924044386,6.527436046196836e-05,0.21266907642769142,0.10856689667292166,0.34717478750640274,0.01683042031786089,0.3135102828254842,0.026703467736322792,0.0026069466091896334,0.00764765412364498,0.0013820576899568615,0.02201094647650654,0.7031007466538535,0.051598866648139785,0.6802731230493945,0.07170902424847041,0.043717526969102326,0.4428167126181427,0.01583871909919617,0.4758340370830927,0.6448818856628834,0.07276910158798168,0.004633844256138206,7.072879528628338e-05,0.0081837628208496,0.02425571380679388,0.00011127933897083007,0.0014063072432874224,0.1195223076565303,0.013630353563402024,0.0029088950468683823,0.11356653200567651,0.0052604526122329055,0.0037204786978731015,0.526266023264139,0.0027110389050303274,0.0150393791538792,0.00580128050527717,0.031070988545603785,0.015126804026941516,0.0035667799693425125,0.007863239095108094,0.42861520968086014,0.002894026166094559,0.0007551519470741107,0.00668613116815181,0.0005326634162649674,0.06070459787526426,0.04951500987134598,0.004356421023290924,0.0035857772914564823,0.053341784414583204,0.001357258167078046,0.28296666957161337,6.873172605382019e-05,0.0005380888583869634,1.14466213356614e-05,0.22443602500500998,659.8898616383259,0.84,11322.006716803397,50053.22646503451
0.21351412157130278,-0.014521847675904368,0.47987656018163083,0.7696752043156037,0.06790877348762389,-0.9695056826718306,0.07219835468242525,-0.038262510894696886,0.1673249793594653,0.024398112740663697,0.0547555971194337,0.20865928650211038,0.19366843474913165,0.9451453541182474,1.9492108796366958e-05,0.3652888089499927,0.13430975348945934,0.10940272178873167,0.3654966795692124,0.7653557216697839,0.07399575955650525,0.09075785322096952,0.0013806447503946669,0.07283927025138964,0.3521907027571505,0.0005061574359755814,0.007187739547130423,0.5048791321436511,0.0008907664202486738,0.6462032423569517,0.9876803099702225,0.0018152934866889534,0.022454462158710393,0.0009539824710932676,0.0011203659633977191,0.07718087450487682,0.02447300173522518,0.11738944581426049,0.17421626376164046,0.3530038451655031,0.0008883210812895108,0.05656325946190076,0.06331685307660162,0.132038692232684,0.007115160052316955,0.012977814150927337,0.521243999738694,0.039184056527024655,0.39533103326740093,0.08896851136848447,0.007910511752568829,0.0011587904326141136,0.49483292297184933,0.03251005102676292,0.15505104387905908,0.00019033371291347044,0.04785504381026069,0.048060653974106166,0.0010425509846513552,0.8776953488898842,0.0015294573458708178,0.5203569268231085,0.017885344647266654,0.03503863052885207,0.07860774839401817,0.15000070547545674,0.17918904329561455,0.011650606535219515,0.3432686892897978,0.5791658649852351,1.8235412551562157e-05,0.004023935434493678,0.16099325745508108,0.00511838520109369,0.10226037236159427,0.20084194423074567,0.01560779895667648,0.4024206913475607,0.26282513908148325,0.7563552805847136,0.8948381091943394,0.43534128669736205,0.20364685032131236,0.13895645403756723,0.006537771139765947,0.005032553993934222,0.17805170865596337,0.002923072553693626,0.09296135603710394,0.010928424108739846,0.08912007035868828,0.9801251104047689,0.00977970348451003,0.7175933677414637,0.5310231553785969,0.758096710694412,0.2103906782896271,0.4543077551741591,0.01594723448816505,0.10200885653489002,0.05209246023012551,1.0437391091789401e-05,0.011320331576715137,0.16695553515694878,0.002392658213618468,0.7356740780783195,0.002504163305786668,0.030420416038658575,0.02196498848437478,0.03443329090265455,0.00474409701291021,0.00013367045211444724,0.3579169045313766,0.06693400889667642,0.9492488690421079,0.047407179054176914,0.0,0.44378057193259196,0.007428810241482828,0.9249319394656098,0.5244619622733881,0.050523608374983,0.19527228425792925,0.8475302442286443,0.0012356633702396659,0.4733542705280036,0.023705255350835883,0.018215660682673218,0.14224521256551298,0.0027141120818657454,0.00267582753188133,0.049510004823692916,0.6560679743784736,0.19957340953134356,0.5483216895385864,0.3637660739701398,0.007691636599631366,0.057351770784548936,0.13146906544034212,3.5472541963012542e-06,0.681166630493266,0.23912897992753182,6.708986863984597e-05,0.02683445007479061,0.002546416420650838,0.3218478494160238,0.4072783661591293,0.06526426494757177,4.7024512694227055e-06,0.19923428549614225,0.00017526034270560326,0.00023266605566426917,0.4219424913333305,0.9290229751910483,0.002646500106872396,0.018813338517632783,0.3667840995459671,0.0004226009085650153,0.46766712753864054,0.6713761405197396,0.18593891387563727,0.000661739907824526,0.37126532399818823,0.1911381903533734,0.7350379604510402,0.9418181409693458,0.002108629066612813,0.012146788300050138,0.32780771233150796,0.020413095619596366,2.8479545740728307e-06,0.0006250462314838815,0.03469041622198077,0.0005376841856381816,0.09732040283824012,1.757323361293168e-07,0.3087531847192613,0.6300279431863071,0.05075075330587697,0.013435726541081904,0.04996806558524257,0.0028482839396521305,0.001086297586456579,0.024565561839574514,0.00016416962172488913,0.002466932461488589,0.2969878513499608,0.0012408925899759172,0.13472266539663016,0.14004434857532586,0.3576025953785688,0.09846201956575637,0.3095936303203395,0.07424218300379601,0.00021871860019901472,0.010457766248706389,0.04475396728946168,0.022010240539429335,0.6595325547890846,0.04923572067890969,0.45664139666729187,0.07170902424847041,0.04883593831084876,0.3470872706356497,0.04523077055891751,0.44223810307011985,0.6315271683161611,0.07571770203747433,0.004633844256138206,0.003268487287814951,0.0081837628208496,0.0046406924389182525,0.0014483581007832128,0.0014063072432874224,0.1195223076565303,0.013630353563402024,0.0050840060957793864,0.10897148711917565,0.3229676690652165,0.0037204786978731015,0.49954938654211256,0.003008280478622345,0.02146123745196124,0.012001041382232777,0.02829031647215921,0.015126804026941516,0.5070004766678621,0.00155592141639177,0.7595558211282897,0.002894026166094559,0.0007551519470741107,0.2726946436761084,0.005896956414251147,0.06070459787526426,0.08208223973661373,0.14780674883517841,0.0035857772914564823,0.8992123791257535,0.047558327055789745,0.28296666957161337,7.981308924128645e-08,0.013101454869485132,0.0007525293654658094,0.18396987469089945,659.8843310498983,0.88,11380.646096885172,38256.1545609749
0.2506733771796298,-0.01819921326579463,0.2894642688541494,-0.8485345045251254,0.12023172086707541,-0.8928994178590159,0.0940407162938739,-0.9860985108902643,0.1160653829964052,0.018249062554989526,0.045340724178523646,0.22026603962864147,0.15378694093211326,0.9612382730019275,0.03926439789233648,0.08498598539486908,0.30430654787925304,0.009637007167974616,0.24949294974690345,0.6064753097239244,0.01421048257856098,0.011821649968641736,0.003073884974874267,0.2162925138184552,0.3554229198613904,6.485168105549375e-07,0.0005884615253776188,0.16714893693675276,0.0009572194169488318,0.560645148810659,0.9575821687418109,0.02995324663359001,0.0022416696298198295,0.07018205917861609,0.006554680038192425,0.03737896031970532,0.0023550928511054045,0.034516604757382316,0.18014149731390416,0.16235486554531794,0.04086254285782104,0.1026769619390282,0.001889456792549712,0.10211997930001103,0.02396683740212491,0.003409568797152322,0.9042565747281988,0.037188076248328185,0.09428038937240345,0.000729866589189555,0.017072193625766997,0.028305642347990274,0.5175463116564017,0.013636947615604328,0.048568507552139734,0.0016496821638257346,0.01637024622304458,0.00036107165468813283,0.0016419567230328141,0.07761088148436956,0.011607182931357903,0.9649377836461066,0.025156220575697285,0.15691353690896914,0.005553841949612004,0.990602097021855,0.1769992721692008,0.1746217303355689,0.01785977383291167,0.7537042100537502,0.8840452414355894,0.003191364254423625,0.039042013217072756,0.12862939031761716,0.05008895642038467,0.24695832959343605,0.054170784972053576,0.06651025435337242,0.02926133249434984,0.47334490366123505,0.9091831156662717,0.021214523070668373,0.0016188789320363767,0.14899351276010114,0.5371762744952846,0.006816656694416575,0.7315207371426736,0.002519230268327545,0.06648936077958995,0.025682578081790253,0.13291754068682055,0.26469373116609646,0.02219995290352061,0.6916235236000772,0.41998420908620115,0.3912470240257878,0.05902803597103223,0.026554765166108774,0.06494954296269646,0.011944874249615774,0.25650986125759373,7.3404952088453e-05,0.029139742353882697,0.2225774479621599,0.0011919461368402023,0.13396538371542777,0.09656812026896898,0.009703752549898756,0.3326479684707379,0.006147319165279986,0.0010120586046845816,0.00034477856680835547,0.40614121271613635,0.06873770571384719,0.4151361228933155,0.05871257931793557,0.0022677924633092636,0.4031573867674215,0.0026316944605405766,0.8797270838155775,0.06890915038945689,0.011447081203503167,0.00917394406840892,0.7260370951697878,0.003885868105272021,0.48013264291358065,4.147791824236913e-05,0.4112465353580102,0.09469681152419598,0.0027631783942167923,7.324710348480257e-05,0.02497534823029532,0.19750784186104745,0.01698571579587712,0.05934673826595427,0.3801700642060389,0.6365402807175471,0.05755084203799604,0.38377129727310616,1.4053418674640254e-05,0.0796262790426525,0.28074616298741006,0.0035222979926038383,0.02560272370935328,0.032342393699292815,0.3607255901169245,0.3470705257862236,0.6506811295097459,0.0001932403616266826,0.3963479401159283,0.0001581297585016234,3.9489591770409585e-05,0.354248903452316,0.9797175765958499,0.2070634118364643,0.27921104090713644,0.21431355262114737,0.0006462357142625608,0.19587538771156093,0.0045663405518274,0.0010154337102318,6.273689778770256e-05,0.16671979373333645,0.06025329009814934,0.8093138641065074,0.31939823331862627,0.00011907913627970564,0.011146556532852903,0.026568355132985444,0.9080683662603988,0.0011704889677209356,0.0031150196554702156,0.6730231708033579,0.00044213728392697,0.0676468126317834,0.00021171123062282515,0.2993530741817974,0.47346627508917805,0.04684193056442886,0.0035773581613419564,0.03774662148722876,0.004942320680819408,0.08566239057147927,0.02550374075144949,7.415575408511987e-06,0.0018062127661034946,0.09076093734467401,0.0002710596910844305,0.13791747711282004,0.041843282399264645,0.3462767923586157,0.20253076582594776,0.1910188493519978,0.009885171049770257,0.04358213318093099,0.09169431362248803,0.5763654313303904,0.0004725968201020409,0.006632605293763805,0.027543068112884612,0.20183354533977538,0.05232186100813592,0.017328422683367373,0.04406764758017159,0.0011170070531686047,0.46472535644383534,0.645695725455937,0.0082029188628946,0.004281569553991121,0.0007307257874479379,0.04275986165251457,0.02401688577362803,0.0002338985508337217,0.002655499102136921,0.23147184471319285,0.356344960039912,0.026358571212445513,0.012960787365906388,0.3150290025032868,0.05513495412609888,0.44663338183857554,0.030874131597755594,0.033913648428141416,0.024037283189437875,0.4371109948106,0.028988613112383474,0.47630133526022983,0.10929037741153014,0.25184999434135874,0.0433561022287737,0.0001245736549432896,0.2888772100503734,8.036917551249283e-05,0.03545183623560441,0.084587470806192,0.016564487726953903,0.5116134535449814,0.852108018027795,0.03023703256003863,0.004919711807686743,0.0039923484914212186,0.8265118723207656,2.5163521801017785e-05,0.21505055159694456,659.897602324634,0.78,11080.011708668571,35089.586781634396
-1.0,-0.04301792731780261,-0.2219015026858207,-0.925898050166485,-0.0036216297887388116,-0.9992277295166041,-0.9809202326075287,-0.9998446729966377,5.315995612440751e-09,0.009345203148791989,0.0275384234713884,0.21838078297589048,0.0,0.0,0.0016280105268605483,0.11029362634239068,0.03676637886956924,0.0,0.0,0.044399811187927296,0.004743372054706642,0.0,7.752601526667414e-07,0.053647761603255954,0.0041751345727063065,6.339708893340757e-09,0.0,0.270835419773538,0.0,0.0014980373498749422,0.0,0.005256005786188544,0.010020992119780643,0.0,0.1816390582338519,0.010318332372702008,0.0,0.08888356753447725,0.16384272084041962,0.09155645109810719,0.0006637334468382638,0.0,0.0004137588962866952,0.01160840673067838,0.0004749628650362308,0.07148570110209232,0.05325423042121952,0.0,0.030304761511260214,0.0026894969051863846,0.0007060498329299824,5.015582606691222e-05,0.1485215913635209,8.779960504969741e-06,0.000475666045039221,0.0,0.003553384226752178,0.0,1.0059958152145901e-05,0.38058533433934916,0.0006605210672878947,2.5799336474240134e-05,0.0,0.03397568517736,5.4953200932279875e-05,0.1972364477009238,0.030920799368798022,0.8096151644369656,0.0011960354895988994,0.06832061815351612,8.286594195449651e-05,0.01033080325212192,0.003988937691212599,6.541599134565247e-07,0.0,0.014243477705891596,0.0,0.00011380712497926224,0.002254467683904004,0.40763046364500644,0.010498782986328808,0.0002145287861321024,2.802745774802703e-07,0.012578959140686075,0.008652755503729584,2.88169280954334e-07,0.20580575934943646,0.0012037272709082033,0.015531275975413563,3.832801562625638e-05,0.020998210434278103,0.0,0.0,0.010993876516813203,0.0008029329890165693,0.11127447262590648,0.0015494410220688733,0.005320206049113981,0.0004061059467552284,0.00018944789512010112,0.0020221532691913797,0.0,0.0016428397614905495,0.07284108295224988,0.00041161459517500155,0.024487390913593032,0.0006772912133198999,0.0,0.012354032325833876,0.008323161702756252,1.477548936622966e-07,1.0123437851278774e-05,0.0,6.53685542601631e-05,0.007331307243140239,0.03251476124347812,0.0,0.0026335617765018467,0.0,0.021123299488614154,0.012990393424878899,0.012678529464833378,0.0005094308992614047,0.0,0.01500051393027341,0.23308533269222276,7.706678837357363e-06,1.8346534094160205e-06,0.007678762606179029,0.0003267064602124996,0.0027860635055181895,1.4546920307452928e-08,0.1160861082430657,0.00019897812678022764,0.0,0.2773018548773661,0.010559267022056442,0.0,0.010065461765841686,0.0,0.0,0.1501210378819685,1.6628778082019053e-06,0.0001679101565449472,0.0021227269065392388,0.3167987700593109,0.20496737459202377,0.0,5.147884731486855e-05,0.0031575930865437724,5.262957922738859e-05,0.0020291079116286424,0.17118765209010134,0.44380384329212974,0.020163903649229452,0.02711487617797359,0.016352711653123953,0.00034895955397905895,0.006865741495108799,5.968519504081539e-05,0.0169267256661646,0.0001347767357312117,0.038829520663696715,0.005787708335105966,0.0009942627313797026,0.2560060302684427,7.620469842299009e-05,0.0017136593653925107,0.011467718440108184,1.2272388270434488e-05,0.00017048600755163916,2.7645815881415024e-05,0.0,3.4556975174591986e-07,0.0,0.0,0.0004002439178889828,0.00635795509085596,0.022845321916378857,0.013925831760342927,0.0023675161881257754,4.350876120913601e-06,0.0035603152034589486,0.0018649997037367,2.414388240781884e-06,0.0005557769689155077,0.0,6.520784367667026e-05,0.010911865678654077,0.037941018307308345,0.009217048934916205,0.00022426571036756205,0.0,0.02379010435636999,0.0,0.09702499681368243,0.0035949594481714114,0.0,0.0015483815598822896,0.0002126226698240464,0.2053627771718212,0.007355562513969474,0.0003315641572827731,0.21287170070457456,0.00012634174208167592,0.0006434316445908805,0.0,0.006965936343537371,0.003813152683759983,2.3607887263704434e-08,0.0008198775343865559,0.31849658027453814,1.8587387125037783e-07,0.0005856210538151339,0.03682093104928129,3.777654907489476e-05,0.00044925319938066404,6.846554780931252e-06,8.00089464435386e-07,0.0,0.26457917961908894,0.0010240098303282805,0.0010441279791797986,0.0001520599487030835,0.030384502302165495,4.1555104126011176e-05,0.0001249484969400225,0.0047730398590618405,0.18893792545668978,0.0,0.014612997298474793,0.0,2.82712923015918e-05,0.00329054797642339,0.0,0.0032389801547336936,0.0003474845166601059,0.0,0.0008472390351080594,9.633561352338001e-05,3.0714858098473974e-09,4.464943076122218e-05,0.0,0.22934707852822056,663.1022382843627,0.98,6632.715516224493,223914.54176456443
-0.9744093267213022,-0.011877086819890331,-0.10885646992948333,-0.9965667414477463,0.023506089871137364,-0.9952722078642614,0.1027670478877733,-0.9999025124415148,0.0006688942232273205,0.017638354834767948,0.0006125312936596759,0.21708601551981158,0.004754141422651301,0.7365281829468705,0.0008735576467495607,0.3537727638695081,0.018832934645673597,0.00030715041220753716,0.26109751914115403,0.0497125974124129,0.001408809011405221,0.0907139002138152,0.0001237515118243742,0.05437650567874669,0.0029222723783420826,3.0481962656949365e-06,0.00167349796143997,0.3565331800549905,0.00014765455256452419,0.5651526244892908,0.03806810753216319,0.00757189251673023,0.006344279163315716,0.0008747743110278997,0.0035019902692333404,0.0013190900111119592,0.005282541294111856,0.033874727902221284,0.022569122109614093,0.09182127723222847,2.862418243321311e-06,0.047673141412223716,0.009458030520601205,0.0024760476592034543,0.00037772567856168057,0.0019842852896695597,0.508711410498933,0.012320834254197569,0.024652714619198,0.0022863659345898333,0.0017077121104112796,0.0013645394806109262,0.43072822301652974,6.25554698844171e-06,0.003055088785964364,0.00010277573954313533,0.0029821520599266557,0.0010953221928588028,0.0018069368609092006,0.8484426039325599,5.338205527703494e-05,0.4996880847696099,4.4059218151719406e-07,0.006928877426576163,0.07760430348467408,0.23256251591472124,0.17215482335004606,0.01012607787382054,9.478782041051105e-05,0.5929998831506502,1.8452756791463798e-05,4.628276958487058e-05,0.0006152841740692996,6.844074389856895e-05,0.0040792248651565395,0.06310175597804017,1.1933242386576517e-05,0.0008498074019234287,0.3548206779059084,0.44122054502705066,0.8399351633680963,0.4187217392482535,0.017671859025022878,0.10063456421913336,0.4506824312002606,0.0006175691923052326,0.21748116190383787,1.874421220215571e-05,0.08479941107212423,0.00014149034111861673,0.09343232181268492,0.00018530218073923156,1.5217309179860194e-05,0.03520774844980614,0.1718012152253693,0.3910561140801332,0.04729113152874481,0.45549554071673426,0.01635958572701443,0.10684511415907244,0.015608591967501834,6.310121909156846e-07,0.014044414075330374,0.16268504350089036,0.0004831393983815758,0.19568809704625115,0.0020592218454415345,8.454031982746798e-06,0.018977124669584223,0.03528741016208477,2.3955827763684294e-07,0.0,0.35126968208430975,0.014262896055130177,0.9710258072932081,0.034118921304817744,0.0,7.831202527308991e-05,5.428917170450784e-05,0.10035109375186516,0.06696044305965837,0.00013955368449694756,0.07561222688552707,0.007419181200935487,0.0005556881922057968,0.16491030118224256,0.0010902355740439514,0.17059972579669214,0.046103082039048664,0.0027732656274788983,4.593824330876943e-06,0.0038716322984503953,0.42304502238724084,0.023409226250417442,0.319045895763859,0.13506349133645512,0.007442915356411159,0.01158979984406034,0.33985007870484174,3.00784916582345e-08,0.6675825336011371,0.07393463676088109,1.2318031517450582e-05,0.01659513156951796,0.00025685310011491975,0.31217243843202097,0.2362124434569115,0.007314160001341788,3.5389721834608663e-06,0.292774017938742,0.009388265616052945,0.0005940583749034558,0.1702202176231515,0.44893521076189546,0.009953730520356599,0.09430179348086952,0.36925845642637894,1.7187041007261656e-05,0.01975905997504368,0.006658226253817922,0.003937358472350392,0.14921096119848054,0.1773351806189113,0.09357694080810859,0.4229852857469757,0.13947567676543113,0.00017505729788562302,0.0017769885224293287,0.011657174652518053,1.273537248002582e-05,0.0007381550335450147,5.5943139954964714e-06,0.07657306047463672,0.0013074958107229992,0.004492978874241275,2.779734144381288e-07,0.0024190526451887007,0.007432474162679031,0.02766042084021042,0.008844490102947111,0.031764925689399176,0.019131381719865892,0.00048189597305291665,0.022911356653973862,3.243803042335278e-05,0.022067437326399483,0.04969971272773655,5.450835259596077e-06,0.12888648072164754,0.0019475418242547796,0.13455569645304707,0.06743812498224619,0.2193246534887839,0.011966778238084334,0.0008141625597449835,0.027826727579586243,0.0,0.0,0.02292087751032501,0.012523566729781974,0.09119165685448381,0.0762340346969076,0.8122767412509869,0.035318590696656826,0.00034390886776779553,0.4644462354754225,0.6272114428151275,0.0002707422734604722,0.0007257240266924307,0.0034620639065795072,0.0009107767697822435,0.0033639497041074,8.747113971831206e-06,0.0015060988991922838,0.055389945502523116,7.391820936498282e-08,4.891981287952728e-06,9.862546366141696e-06,7.467903250548205e-05,0.003931674968074875,0.18987083227374263,0.0008366657868482223,0.01503937171729578,0.0608830332061588,0.0020022747558648968,0.0038814025009560825,0.02514774416360034,0.014734287426685217,0.0082811455413591,0.0041641605852261905,4.626550397408737e-07,0.2761634314585162,2.790432524906551e-05,0.08249870576678757,0.00011181133847717361,0.9033922177428345,0.4870166973640657,8.92611628283127e-05,0.0018723413151743376,2.530127141517173e-05,0.0011036758964825654,9.651410050410224e-05,4.7219533760352435e-09,0.18609484560544517,659.8845731990043,0.8,9066.293575460255,212584.61619560746
0.24147171150698307,-0.014501819033432763,-0.07335596419958366,-0.9774911661991291,0.12814859080425167,-0.9759658741147785,0.061149461386035234,0.045037092609543306,0.15370029745418323,0.0255446107079142,0.06929148712432719,0.1879275139570977,0.008986978763834107,0.9651856449267504,0.003073311892861672,0.5707492923299867,0.27022679671856376,0.9296500945497231,0.36318454393152266,0.049786517614865876,0.06097981715283453,0.09927685883655937,0.0005729392684928024,0.06373335385373195,0.004828703752449802,0.00012669942914460774,0.08781091171988312,0.4111533227292667,0.19683802184565224,0.8466345322619171,0.9734879064765524,0.036799921947280025,0.0014777919885162873,0.06707597491502869,0.00615478943051602,0.0759905726247216,0.015452883242768738,0.04649268513961521,0.18544986450562279,0.20406166999344513,0.03856820884014214,0.06887568546592487,0.01554295961888485,0.25324985605591144,0.009450695892189253,0.004691478348075642,0.7943276639063339,0.01417022398450691,0.3887985000156329,0.03393183494647983,0.0025759770359044627,0.036881916333951804,0.41576548591175366,0.35512030087968727,0.13960214256526493,0.02352185459111741,0.01714394841123945,0.005274879577581507,0.01464120395039794,0.930586414023932,0.9345602740930412,0.5459269134843927,0.015616464555097558,0.05405724959756408,0.12382982045951547,0.6585613029384043,0.18061618615151184,0.00045388480544912395,0.2938774687836867,0.5740621620784949,0.0007336330222921785,0.008150974019503699,0.08786261529154243,0.05862046844452438,0.40943730346138063,0.08325565665756314,0.00901800536257213,0.02472330277432694,0.01669781355466851,0.8036074908138188,0.8855351922452086,0.46549622531827994,0.014592606575829122,0.12736789758095382,0.008310716823501652,0.0025842828236960352,0.6765734111921327,0.08574583047377544,0.08958404855435492,0.025413580230646812,0.24874433718798666,0.021929959583942712,0.0004600533387914248,0.693305884845404,0.4429614496189854,0.41741195868759867,0.24183311754495193,0.17091511726407901,0.011056611392793507,0.0880200272065757,0.014249238695237315,0.001245784673849584,0.013708660603722448,0.07998777984260202,0.017129067723832228,0.3457360575402969,0.006531810877376625,0.0003695588369856427,0.20121287857891682,0.017259937930987693,0.20166483889307768,0.0009134292121542895,0.012703614137542556,0.0007231354413650573,0.43474990305491235,0.035482960016160026,0.001672762545339147,0.44510093897708247,0.00327708937948118,0.09607534869851075,0.09419126747712744,0.02104783873827817,0.16716682269674274,0.6210364423007108,0.08844087745482371,0.49100015457647667,0.028049183334451753,0.19186891127640132,0.094624254119835,0.005078074138681346,0.02001360648851945,0.02220644856165637,0.4762930284946575,0.3474932327617235,0.4349639595851182,0.3715619902699243,0.044215537892688506,0.003512253058650338,0.17562781027071006,0.0001957265080038272,0.030359756384420254,0.29975448265989024,0.03169911198704962,0.023729557292217755,0.0030856300314212105,0.37138188884343887,0.18749021777714894,0.6686421812473275,2.0049232120146926e-06,0.4290569363206249,0.0004732509474736843,0.0023055010206209925,0.4393065061486572,0.8945939637379647,0.01249949461947504,0.0939954382945944,0.07686406226248604,0.0010505727890007185,0.820450214271398,0.050974181062833544,0.107108613525995,0.013720776527707769,0.3748920846265904,0.03878617728104514,0.8372691349954486,0.34809684683780834,0.026155434953382538,0.013697151464583248,0.0021040680296599175,0.9463475507494182,0.031973753540173525,0.00012391245375057157,0.06529324752308731,0.0010044838073770823,0.0671950111128253,0.00022411652379325379,0.3104371247694074,0.2638977564829905,0.15340643542571852,0.06997210559091935,0.08313141979764652,0.0047343799248588045,0.0010955600549068327,0.032270157670223336,0.0003049808025342047,0.02265764820329999,0.2841184878241272,4.228191974829345e-05,0.11850936478652435,0.10680310023053294,0.34062694340417976,0.1150221131126209,0.02539640380587531,0.035360172329843016,0.004547684986013116,0.004838313598594349,0.03105450099876183,0.19391850586552045,0.7609197631748355,0.08971898868374784,0.6971317974188529,0.05352707450856845,0.4922492998887058,0.052173087541027674,0.01917967465398085,0.45972042547285,0.6470855649776815,0.18344766402464174,0.045881809426128024,0.005129326317794563,0.005390584597536697,0.023267509721669345,0.0003010607823997493,0.0013256097077081314,0.005653736612389056,0.023630778166025813,0.003576076923146161,0.12037223343163739,0.0009438656432644854,0.034379822354267627,0.5144656283261707,0.0049222997553345135,0.02158315575564826,0.023685953270842768,0.41255212781305567,0.0020417503198537496,0.0008250948602393365,0.00976202460463075,0.38079958245018747,0.043113153483280625,0.00027017291019633535,0.008498140832781637,0.0036825637588493664,0.006218966070857028,0.07668206154696985,0.0018452152505089685,0.4623805451438866,0.020260528328512484,0.14852172975805314,0.005497938787745735,0.005722698840664334,0.8142883486834714,0.0012482171884436065,0.2900306456877482,659.8812735564951,0.84,11333.40998392945,45185.42665496464
0.24147171150698307,-0.018228967304373938,-0.07512551015926366,-0.9774662906237513,0.11959907978878262,-0.9759658741147785,0.061149461386035234,-0.06279904573019007,0.1536572381524948,0.025532064326622965,0.06886900146744239,0.1879275139570977,0.008986978763834107,0.9718263971484338,0.003073311892861672,0.1496795541129804,0.254447694341452,0.9168062298807471,0.22287021527437226,0.04920480954777809,0.06101348389478692,0.06769423833789313,0.0005729392684928024,0.06373335385373195,0.004808958319290239,1.057434116957646e-06,0.05473612878644307,0.03686820419283249,0.016566445467941338,0.9341330087372034,0.9698279830845404,0.036799921947280025,0.00038438080730337533,0.015960749992181573,0.0032482729788198862,0.0759905726247216,0.014353678408480192,0.039530456609406635,0.18544986450562279,0.09039328039470404,0.009247828553844248,0.06887568546592487,0.016585429756846782,0.008724519961488285,0.008782342087809166,2.2887491399383396e-05,0.7943276639063339,0.013968452428797766,0.21972890659322797,0.006527900885589343,0.0025759770359044627,0.036881916333951804,0.41576548591175366,0.35512030087968727,0.00779052183155011,0.02352185459111741,0.01794831099061303,0.004015896810610554,0.0005537946771312068,0.9567871181245666,0.1765033881715489,0.0028855250716885994,0.014727717879597781,0.053535002296328765,0.005095019961867002,0.6585613029384043,0.18061618615151184,0.000496698219284733,0.01611354314778888,0.5572877439886016,7.047269279083666e-06,0.00813080413635209,0.042164453420611696,0.05855701427988362,0.04060964752737445,0.02209967118434136,0.0042678703241147515,0.007889458574939338,7.07440137214738e-05,0.8062855745393688,0.8838605520699822,0.4477840489633152,0.00030193904618116933,0.02536216087663755,0.008310716823501652,0.0031330616971863624,0.6765734111921327,0.0005312771827737949,0.08961163265239404,0.01030003026217958,0.09422838579354674,0.02072282426916283,1.112106613535485e-07,0.7375665464196678,0.4429614496189854,0.4148042077667938,0.22006526606586782,0.06961427334899317,0.011056611392793507,0.003987450596426918,0.014249238695237315,0.001245784673849584,0.013425317874431977,0.07998777984260202,0.007881233647170829,0.34654275782134325,0.006677488948749778,0.0004022010951168071,0.19167449490901772,0.017259937930987693,0.20166483889307768,0.0009134292121542895,0.012703614137542556,0.000567875790598707,0.4590896740746131,0.033900058880261666,1.3973537091982498e-06,0.003871597896753398,1.6099627416418363e-05,0.018933847762108706,0.09430291685594658,0.013827832373155987,0.16716682269674274,0.6199376884591385,0.08844087745482371,0.20072870455634848,0.028049183334451753,0.19186891127640132,0.09707211625795423,0.005078074138681346,0.0001323267137990228,0.021727714410031296,0.4762930284946575,0.2566321161398497,0.4234807502742979,0.3803523810963128,0.044215537892688506,0.003512253058650338,0.17562781027071006,0.0001957265080038272,0.030359756384420254,0.19538227013072057,0.003860042812479633,0.009936086018340444,0.0030856300314212105,0.37138188884343887,0.18836455966308235,0.5141738873729065,4.368239938999202e-07,0.19334565139903728,0.0005303716817406648,0.0023055010206209925,0.2215601722778015,0.8945939637379647,0.006698201542886164,0.09442359870764673,0.013721360900563723,0.00023920451610075742,0.23569759110616673,0.006511181770876588,0.107108613525995,0.013720776527707769,0.3748920846265904,0.03878617728104514,0.42738635022985305,0.3483627504958198,0.01045316250662787,0.014250577803229404,0.0021040680296599175,0.9463475507494182,0.03377843515792627,0.00012451754024693672,0.009881614640259995,0.0010044838073770823,0.061728117057290185,0.00022411652379325379,0.0269738748015608,0.26908281876643725,0.12280083532292128,0.06997210559091935,0.006843246964054956,0.0047343799248588045,7.809285643592889e-05,0.03125310860765724,0.00013444488131675547,0.0012400930193765518,0.013839073636013721,0.0001757827418834398,0.12271788136927095,0.008602912232929229,0.34008325712591286,0.1150221131126209,0.000787851106775107,0.0013232308194074949,0.004505883235270212,0.004838313598594349,0.03105450099876183,0.0003073888355921198,0.7842813721810225,0.022157145743189464,0.19707985906505643,0.021796872417985953,0.0024236657787021776,0.05229982001607287,0.0049273863954118965,0.2727288171208241,0.6399518148269978,0.18670111618171786,0.045881809426128024,0.005129326317794563,0.0017757776405712307,0.023267509721669345,0.0003010607823997493,0.000838106189709346,0.0022467740576837944,0.0001950119161924363,0.003576076923146161,0.013893028335365003,0.0009438656432644854,0.00025927703439624153,0.48815625922323624,0.002920031145439761,0.014762241005389242,0.023685953270842768,0.41255212781305567,0.0020417503198537496,0.0008250948602393365,0.00980990030336996,0.027023523117946063,0.0015609926104045565,6.362553494636947e-06,0.008498140832781637,0.001303119988633016,0.006218966070857028,0.07373142077410534,0.0018452152505089685,0.0002240663414699584,0.020459470441581463,0.009759193281523582,0.005615985414021555,0.005722698840664334,0.04113202046032732,0.0009770580542701039,0.2307566698429052,659.8959941226883,0.84,11342.67280707215,41025.020242955776
0.3574266351808957,-0.015365380435007913,-0.0435577867938042,0.7881163756758867,0.12978488941426353,-0.9250440315788151,0.0943275519464353,-0.8960638959639017,0.10937265474835428,0.018419151622938102,0.0007879424113197855,0.2028078219986538,0.1900154097991607,0.9607331034588614,0.07195726639842857,0.17149461315281353,0.3043848785939752,0.009087077035243793,0.25643632111780285,0.15597281521113202,0.25604493205686885,0.09468706598430729,0.01756317915395178,0.1049044955420697,0.0321361628917783,1.1417928402286776e-05,0.03433035738283928,0.407349174809518,0.001768057852269772,0.9665543922906249,0.04264068901588834,0.022515051585840377,0.0006642192683717615,0.7939118280860147,0.013629489069950877,0.056947539485569645,0.12792836814033337,0.08861947396612377,0.11630601273197982,0.18998557103304003,0.00034101200470772,0.6093367549697528,0.009754571471324193,0.01355320023429829,0.021931413181141057,0.00415433059757646,0.8201500016095029,0.019771895913948595,0.11982788580796022,0.005029190901625073,0.0033732634404439635,0.027731831696343873,0.41085555666059964,0.025736825896051085,0.14380900114806394,0.00220705632550529,0.0488913879417434,0.002357000081908378,0.053445950703788006,0.11294007936999034,0.12871744451089479,0.4935773936417257,0.28403639039662265,0.036995786008560294,0.022292134142323845,0.2312049095381356,0.18884386439853795,0.19134911460693124,0.015135333641746691,0.5653621163678623,2.8321389394692155e-05,0.004852533343044007,0.039279745163717364,0.08540074000761645,0.3558921829126707,0.2501683077103255,0.014819637847635389,0.004813821738984585,0.8168837380243423,0.7234324613859838,0.9088076341373621,0.4392883458084781,0.013396227840190919,0.14212671432686158,0.5137571125826186,0.1424396025209636,0.18837691120804134,0.05469661888376378,0.11801585792882703,0.011872760045921313,0.12776260721490118,0.08691633109537106,0.0011002550940296951,0.7032001242366066,0.5288717073304512,0.39162430037941154,0.20755189062687354,0.4911819015040985,0.0040459463865933415,0.04697298153756213,0.2855166432847188,0.0028089725993439025,0.02541613717320939,0.0853449738065482,0.003998099148694503,0.1508381875276203,0.00379620288988807,0.011847163933708178,0.016110672383757275,0.002919996218774583,0.001079300546031474,0.7008051176007016,0.40215526437178734,0.9584305438726519,0.41712161138547477,0.04307627621899954,0.6398946733002722,0.017037587025070994,0.0017375402073964846,0.051565846051159804,0.09082468146202538,0.27908438841831273,0.1731769450620842,0.8293840805768152,0.06755047835795991,0.48037763378044573,0.4455156125803175,0.04516548914248458,0.05367798917938013,0.6215157574218309,0.0009080256858379494,2.1165980814105462e-07,0.19847529508900735,0.6591334429897471,0.06637976654571727,0.8354990913957723,0.43354086618009763,0.0312768724887865,0.015803303979615307,0.0010510924460322344,0.020301553892085804,0.24377375352657807,0.003735473699664301,0.9895335070712858,0.11828060531607149,0.33148506260224997,0.2646136610385988,0.6758539672553293,0.000133994076721871,0.03227033338942103,2.2794089807705e-05,0.22384074419517624,0.22256070548592274,0.25739738124458617,0.03374036706912996,0.00016020557704526798,0.20639400696250104,0.0032011606481544947,0.2650071139691417,0.05062932108383622,0.0005317377759890621,0.01777947275171525,0.1704575051317732,0.06003457876826057,0.704349117797403,0.35696501497432137,4.001823138363172e-05,0.013084783180039009,0.04252323490381499,0.023535736362703542,0.03381123297495252,0.0010928464658969306,0.022785737856716372,0.0010289013316277709,0.10230626554659511,2.5638245826713797e-05,0.4243995403581876,0.44360746605363127,0.10968823686398889,0.11204381761294976,0.0327473466987805,0.0001477624963042712,0.015409227509923434,0.03272308163195181,0.0001931467092749215,0.0023357805403025327,0.2672941221574774,0.002479123080606116,0.13456736448216006,0.10786607089724225,0.35125231642348714,0.21091525932040595,0.010755918077453026,0.02190340106217993,0.14604733905615253,0.34278518089081017,0.01827112687156829,0.0004703158422717235,0.03250755930879261,0.032898088346401136,0.34580343609462416,0.07807503318602388,0.4884777383686515,0.4999907563248155,0.01365489812144498,0.6472022761613148,0.682411025546405,0.06928032430675515,0.0006774472571961467,0.008441497612676985,0.04644600270117699,0.39722005495094426,0.00038034584692693747,0.037984431318182965,0.14961080335149746,0.0010089571212429358,0.0017593471585668216,0.014028966360964214,0.009086814333111965,0.01407991890666452,0.22263836703412976,0.0023467619074233944,0.20395540052856212,0.24113718604054757,0.1609612186901847,0.0028488808087179652,0.4448729025744672,0.04664337887792331,0.5719411512392136,0.13236218334306266,9.450242638563632e-05,0.3928735525786444,0.00024680439800378216,0.06084040564074411,0.0731799929476688,0.021159053867174236,0.4329979884831765,0.0009641942326345669,0.0025729728656368796,0.0015465441990808286,0.004563988527300802,0.011286724391663266,0.019483374363213683,0.18403355759605797,660.0474025109453,0.7,10901.477485548843,99010.1798000153
0.5898590869400213,-0.019454198304261847,-0.22954147875192116,-1.0,0.06651844296295883,-0.8887044581168497,0.07594281448730443,-1.0,0.15625936724090037,0.12599027471490828,0.05652983245674347,0.2204030715904435,0.0,1.0,0.0,0.356859643559054,0.034854978786921384,0.19176334061326597,0.3117869568597609,0.1342879285723428,0.05221535931449044,0.08472232275268164,0.006576599167556813,0.06905562453535946,0.0,0.0,0.0,0.34950816383680405,0.0,0.008526397416989101,0.0,0.009357973406733186,0.05235020030775176,0.09261493726756494,0.0016248744350391723,0.061712760421561284,0.0,0.0053893026532950885,0.01580826290579284,0.07573404813187648,0.00033305132295922924,0.0,0.00446027698680093,0.0016126623997554732,0.01983723058817314,0.3336213705374413,0.7324581433716867,0.009075575250872069,0.04965957627677147,0.004059107008257505,0.0,0.0,0.39487693147412434,0.3963478091341601,0.00508792464573808,0.021987770144285077,0.0001223070315712583,0.0014997005163015012,0.0,0.7353320228001523,0.0014936062977143824,0.43810673098106545,0.0,0.04223282803023008,0.03795126357368013,0.6316958071634371,0.04973917412016567,0.0,0.10319159852606226,0.5157898004771033,3.077717245331562e-05,0.0030101943626881693,0.028928766949914142,0.218025219326187,0.05484508332170316,0.06998683431045119,0.010266016915829896,0.3229900667006012,0.0,0.8749834369688249,0.030974736657682012,0.0,0.0,0.10675690064251102,0.33769989272153295,0.0,0.19155837490324637,0.011094747000691838,0.06393688574987744,0.02009608340166761,0.08312894924227102,0.3601699209809259,0.0,0.6262589965240921,0.5719144738918832,0.41088245490708136,0.0,0.07663308012633338,0.0065853728524496065,0.023666563727845476,0.0,0.0,0.013615096702371123,0.097591946299646,0.00036934179322333015,0.6441993897551022,0.01710450029411277,0.0005034497166785238,0.07123737033627563,0.10451623374005875,0.0,0.0004380859051279207,0.0,0.0,0.13443970198444952,0.019167563838528908,0.0,0.0,0.0,0.01980793929173909,0.004943016428060824,0.0,0.5814814584648176,0.5404370804671808,0.0090498590725403,0.11332081633477964,0.0,0.059544926322557465,0.04863164428685526,0.0,0.009022225999298663,0.0011790169276899415,0.22943970721735266,0.2873328697846122,0.283810892109657,0.36538267489409,0.007019875266333247,0.0,0.09569243419988001,0.012597167360096436,0.0,0.0,0.02130180005009462,0.0,0.0,0.35299359955621556,0.2009545041063971,0.0,2.5359346801113613e-05,0.236990312784572,0.0,0.0,0.1651358997347038,0.06542511827972061,0.2012486564825508,0.2152329785238617,0.1119981275057258,0.003184337666506501,0.3143218050732328,0.06061492730501731,0.08350071866583608,0.015173955776568271,0.10233492240327398,0.08626585078488784,0.5007330780139103,0.9248499283504918,0.0026812620608580506,0.00037740850595598477,0.12330850405780605,0.0,0.005158667535154309,0.0,1.0,0.00011415342822501432,0.0,0.0,0.021303287911873886,0.028939980806411546,0.8759234482806363,0.047566667142390856,0.0016739236513721202,0.001745887528264105,0.0032970065687461434,0.03252010887638239,0.0,0.040334650111632085,0.011579819355577092,0.0018842727749570696,0.11843057960618407,0.08293218770961107,0.3574834455002864,0.01810503727140975,0.09181672491943331,0.02183473232786752,0.13364241332479004,0.2961906511656377,0.050264031252992676,0.007616481786513825,0.13507250338470825,0.023654849192224818,0.310833062452553,0.07798901403352101,0.05714362211183145,0.07347600259607993,0.0005106994688886746,0.2667240393048132,0.7133458147136172,0.0,0.010898916036941295,0.05021753590761066,0.0,0.5575467890142277,0.0,0.07777618355130456,0.055977937892411636,0.0,0.0163842436705469,0.11749111234851116,0.0,0.015360405556658963,0.14607033108418388,0.0011067150497838622,0.1986400425726177,0.18276114504465873,0.0,0.0,0.05070405768997325,0.009506403648899693,0.4369068409922106,0.038763170243473685,0.0,0.32921139781756525,0.00022249022787954392,0.09015084833659887,0.08035125968545814,0.3897260892842832,0.4437346715888161,0.011447110439888488,0.008069646574466136,0.0,0.0074819979009333884,0.0,0.0,0.3910922983947182,659.8994173906138,0.76,10841.702247228119,202173.44581295204
0.09375191334874178,-0.01465731538164506,0.19297881777144962,0.9813799967900637,0.0037999541113146115,-0.4986653239034738,0.10221443077577763,-0.9968341399593904,0.12926097577178344,0.6129040850530467,0.0056188383785595,0.6456414548616252,0.04673229915736571,0.9881008218515306,0.06128308291296748,0.4222246118233746,0.22775210130795467,0.07383382777870855,0.2500002192222428,0.0853114705851846,0.07178629373600254,0.08914911837760015,0.0003910165450027028,0.2230231009013556,0.0022365097564112334,0.0004008521330044319,0.006983115608732135,0.5047290839402329,0.008017304501262318,0.13245466036916542,0.0360849665506494,0.09180651770373578,0.002588391861856873,0.010079753781819814,0.0034491051356306283,0.06914283841934812,0.014355721448926134,0.029825226278639858,0.023654242923973598,0.09179930307223316,0.000309906998057081,0.006844542895912881,0.010486647651085763,0.002683674686858156,0.0004264005699404997,0.31971359026650736,0.7427525249303549,0.0032421641562680654,0.19729415073526935,0.002357254167637296,0.0005604934614981161,0.035083777075347884,0.4955524878998976,0.3797862069333868,0.004057633402581164,0.023619656556343,0.04973949798117802,0.02833206139372285,0.006268453090488825,0.21013820114037876,0.04338910340926044,0.9418003452252517,0.001533624011808763,0.0067819635090087226,0.051096060774846,0.6106793364963352,0.03062007127997659,0.006699799086412828,0.021066704692350002,0.5667621928883634,1.8220353370285763e-05,0.0010209381513108645,0.0008050514912672363,0.07829149791655327,0.3901841309622917,0.05527774800279889,0.012113414687460376,0.2988908231491793,0.00014310872521405837,0.8939777740122821,0.018368331251566172,0.418578321412485,0.0013808859666285993,0.04960882642051506,0.3452373371425914,0.0008031430762587984,0.1876850290604798,0.004431973832768124,0.08492232790696293,0.005171101263127902,0.18232562422522708,0.4108842057273224,0.05231251309934317,0.7053049053317764,0.5331190672771706,0.4161127417394474,0.25564016801835976,0.05588507880368589,0.004048325649600308,0.012095603678334912,0.015849536629561775,1.366381863584867e-07,0.0041778398337172715,0.09838746276168636,0.9328700860132406,0.19271962177410756,0.11355736911852177,0.0012162346136730677,0.019250578405834134,0.9928322117668605,0.03675908249512165,0.00503250331808112,0.4114909560570994,0.9532869585392652,0.4726845787058943,0.04335032664764965,0.0005363691120832503,0.015478019733626568,9.700129641179028e-05,0.03197271538293326,0.01938382339779878,0.0008210275509136378,0.06792400441376689,0.002448126800100571,0.008212517852015055,0.16631854589234676,0.4777033762036413,0.16817831397198033,0.036333471084140145,0.5776417484428571,0.012794802607711223,0.011359477859033379,0.3926427243164961,0.6634462434943784,0.5206311299425774,0.1390277731326105,0.007667658091574032,0.011531371474290352,0.04579060614440166,0.001047944965161661,0.000993470599574335,0.005040249759580465,0.43949390689453915,0.9954622955472715,0.2667488392538392,0.38346869604547645,0.24927139037333687,0.6665920278431314,6.71120902963179e-06,0.2322971111375492,0.0019406565744403592,0.0008320343090072275,0.1991087868628019,0.09981028795208785,0.009124020868763363,0.09334782001474257,0.18636130449309923,0.009136646322379597,0.24638951039200457,0.8711685150668588,0.0013970658190145951,0.014851592451505038,0.17370082000663387,0.09361701518228926,0.7250843891203617,0.9697555534393202,0.009741626723894952,0.001819710717723687,0.15005534430026723,0.10025935913974748,0.0006832214375151607,2.8709410019671236e-05,0.009258948441385972,0.0002389714232465553,0.10266348819698354,1.1887042672236926e-06,0.005461698638619311,0.016527386687295392,0.7902352971855863,0.005362195868342981,0.008249078189377364,0.01596666873103852,0.004185341108527136,0.032531519256855185,0.0034873049596331877,0.04253605415529013,0.06378859198931104,0.0001854369602798901,0.1814172141302167,0.0038914502827113954,0.33469965063378515,0.07737878105581267,0.21135156026091564,0.4936205707239611,0.1074332751987569,0.3605767049823093,0.016809753175608677,7.627714456773758e-05,0.04827907964700756,0.022157323332704273,0.7562699159742632,0.021466263945133873,0.01787719487224862,0.010114625755277606,0.004886176808364147,0.31989893682303766,0.6684005058385853,0.06977351686612998,0.0030322602018076185,0.05525566513839726,0.04884379727138233,0.018603209533888443,4.186675937453577e-06,0.0012475597319857312,0.12393961958931721,0.00016908975724789444,0.009250262182009115,0.0013849146125955447,7.050370158213952e-05,0.004883122534393665,0.5035852886212994,0.8772503495317132,0.2044594340231719,0.22312284167070384,0.00851325150144712,0.027479670873814803,0.10109992314495678,0.01292304495923147,0.005931788530895876,0.016025936025614085,0.00022882238012307714,0.3861353921329693,0.0003629134835240128,0.06503581687731412,0.07335739561349072,0.019535358807032714,0.0007125251907996988,0.00015015886304269418,0.00130825714473043,0.00011710984679942551,0.003067098847491755,0.3930445539112291,0.0010468460830021658,0.41612796724799384,660.0238082585397,0.6,10616.706095253912,15425.798309090078
-0.8142694328191915,0.15442774517973973,-0.24497679312155585,-0.8873781068688682,0.064001898893862,-0.995958848914786,0.061149461386035234,0.045285553151833316,0.14323356290182096,0.024525341531936123,0.0483536028805298,0.21848903765280572,0.21036480651578798,0.7025090242667005,0.07280185296209142,0.17120064133568497,0.009408091363755838,0.019077104530099902,0.24446802383942373,0.06268707409672386,0.004583896121291683,0.06820874944716154,8.954170401274589e-05,0.055392807016125346,0.004999333333925084,4.853428963915647e-08,0.006722481049139651,0.41516431491456207,0.000211167927201026,0.1084251663770906,0.9823695648209451,0.015919548141770008,0.0025956838237508034,0.009691512786267426,0.0010946481170735697,0.0003733509579055168,0.009531122894381197,0.1147822354912661,0.2981600574318992,0.06786942476081337,0.02390919462852516,0.022347504908110907,0.0010718661878932577,0.08792994247167685,0.0,2.8883246518624037e-06,0.7509408306330837,0.004458932316677929,0.02236404222321775,0.001273617393183577,4.932072106668406e-05,5.5392539600541794e-05,0.4174461241037858,0.5228972675156129,9.367541733707168e-05,0.023740087717071662,0.02251910084457373,3.415188340937913e-05,0.0018094418308695055,0.00020347346300596432,0.08980598800404357,0.5459269134843927,0.00713506837561866,0.037306450007246764,0.12382982045951547,0.23492147399560706,0.18061618615151184,0.17847861331459658,0.5193490348811294,0.5650029766811395,3.1171981849616507e-05,0.00023638561913230985,0.08821875364972973,0.058846259133021814,0.06112966196668426,0.0035291114293493457,6.229466147842261e-06,0.011575556390378439,0.1021091907696009,0.4650228420583246,0.8808610661269499,0.24744538430645524,0.010685364607747678,0.13863780272404713,0.0170195063025593,0.0006832410630023544,0.22581480563436643,0.003254997379491094,0.03151566988148673,0.03078933509207387,0.08300644830105602,0.043585294077406335,1.699576327728481e-05,0.6897988407098635,0.42622950845295465,0.39299137157443653,0.041389442478098254,0.42522073331397936,0.010998758460273674,0.0880200272065757,0.04114416644780074,2.7185685265985456e-08,0.007646652602131685,0.08431318306258154,0.00011739752069841146,0.3457152158697231,0.00079080230820666,0.00017675617125710485,0.11166962852180276,0.0035793812732998363,0.019243583345292983,0.0010172076543933184,0.012703614137542556,0.016817166414388462,0.4301112396820116,0.03266246618153722,8.461507958228045e-05,0.0935516875006959,0.00011685311190334302,0.0216193551690085,0.007071490523766869,0.013636770277357001,0.0721146889195201,0.5855586841467282,0.09386398157209423,0.19630889379638128,0.022931345316573464,0.13275977761378915,0.09739453872901084,0.003548971165170808,0.0004309681049761582,0.02141745985549779,0.45690344924228066,0.017622530955702348,0.01111629921681545,0.3867940540407765,0.08687440607613223,0.07814696383115034,0.38296359766330323,2.8724645237324973e-06,0.011070821696212874,0.1525069755713952,0.0006134731133276726,0.04697492429580598,0.004101743224638088,0.35887553527031635,0.25348962825361143,0.030389054337425003,0.00018918302089312446,0.043827146018585145,0.0013577008351390064,0.08145748241847614,0.165327668609353,0.447578775863316,0.010830339215197507,0.14567793592041936,0.05239556421785313,0.02237840071979372,0.22285517627420137,0.07720362785707902,0.10108084091537484,0.0011142112042437455,0.012271785404947777,0.09161642571248985,0.6684267829120716,0.9818477393124545,0.005585082696447283,0.0024231822668576287,0.004601124533763719,0.8801411742994565,0.0019498690755558649,0.0,0.028171525169054887,0.00043611262566267586,0.06572700731998404,1.4978635546420564e-07,0.0174622568223017,0.0041116983003841225,0.1217058061721242,0.07454749610269337,0.02545194867227942,0.0006061239080538215,0.0012606407718109597,0.03130708828658045,1.0123183404893172e-05,0.25495688796884486,0.0206268743428267,0.0008549548540686182,0.09077678378219052,0.03941291849184221,0.3373917505565934,0.0745296820940537,0.02591213100624042,0.01286465053769371,0.04486898898836198,0.02655227789289851,7.040547428112262e-05,0.042313840812100684,0.03351103713979589,0.028986979401225355,0.6870001470606806,0.05175281172071443,0.12945299048448916,0.0375860600880019,0.0007210187960067175,0.4556826067743943,0.6449507928111796,0.0019479777131558075,0.08035328832027068,0.005129326317794563,0.012052454127027408,0.0034624398377772754,0.0002347825855950817,1.67563326064794e-06,0.060937052647872095,0.0009627529593215934,0.003583303174399498,0.012861485975057426,0.0010107474393048418,0.012309827991751367,0.2213081962297609,4.728483696876727e-06,0.015637002558721243,0.05464790765392252,0.47842534612683696,3.273236641149007e-05,0.03613901816972637,0.009816044912505541,0.5200851729825916,0.028938319666423316,4.6266755331002736e-07,0.008271799150231487,8.859127069214649e-05,0.006218966070857028,0.07378545580700584,0.00459254483912235,0.48598396195781185,0.00041952628523971334,0.030596858805287543,0.004214935181739023,1.945359842526391e-07,0.007437534838444448,0.0,0.20566714681429152,663.1163117170843,0.84,11313.89213430148,98023.27216455284
0.2429717602383292,-0.014501819033432763,-0.07512551015926366,-0.9774911661991291,0.12814859080425167,-0.9759658741147785,0.061149461386035234,0.045037092609543306,0.15370029745418323,0.025950095292911236,0.06874099258546544,0.1879275139570977,0.008986978763834107,0.9586499269077523,0.003073311892861672,0.18185944801613074,0.27022679671856376,0.9006675208017388,0.22270994419594126,0.04920480954777809,0.08619168294953508,0.09927685883655937,0.000582623869234172,0.04076807035386236,0.004828703752449802,1.7558943593045073e-05,0.009105638071017615,0.3755284273510778,0.19922679107581165,0.9286200628609274,0.9734879064765524,0.03735769252863011,0.00038438080730337533,0.06697743862379087,0.007435000656043095,0.0759905726247216,0.015452883242768738,0.04505501870083574,0.08278160598015172,0.09039328039470404,0.0007742942577414549,0.022059030014319105,0.015721232131269632,0.23598585531280475,0.008838591895162817,2.2887491399383396e-05,0.7943276639063339,0.013887111119360116,0.3887985000156329,0.03393183494647983,0.0025759770359044627,0.036881916333951804,0.41576548591175366,0.010155991875761938,0.13739914462377767,0.0010861030677761872,0.01794831099061303,0.003914410169694865,0.01464120395039794,0.930586414023932,0.03804054681380552,0.5459269134843927,0.015616464555097558,0.05404224288211043,0.12382982045951547,0.6448972110650814,0.18061618615151184,0.00045388480544912395,0.29326596729026905,0.5865484254059207,0.0007277543987583817,0.008211233148718081,0.0014630566830076894,0.05862046844452438,0.40943730346138063,0.017193297950898932,0.0037501691604476767,0.02472330277432694,0.016914809714573768,0.7985571556480731,0.8855351922452086,0.46549622531827994,0.014592606575829122,0.12746842460158048,0.008357387424849351,0.003256449398565356,0.6765734111921327,0.0009257866153628697,0.04110538949582898,0.001245758656332644,0.24874433718798666,0.021929959583942712,0.0012760092445196704,0.6912091876211839,0.4429614496189854,0.41571481735795207,0.22006526606586782,0.17091511726407901,0.011032385466421211,0.0880200272065757,0.021571762976438452,0.0013187834420501793,0.013708660603722448,0.07998777984260202,0.017129067723832228,0.3457152158697231,0.006531810877376625,0.00036931647568397155,0.003897847916004324,0.017259937930987693,0.20166483889307768,0.0009134292121542895,0.012703614137542556,0.036406160952841604,0.42323917043198933,0.035482960016160026,1.3973537091982498e-06,0.4458757660404207,0.0032261010880506027,0.10284024432124161,0.09110765709846408,0.023840125946896468,0.1679742953449865,0.6199376884591385,0.08872687231175425,0.49100015457647667,0.028049183334451753,0.18994773587588104,0.09707211625795423,0.008644564523524245,0.02001360648851945,0.00020122956734667553,0.47421143400081384,0.7525575905880761,0.4234807502742979,0.3715619902699243,0.044215537892688506,0.003512253058650338,0.17562781027071006,6.494553752236945e-06,0.030359756384420254,0.29975448265989024,0.0037933535733291994,0.026704421170157214,0.0031149595355253936,0.37138188884343887,0.18836455966308235,0.6686421812473275,4.386249584814168e-07,0.4290569363206249,0.0004732509474736843,0.0023055010206209925,0.4393065061486572,0.9163746458361688,0.01249949461947504,0.009227221030921072,0.07686406226248604,0.00023920451610075742,0.7998016433029154,0.05086241977869646,0.10812881211651552,0.013720776527707769,0.3748920846265904,0.03878617728104514,0.6640256238859114,0.34776485378122257,0.0003349128747930988,0.014422473938918576,0.0021040680296599175,0.9463475507494182,0.031973753540173525,0.00012451754024693672,0.009881614640259995,0.0014224888700575054,0.0671950111128253,0.00022411652379325379,0.3104371247694074,0.2638977564829905,0.0032774303639199753,0.06997210559091935,0.08313141979764652,7.491360990538598e-05,0.0010967182469345431,0.03125310860765724,0.0003049808025342047,0.02265764820329999,0.2843786983244291,0.0026511247146851057,0.11850936478652435,0.10680310023053294,0.3407463050476843,0.2258368525411973,0.02534106442129717,0.04966196090570774,0.004547684986013116,0.03392323435736614,0.0035580283016294345,0.004971991621257291,0.041657715348586755,0.08971898868374784,0.0019760492612657665,0.05352707450856845,0.4922492998887058,0.052173087541027674,0.01917967465398085,0.45972042547285,0.6447097962882834,0.18344766402464174,0.045881809426128024,0.005129326317794563,0.0017757776405712307,0.023267509721669345,0.0003010607823997493,0.0021848051828514178,0.005653736612389056,0.027082007555771392,0.003584032055758515,0.014607368131275212,0.001359237725411415,0.00025927703439624153,0.4848975775476765,0.0049222997553345135,0.021503190326629642,0.03367282916960575,0.13921843504515835,0.0019710868689501912,0.0008250948602393365,0.00976202460463075,0.3855201204746808,0.043113153483280625,0.0002570030111351748,0.008922255696330216,4.3793861574364674e-05,0.008578395174108341,0.07668206154696985,0.9521753277565306,0.4213326860429195,0.020717031508536172,0.14852172975805314,0.005497938787745735,0.005600312057028337,0.0490341526864973,0.0008484159465228274,0.2900306456877482,659.8826013508602,0.88,11370.003771972468,45061.09323205973
0.3352153790161454,-0.014798342195615296,-0.046060921006665645,0.6760734895532917,0.15950355715687017,-0.8980826585104671,0.06991777257184878,-0.04620075325030132,0.1539215827405901,0.033301434913454005,0.05472942172868546,0.23948859430563746,0.02540332380309688,0.7651887572909521,0.07165396823020855,0.36829196601750197,0.10016931439355756,0.020912393650605043,0.3823810581477282,0.049515493607476445,0.007066121143688833,0.08491089187178236,0.00041912039287020017,0.05432497693896024,0.024645664832128877,7.433218612472778e-06,0.0034856823787340757,0.02328775990753143,0.01143687379230697,0.03276670929811877,0.9872238109100894,0.007687119702956209,0.023552578585878624,0.10768591590244708,0.011935677557898735,0.07741823335714537,0.01509596603039847,0.03874606045443169,0.1845066983647264,0.08272567637513673,0.05866855321768661,0.056282999896317604,0.009742514400452118,0.13258702880372958,0.008945799350384424,0.06524602482498101,0.5181074755535426,0.018891726873786242,0.5067267633490924,0.03399840805474408,0.00886929008982375,0.001130939838435825,0.17475255149304425,0.0007703349111623228,0.05498367619419139,0.024554529124048152,0.06896513528308694,0.0002893695745051564,0.00021254301317027817,0.6591491507945072,0.004672344567826857,0.4692795788864965,0.017864831806242355,0.0372344983137199,0.05566804554635123,0.23270516778101974,0.19554590929269827,0.1501705417525946,0.39603044230568435,0.5777641037106979,2.9606602508846133e-05,0.004088404286206183,0.06550320504285304,0.07323721665442293,0.1060230949444343,0.02016448566842438,0.2215626371897418,0.02880830609817627,0.7502523139381003,0.739126769287445,0.914544179511074,0.605408783823665,0.025767923838544027,0.1225549521724442,0.4355384634313104,0.14049162887594716,0.6740834873531244,0.040058967288349095,0.09225497174411282,0.02930385290965589,0.10588666741462,0.04398221082425576,0.0008667137779056376,0.06918453522071905,0.5380554849169835,0.40022197491528755,0.009308475521329379,0.16898722493900442,0.09175079487589488,0.12396291322989168,0.2606112311197234,0.0012019615216453065,0.008146609242532675,0.17315389715055537,0.02011225310118335,0.6859338402129352,0.08080673954006763,0.026373166925315508,0.013245654820231576,0.035423774296273615,0.21574261751761614,0.002536475545850256,0.37619612270606917,0.071629676069981,0.9976858194954219,0.032991130707185255,1.1968923135403952e-05,0.44343031995633503,0.0004285166171004342,0.15259297861192278,0.5137873359589191,0.013987914679343127,0.20689145899162226,0.6002493793712025,0.18858548170848155,0.20486282956510876,0.022708493631032646,0.1700298134025266,0.05857839623074499,0.7704401644873555,0.00306137838004927,0.24253075018751602,0.4355374415695326,0.6523115279732723,0.2937347704445295,0.3635203845983693,0.007327786169974242,0.0760155720323141,0.08955552762356056,8.981014652031764e-05,5.887429404556263e-05,0.0577098617547903,0.003832660822227864,0.03641978845949067,0.606487710534586,0.37435393977474996,0.34847078826638905,0.08570853484764221,9.990138677656568e-06,0.2430609533483401,6.145585581555498e-05,0.030145481088638293,0.2120426836840615,0.4501169690466843,0.14816521612172384,0.26206719382318255,0.2008215427371615,0.00042549660681036024,0.4953633009109917,0.5892799786521075,0.0019234670817559574,0.0007968701721220162,0.3802902070527165,0.09145252329116332,0.6742583141875779,0.9771011381052961,0.023263015767087156,0.0024028556585876226,0.004576188914315728,0.8813697953575008,0.035686721587899754,0.0026988553597242894,0.7400298210059241,0.0007343566624158889,0.09783144604151198,1.950082403501175e-07,0.3087522891841509,0.017363668014757,0.12153415554202099,0.014797529221593109,0.0312542148154097,0.01676304231287327,0.0012604289782349365,0.03130170690495794,0.00017741587992259051,0.0003868828190817068,0.2586093475699421,0.00018629901161533062,0.13496864221165114,0.10254559431146584,0.02510345865601979,0.19727452693475125,0.04073089989999734,0.06855839267548358,0.006729895505483696,0.027371143332011127,0.5356061464430847,0.04914967941371963,0.040475440755504966,0.0037004120084299305,0.6214988587124505,0.05049366811805285,0.3527451696199013,0.03825169973649957,0.01365176474252813,0.4538174737206696,0.677198221151718,0.17520688754791025,0.007029936345998088,0.04114089956509044,0.045356188403482385,0.0046168916278972036,0.00042258802831494365,0.026673648726927266,0.006278915232015087,0.012796165886311866,0.10945531154191183,0.0003524159955927573,0.33899613123548733,0.0040907757878691706,0.4553668183901093,0.0034495914850639947,0.028221356418504588,0.001220658667118124,0.4675285685136202,0.00032836867022137503,0.39768262102328433,0.014823067924233975,0.3838287975846404,0.820853208155724,3.844726952076158e-06,0.3761568428261091,0.001301155957749961,0.06072174678691003,0.07391393552504515,0.07071061863933603,0.4149609305288182,0.7827398763750789,0.09576133532514301,0.25812637733606225,2.5479671680643714e-06,0.006861295962574232,2.314043552928431e-05,0.20902510263196825,659.885065919585,0.8,11233.33705851346,157120.86146399932
0.12131524764667959,-0.01942031215323284,0.24953876628392757,0.980483947603138,0.12529112201473724,-0.4996230720975675,0.05032881793507671,-0.9968341399593904,0.13665329553110983,0.6129040850530467,0.008966115926824655,0.66378719978703,0.025112042639059876,0.9901154410038133,0.010461595964155026,0.4222246118233746,0.22440920811354975,0.16562029965014746,0.2500002192222428,0.5487124612575449,0.07233960920033489,0.09841268149715635,0.02062588851463215,0.15837763276192532,0.0071534915220969,1.3165549388678073e-06,0.006599719161455861,0.3721016567113913,0.0013034268021189497,0.639915514640806,0.0360849665506494,0.018138046291008954,0.0023304345780755485,0.01680359626520822,0.019200004975915314,0.0022440410790889945,0.014355721448926134,0.13077835959851636,0.027978135502997062,0.09500730642104128,0.008826540623582929,0.08329611285409283,0.010467103244043704,0.007432619781969019,0.013982224555181385,0.31971359026650736,0.925500436647794,0.003243438776739014,0.21737028180804424,0.0025990091756794226,2.7901967978878628e-05,0.11216344110124729,0.5508967977960448,0.01210423561606977,0.0029372195955432515,0.024631149527279846,0.004761089652693597,0.05387808757164221,0.0011930772246206839,0.12272418415300121,0.04371458157886364,0.9418003452252517,0.023813779623949167,0.1270764574631503,0.05229607229825099,0.6136491256380434,0.03287649866619431,0.02895022992821625,0.013802555790899979,0.5473469071883694,5.8530984198545155e-05,0.0012504011976734652,0.04258645431162039,0.07829149791655327,0.3901841309622917,0.08136342277227765,0.012113414687460376,0.2917302964885393,0.00014310872521405837,0.8844815305812377,0.08403226268770154,0.47553123656729257,0.000264411080181463,0.06199006930105586,0.35386650081819754,0.14850553725435306,0.1876850290604798,0.1778524365762627,0.0986178754146971,0.011993827559044769,0.18116314635702724,0.41182031109935424,0.05231251309934317,0.7053049053317764,0.5331190672771706,0.41621978365114504,0.25574115404006736,0.05592702725227228,0.013010650295229312,0.003185254555845455,0.02961991427031463,9.2702415248928e-05,0.013875437592791223,0.09704838987886283,0.9478840737334155,0.6335864056650147,0.002044928624521416,0.0011132650369772065,0.15077769558761042,0.9927019993754123,0.2590933503515528,0.005058976899004801,0.3790984764007174,0.07756598848224361,0.041312519338073804,0.036094486815337425,3.4355942584048024e-05,0.001638741058824812,2.1891646848071428e-05,0.5473330924027,0.014814739529221278,0.018313172815312424,0.6072775672175775,0.7640848549199131,0.01881153059656606,0.20470304996254113,0.5656914278680315,0.16706993772244616,0.15007285289727662,0.02645502035884356,0.012794802607711223,8.639440719361026e-05,0.43529240443492506,0.26739132300696644,0.5628064563442123,0.49462190365781594,0.008391448491260368,0.0002771231322435595,0.08877722836705944,0.012885999066984677,0.022127858630991627,0.2474365698934558,0.028517034018453263,0.01688295726794358,0.7075839651355984,0.3746041551054534,0.40574204943204956,0.5118382624577491,6.71120902963179e-06,0.4408184885939215,0.0019460779139795976,0.8908005765727385,0.1898033238634912,0.42716039974820286,0.21484183676316554,0.017769732591826015,0.19905359869241349,0.009136646322379597,0.25810643944812567,0.912697844288459,0.12539266770991453,0.010237570520450504,0.388641898611544,0.10169321474416768,0.7164572672500599,0.973066045243675,0.009741626723894952,0.011913680376381191,0.15005534430026723,0.10025935913974748,0.0007606459072592181,0.0006047018788210689,0.7411462941138725,6.247340416620499e-05,0.10266348819698354,2.596413943978962e-05,0.33143950338000117,0.016527386687295392,0.7902352971855863,0.1208037029504911,0.008249078189377364,0.001508560794760447,0.018297317648363537,0.032531519256855185,0.00013553573019945472,0.04253605415529013,0.0033552617374422514,0.0025284905120634147,0.12474707525546504,0.10242764335339544,0.35613514150359815,0.200881661166721,0.21135156026091564,0.5072215735628601,0.15352196123872544,0.3448981311769356,0.512195235231756,0.021449244819426914,0.04827907964700756,0.05310487219679422,0.7562699159742632,0.021466263945133873,0.09617383280986316,0.06216812128452784,0.27034453793551516,0.3201069548820901,0.638247146704588,0.06431917974611545,0.002480537198697407,0.05525566513839726,0.0477009077436754,0.018603209533888443,3.1006496896150874e-05,0.02766387072609778,0.1278146816973517,1.3025275784330978e-06,0.1158189128726898,0.0013553611303133498,0.004563819755444496,0.004883122534393665,0.287470343284258,0.8292851267611918,0.02807013769743885,0.04568135065389724,0.003859766673135024,0.01532717686589866,0.08963483237008163,0.01292304495923147,0.7473422412553166,0.806159046711733,0.00016498343940569098,0.3845503799914297,0.00037333425108488933,0.020077292867253405,0.07170086495367291,0.05928254244642078,0.011210976856079524,0.00016107533787175575,0.009580901356764406,0.010445649815968894,8.813195435199617e-05,0.39670349774585956,0.0009840577198787256,0.41612796724799384,659.9177705136133,0.6,10625.19441450818,15258.353105903785
-0.8408363028151989,0.040482091838524706,-0.8967848246519307,-0.785437248464486,0.064001898893862,-0.995958848914786,0.05914357440416136,0.06780004837062864,0.1430309316215938,0.022861018265914787,0.06014984179878409,0.3242170651995889,0.0014030897070034798,0.9861058727824261,0.0013115942920369425,0.1695824324250736,0.01990536021210717,0.08744169561996316,0.36601967330297963,0.05596270603602823,0.004583896121291683,0.09729714876358384,0.0006951017503261008,0.05610942779907477,0.0001109837638442572,4.925887209307324e-08,0.0077154383862064755,0.42459229352773437,0.0008086940998585463,0.03134798778634537,0.9619242551384671,0.016101161744153294,0.024815574031622132,0.009691512786267426,0.0009977025513850505,0.05728449864416372,0.13165456412318755,0.040049229391495855,0.0010359876659623568,0.08297122644388558,9.623449724134939e-05,0.07103087565979525,0.0011364942585362827,0.08792994247167685,0.0,0.009503214992310396,0.8000255515625132,0.0004354909321884447,0.027359661865851245,0.001273617393183577,0.0003037087502015612,0.0004488403012409131,0.42450323578189797,0.08287830562435497,0.034366192678938624,0.024982686017459184,0.022443729402708477,0.0007208717725057309,0.0016884237471366805,0.06354662378730852,0.08789442237737294,0.5459269134843927,1.816722643344932e-05,0.03245444142347164,0.12382982045951547,0.18529632569663726,0.18182331193427823,0.0095319738040172,0.5178001369870567,0.5328639912086894,3.1660440136498636e-05,0.004412348770421679,0.08637229888323876,0.0016895632086243208,0.05413158414426522,0.06100356202932512,2.862120050858666e-06,0.015479652241687042,0.1021091907696009,0.7715946191026825,0.8525692141110196,0.24537270020372398,0.010592528432810423,0.13863780272404713,0.017731732208533968,0.0006832410630023544,0.22545817429239798,0.004183781448715094,0.08490617294933572,0.03078933509207387,0.013221190984499816,0.008247365879802935,0.0005232539152317195,0.693305884845404,0.31377270949292346,0.4007938752575487,0.19938431288735084,0.45085067668108325,0.010473764813538579,0.0880200272065757,0.042387695604412495,1.7666491063959063e-08,0.007766337241890384,0.09912801319476319,0.020855355553056995,0.34533807061028815,0.0033400151833960735,1.4393174885714548e-06,0.003092247728751371,0.016083406456053523,0.018658673676971015,0.0034059731997038416,0.33619986898236137,0.0029382155016138113,0.9956477586640753,0.03506996773113709,7.24033336408903e-07,0.47703425813645806,3.4978505747903805e-05,0.01102946222012559,0.007071490523766869,0.013828789479746018,0.07321344012987085,0.5857843114888136,0.09386398157209423,0.5029632103934445,0.022931345316573464,0.1319211853355798,0.09739453872901084,0.002971867369627933,5.084006233516857e-06,0.02129331861543427,0.03637055789085325,0.017622530955702348,0.6647271241507193,0.10086637223622247,0.08687440607613223,0.08102792134172664,0.3881389550383686,2.799667163114927e-06,0.011070821696212874,0.29975448265989024,0.0006199051752797168,0.04697492429580598,0.019200500910814378,0.35887553527031635,0.3484656313046054,0.01585239531579241,6.322032305892162e-07,0.19669589891634248,0.0011350857917340315,0.08145748241847614,0.16285903467007476,0.4457345959666451,0.14105322128822104,0.14567793592041936,0.021110728386375784,0.002773136421402497,0.5002274857016502,0.07720362785707902,0.007165332721679657,0.0011142112042437455,0.3748920846265904,0.01320037549480458,0.038421089439112766,0.22842848256279696,0.008415949659777482,0.0011410916685502311,0.05517936610842115,0.010858582403776226,0.0005820577620119945,0.000646376281480337,0.05215552359581945,0.0006770870246636878,0.06572700731998404,4.1907826873063e-06,0.017413813128239974,0.2844513092288991,0.11966021136014707,0.07233560442510575,0.0027121893671380928,0.001529665547704117,0.0012788408820040135,0.023954877035979434,1.1019344529596283e-05,0.01481503438831179,0.012380552591712696,0.0007811976904927524,0.09077678378219052,0.10680310023053294,0.3373917505565934,0.009743377289644271,0.002845431157172982,0.01286465053769371,0.045343107338639034,0.02655227789289851,0.04153487358613939,0.22945504354010193,0.024855485914411994,0.028907085020503577,0.687013082027614,0.051149465028807996,0.11124692866786694,0.24959347563868853,0.000436709289289921,0.45829243240353235,0.6799826228071403,0.08132031074949961,0.0007248453437338973,0.00512804760031497,0.012052454127027408,0.00012985187610128966,0.00019828815135138826,0.0026701396784524142,0.059968302387634134,0.001050608051061535,0.00014105156650161374,0.006862767736814469,0.012730172806263394,0.011864056920783777,0.5305247185558342,0.0005850237407935823,0.026949372475993688,0.24897686660086682,0.03497660001506739,0.0045530985100470465,0.010704614644692051,0.009816044912505541,0.5200851729825916,6.32193192856411e-05,1.8177129512358925e-05,0.0005393066611711506,0.0036759950971485774,0.001318362084073846,0.07343868819187971,0.8058899446472662,0.48598396195781185,0.0033482310982477156,0.00026216011541239405,0.2732237402028085,0.1373763262632473,0.0003234939729860435,0.0,0.20570957496666675,659.8840094844804,0.8,11048.24818180254,199614.0145615597
0.25875210361964013,-0.014458518547727782,0.49366359543227983,-0.784918371809848,0.14044272875281086,-0.6073371725742627,0.07635407717611933,-0.038262510894696886,0.1673249793594653,0.024149280637411296,0.05318458220080315,0.2375398810062282,0.17727585956580172,0.9451453541182474,0.074504846195669,0.3652888089499927,0.13336521127533246,0.04248253282765235,0.3654966795692124,0.0824345570362689,0.07675154978574564,0.08464104406671455,1.4211148978464198e-05,0.07283927025138964,0.02302573429841301,7.908392387470436e-06,0.007187739547130423,0.3856092519589147,0.0008907664202486738,0.05176612499357196,0.4352089354953137,0.007035659478695869,0.006360141803627454,0.08027130155159608,0.01234605208065067,0.012410688212326312,0.005023064658685392,0.023669882337249107,0.02249396500963649,0.08431267396430726,0.006021369540085527,0.05656325946190076,0.009675461060438508,0.050146542100063855,0.00887151486926997,0.057326541816362875,0.5241644710122497,0.03671357500930785,0.39533103326740093,0.08820620648824112,8.444639392028892e-05,0.001371575007542612,0.49483292297184933,0.030671651778409248,0.002863684971865836,0.04047710518318523,0.05180970301748622,0.048060653974106166,0.00101231627906012,0.07221619117387773,0.002226629448696312,0.48439719086838295,0.017885344647266654,0.03543156934413713,0.07722888410644961,0.10136221714197857,0.17918904329561455,0.11603854883258205,0.024213249994105755,0.556454984221434,0.00016117169988369602,0.002304726396456064,0.1610182791952583,0.00517482793336118,0.10226037236159427,0.08965842109675143,0.015326144871595556,0.4024206913475607,0.012628229940696373,0.7373253060349487,0.9920588886375636,0.44960939117031484,0.02387729314539551,0.12450981448579491,0.4619108463588171,0.00583182191891227,0.17805170865596337,0.06925135577058933,0.10430172339364199,0.02144654403195106,0.09287628642883956,0.98409582169264,0.0016899811306526867,0.07079449510906888,0.507260230675484,0.7603847324032904,0.28281978405523406,0.11207508163474231,0.0009992495995029067,0.10480313057383395,0.24347492916997682,1.3056302627013247e-05,0.013609344730768604,0.1679064131384628,0.002392658213618468,0.37961451190797046,0.0035486398918860847,0.0018619772198972386,0.030652169661188732,0.034312047016515176,0.00474409701291021,0.00013367045211444724,0.33685688334021924,0.06792937888501227,0.9352347457496437,0.032064539975469666,0.0,0.4699637741700959,0.006666760581100309,0.19074018250835598,0.48714496590783674,0.052357308451335696,0.1926569024610546,0.5800554522860065,0.009245104871341387,0.17320046919639306,0.013697798349602677,0.015792009490421165,0.145671630628147,0.002732007568739279,0.002916954510213829,0.009287475935861239,0.4753417648772018,0.19957340953134356,0.004369490100655061,0.3628242591728488,0.7231691852166773,0.018977374110436616,0.18399590026522195,3.5472541963012542e-06,0.002602837919031136,0.2379742477316409,6.708986863984597e-05,0.9082473961464888,0.02607721229117852,0.37179014833343593,0.40128666495285403,0.4597927032098506,3.942940397965372e-06,0.19480081072556835,0.007978735807999897,3.420929392335329e-05,0.4286820888416481,0.4512102109060706,0.25835646707071974,0.010684319942887096,0.01988119664211946,0.0001810407513962732,0.2679326453892885,0.07632505829509828,0.23657434809428768,0.0006670566406872097,0.06374076795273928,0.019351016445762398,0.04100858753917652,0.9418181409693458,0.002311668698097311,0.0017090834028984354,0.006505043784284396,0.02037433896256885,0.0007255460584675438,0.0007633973383250471,0.0015582366247165885,0.0005491169966285744,0.0010650867778590305,6.540516845932172e-09,0.3087531847192613,0.44788545441509037,0.8539936733392546,0.0018910309874953903,0.05366037919593176,0.002040459052713797,0.001086297586456579,0.024711410868933747,3.0310618921452357e-05,0.002278135299889626,0.28848780556096576,8.501533539465619e-05,0.13499757416181316,0.002057998831445611,0.34717478750640274,0.01758912915317376,0.3533994176112514,0.008724505983403557,0.0007940011758133993,0.007418042119493512,0.0013820576899568615,0.02201094647650654,0.7015314705426601,0.051598866648139785,0.20608240265998087,0.07170902424847041,0.848569922919829,0.3447368674032281,0.036959196506427205,0.8343368798140407,0.001109977578634902,0.07276910158798168,0.0047841378667529575,0.00872362317050007,0.0018006542878731442,0.00466367800292771,9.98275576294626e-05,0.0014861537425392359,0.002751494152316899,0.013630353563402024,0.00219646403652983,0.11165044586327992,0.004150521514730998,0.0037204786978731015,0.4282277403040703,0.0011130311933992502,0.01499555779199041,0.2830047449317469,0.008727471665165881,0.015126804026941516,0.0049435820826556065,0.00016047964088248927,0.42861520968086014,0.5435585738524973,0.0007551519470741107,0.010396764319082374,0.0009871060430882228,0.031382336006273354,0.07419666509670128,5.9691480070386826e-05,0.0035857772914564823,0.05364161243187618,6.0937597515099955e-05,0.01840395458087657,4.152964482669792e-08,0.00039832563450756513,1.14466213356614e-05,0.20805586223802325,663.1024944232288,0.88,11356.996515420366,49455.12690948231
-0.8408363028151989,-0.009596664336701923,-0.8967848246519307,-0.785437248464486,0.064001898893862,-0.995958848914786,0.05914357440416136,0.06780004837062864,0.1430309316215938,0.022861018265914787,0.06014984179878409,0.3242170651995889,0.0014030897070034798,0.9861058727824261,0.0013115942920369425,0.1695824324250736,0.01990536021210717,0.08744169561996316,0.36601967330297963,0.05596270603602823,0.004583896121291683,0.09729714876358384,0.0006951017503261008,0.05610942779907477,0.0001109837638442572,4.925887209307324e-08,0.0077154383862064755,0.42459229352773437,0.0008086940998585463,0.03134798778634537,0.9619242551384671,0.016101161744153294,0.024815574031622132,0.009691512786267426,0.0009977025513850505,0.0014096605072855366,0.13165456412318755,0.040049229391495855,0.0010359876659623568,0.08297122644388558,9.623449724134939e-05,0.07375610503890491,0.0011364942585362827,0.08939706289960193,0.0,0.009503214992310396,0.6932729639430631,0.0004354909321884447,0.027359661865851245,0.001273617393183577,0.0003037087502015612,0.0004488403012409131,0.397387322385444,0.08287830562435497,0.034366192678938624,0.024962835311147326,0.022443729402708477,0.0007208717725057309,0.0016884237471366805,0.06354662378730852,0.08789442237737294,0.5459269134843927,1.816722643344932e-05,0.03245444142347164,0.12382982045951547,0.18529632569663726,0.18204294730536932,0.0095319738040172,0.5178001369870567,0.5328639912086894,3.160391989394324e-05,0.004412348770421679,0.08637229888323876,0.0016895632086243208,0.05413158414426522,0.06100356202932512,2.862120050858666e-06,0.015479652241687042,0.1021091907696009,0.7715946191026825,0.8525692141110196,0.24537270020372398,0.010580858823656458,0.13957216534815972,0.017731732208533968,0.0002640459396857153,0.22545817429239798,0.004183781448715094,0.08490617294933572,0.004743514049014956,0.013221190984499816,0.008247365879802935,0.0005232539152317195,0.6932876541641664,0.31377270949292346,0.4007938752575487,0.19938431288735084,0.45085067668108325,0.010473764813538579,0.0880200272065757,0.042387695604412495,1.7666491063959063e-08,0.007766337241890384,0.09912801319476319,0.020855355553056995,0.34533807061028815,0.0009634549657815447,1.4393174885714548e-06,0.003092247728751371,0.016083406456053523,0.018658673676971015,0.0034059731997038416,0.33619986898236137,0.0029386047126240167,0.9956477586640753,0.01671759096267436,7.24033336408903e-07,0.47703425813645806,3.4978505747903805e-05,0.01102946222012559,0.007071490523766869,0.013828789479746018,0.07321344012987085,0.04363700127107839,0.09525687322245063,0.20574879276521474,0.022931345316573464,0.1319211853355798,0.06149958631383694,0.002971867369627933,5.084006233516857e-06,0.02129331861543427,0.03637055789085325,0.017622530955702348,0.061125397820769145,0.10086637223622247,0.08687440607613223,0.08468655329927643,0.3419829640822511,2.799667163114927e-06,0.011070821696212874,0.018059801920204926,0.0006199051752797168,0.04748665954948525,2.097147547067829e-06,0.35887553527031635,0.3484656313046054,0.01585239531579241,6.322032305892162e-07,0.19669589891634248,0.0011350857917340315,0.08145748241847614,0.16285903467007476,0.4457345959666451,0.14105322128822104,0.14334611046784923,0.021110728386375784,0.002773136421402497,0.18891865242805933,0.06777282016744392,0.007165332721679657,0.0011142112042437455,0.36708235261731165,0.01320037549480458,0.030429146295250536,0.22842848256279696,0.008415949659777482,0.0011410916685502311,0.05517936610842115,0.010858582403776226,0.0004568187822336323,0.000646376281480337,0.0075237996553753385,0.0006770870246636878,0.06572700731998404,4.1907826873063e-06,0.017413813128239974,0.3074569530157269,0.11966021136014707,0.07233560442510575,0.0027121893671380928,0.001529665547704117,0.0012788408820040135,0.023954877035979434,1.1019344529596283e-05,0.01481503438831179,0.012380552591712696,0.00014772896777665506,0.09077678378219052,0.10680310023053294,0.3373917505565934,0.009743377289644271,0.002845431157172982,0.01286465053769371,0.04629863969579493,0.02655227789289851,0.002201835585049102,0.008807170787475754,0.024855485914411994,0.028907085020503577,0.687013082027614,0.025112759864546644,0.01643498810690349,0.24959347563868853,0.000436709289289921,0.45829243240353235,0.6799826228071403,0.08132031074949961,0.0007248453437338973,0.00512804760031497,0.012052454127027408,0.00012985187610128966,0.00019828815135138826,0.0026701396784524142,0.059968302387634134,0.0010737214224659018,0.00014105156650161374,0.00038488450432202495,0.012730172806263394,0.011864056920783777,0.5379836393044125,0.0005850237407935823,0.026949372475993688,0.24897686660086682,0.03497660001506739,0.0045530985100470465,0.010704614644692051,0.009816044912505541,0.5550210478667241,0.09876689789378378,1.8177129512358925e-05,0.0005393066611711506,0.0036759950971485774,0.001318362084073846,0.07343868819187971,0.8058899446472662,0.48598396195781185,0.0033342340352466152,0.00026216011541239405,0.27983547812386783,0.1373763262632473,0.0003234939729860435,0.0,0.20570957496666675,659.8841694603036,0.82,11056.764350488782,199595.7252579491
0.21207895048338793,0.03946001676281284,-0.0461864312862024,-0.9134892293727551,0.06320602803826633,-0.5641598260400623,0.06668679455080839,-0.02717272572806767,0.16621751234385693,0.01792068831524723,0.05533850579388061,0.32605260485372856,0.19366843474913165,0.73843160221992,0.0020723815461480034,0.571917586290729,0.03637236150619515,0.941441835446817,0.365176597120469,0.05681387551860688,0.0015692753309509036,0.08460292345654491,0.0007792501664078341,0.04425594712998099,0.001404625226196693,0.0005036849496290233,0.009402914741055236,0.3738465332460519,0.0012149225919535125,0.9812940808662508,0.02557999538416409,0.0014237878653568055,0.022454462158710393,0.0005580008164759453,0.00393187247195099,0.0014160568517296308,0.015063501719593874,0.01707973782127491,0.19052231584980284,0.13031831986756598,0.00013576702669585605,0.054565936272209695,0.023779548952465153,0.11446936377173002,0.5651353408018507,0.02030559465265422,0.4768584875275631,0.0013570887163647204,0.2635061582378152,0.002591204598266187,0.009238890027604956,0.0011599115133584137,0.017511538186673874,0.5447602806426535,0.05360524525921715,0.02280354311708311,0.01711904577784449,0.048778710808198164,0.003959184517534797,0.8776953488898842,0.001298931294627173,0.5202888563466292,0.018886579699289863,0.1435468857887956,0.16056217497684794,0.23206698533952788,0.17918904329561455,0.1650431770700086,0.3435184564685607,0.5799603398725794,0.00047508465466078096,0.000328889025412003,0.0017259186741006357,0.055860095929290365,0.3573792679912074,0.24122785739395092,0.24407271634056565,0.011296120869230434,0.27190588713554004,0.4015226555524312,0.8022990562061765,0.001499857752877587,0.2108784455680352,0.23236323244099538,0.006875318238787287,0.009793476487562042,0.20576480574834968,0.004587231443300574,0.04865220447272324,0.0018974643734936056,0.09805944334221457,0.000690045457493892,0.00042948602828812426,0.09286729926746728,0.5309323066712454,0.7628507214146161,0.030526926434479292,0.04870368862544802,0.38727973435526286,0.10200885653489002,0.013578185594753643,2.8125613363498724e-06,0.012923603045432941,0.08074234072170658,0.0036376530861203992,0.7594598135789798,0.0030209114163117848,4.358570431043225e-06,0.1842500351387662,0.0022295884808180948,0.0001872199523294156,0.0009757922675261363,0.08718019400327778,0.0669262528509643,0.986853065349917,0.020552828326960634,0.003704382561685149,0.4327992172243187,0.007428810241482828,0.048113598973424807,0.09656810105348836,0.011946820527365488,0.0049637768569155,0.6075696819328675,0.006834051832002336,0.4734327312162079,0.0020348195232539144,0.24371811557470588,0.011274981133365246,0.000661509122361793,0.0024714752241494775,0.03935629254930602,0.6519824183449703,0.3581568102884001,0.5427486975169695,0.35896069599620195,0.008158125922746465,0.017461581894090333,0.06100268369109037,3.5472541963012542e-06,0.0003343608644711691,0.2937261996858642,0.0002800686101250725,0.030693436997000993,0.7109821483629639,0.3183962136158545,0.3411093397105381,0.06526426494757177,0.0002039741596031612,0.23081626319640489,0.015406312106949517,0.05116697624159072,0.35869458678585564,0.922738971213083,0.20103606578439953,0.047122141159052736,0.012191734494642068,0.00016608495613517125,0.23029729461344117,0.02410394591550294,0.39065113002261664,0.012149816419037795,0.2890755853226033,0.02607796956872106,0.7343563095737768,0.9386392981566131,0.002037435923464833,0.0024354618412031253,0.002520568801441851,0.11320965225095786,0.0008918785532065548,0.04413924153121376,0.00025722646705365806,0.0005376841856381816,0.098232280662118,7.499141464005539e-06,0.0071222312486318076,0.4492811992103806,0.8004252928717158,0.06795255143131716,0.0031654608871656068,0.0030235567662637852,0.0010092741321775128,0.02488787318848882,5.4198335252779624e-05,0.0021482722981207916,0.03187474922554992,7.827696855978845e-08,0.11839637461214597,0.10129685086091768,0.33924493674811135,0.09697899165114345,0.30610193182919576,0.03697003013929681,1.5224387877996163e-08,0.32462676538209917,0.04225710643036634,0.021935610457477765,0.024916940313192935,0.029625036894515115,0.45664139666729187,0.07170902424847041,0.04423413351981704,0.0777301957076516,6.18189885335945e-05,0.0006705008066030249,0.6040386069297606,0.08002409169585868,0.04714106035145408,1.536606213939362e-05,0.0452472991398931,0.01394624877909418,0.005279841055215478,0.003154823594164805,0.015622342950243895,5.195562435489527e-05,0.004509688333867914,0.12021899421791263,0.008490209388093448,0.003935883493836811,0.4676316029912364,0.0012431843938726318,0.02775390001872153,0.018484977519947238,0.03126577067534099,0.007181776599442988,0.0008028372818183812,0.05769594368912697,0.5431652895844813,0.021032616538613713,6.489477565865473e-07,0.0012620186172871114,0.005896956414251147,0.06234740319416779,0.0009140078557485706,0.05708710261948973,0.0007327642086110346,0.0003664677716760968,0.039502297008223386,0.040004310620372796,4.8409613306676286e-08,0.02288889646314851,5.366702581596663e-06,0.03315861671299973,663.102984742739,0.9,11470.23647429169,25128.485913614903
0.12131524764667959,-0.014156299861496205,0.2193552616843248,0.9716658587739384,0.003573512113833459,-0.9938085097252758,0.13372842567666032,-0.9968312408622717,0.1369684472552099,0.6129040850530467,0.0056188383785595,0.2029276188834249,0.046381414121222014,0.9534679481647939,0.06173070919733768,0.42237082313753194,0.2242741026094555,0.07383382777870855,0.2500002192222428,0.08570883087320823,0.07089386543167672,0.08914911837760015,0.0003910165450027028,0.2227613374784089,0.002393705518105647,0.00040595592168186305,0.006684181795209989,0.49302782811593315,0.007879059188016962,0.1333587263733893,0.03558586132633221,0.03775558930417786,0.00259718940123923,0.014607404782173962,0.015964125289078944,0.06873907225540543,0.01438855952003495,0.12788796641841085,0.03401319629663881,0.08831344813901267,0.009034387100735515,0.00684390752515404,0.0009786599816971608,0.0006688918648903499,0.0038197222009934,0.31971359026650736,0.7427525249303549,0.03500066065768935,0.010660597962772064,0.005691093419687106,0.0005604934614981161,0.035502930179547816,0.4955524878998976,0.007678452805332636,0.0021364731799287523,0.023619656556343,0.04973949798117802,0.02776234002955817,0.006312438456670817,0.21013820114037876,0.044881491201037176,0.9418003452252517,0.06162218262431159,0.042866540581472566,0.051096060774846,0.215053255982023,0.03062007127997659,0.006699799086412828,0.021489749739665113,0.5667621928883634,5.999255134072747e-05,0.0010394128621910312,0.1308252318487621,0.07829149791655327,0.3901841309622917,0.18404261876998312,0.012113414687460376,0.2839818762370162,0.00014310872521405837,0.8844815305812377,0.018368331251566172,0.5053601811607655,0.0013808859666285993,0.05010752454753859,0.3452373371425914,0.0034662934612522856,0.1876850290604798,0.1778524365762627,0.09082275348780744,0.005410825971082766,0.18116314635702724,0.41182031109935424,0.05231251309934317,0.7168205236053191,0.5331190672771706,0.41602559408377154,0.25564016801835976,0.05588507880368589,0.004048325649600308,0.01210252289422256,0.02961991427031463,1.3860828760307992e-07,0.0041778398337172715,0.07818970683445993,0.9478840737334155,0.10306031825298517,0.11355736911852177,0.0012162346136730677,0.1568966429221919,0.9928322117668605,0.03740595644452785,0.00015037251417614758,0.1339273906217237,0.9532869585392652,0.49083982390459735,0.03594100007170155,0.0005363691120832503,0.03410855764148735,9.700129641179028e-05,0.0323267622522207,0.019566953487387018,0.018313172815312424,0.08641884547032308,0.012097008295780014,0.0024580258629090437,0.19490596287380063,0.48773592770891994,0.16817831397198033,0.10790087946794558,0.006349467935132191,0.012794802607711223,0.002563009685475612,0.3926427243164961,0.6634462434943784,0.3275788497687353,0.49462190365781594,0.0060216290106052395,0.026835656850978933,0.04579060614440166,0.001122467358908301,0.0010319475688826696,0.005040249759580465,0.4190990723310578,0.9960632685131888,0.2771493267075017,0.3828606579493684,0.24927139037333687,0.6917574612740702,6.71120902963179e-06,0.2528101826666941,0.0019308733474779336,0.006140724620370519,0.19900806898017792,0.09981028795208785,0.21484183676316554,0.9372384027203344,0.17027420798698079,0.008753869927606718,0.2624420521180632,0.05410126376936514,0.12066114424953998,0.0006542996103384106,0.17393181036115926,0.10169321474416768,0.7166072410225414,0.0727999981238318,0.00010638609598904395,0.0028607386505626027,0.15005534430026723,0.10025935913974748,0.0006832214375151607,0.0011226857694129281,0.0080870424783782,0.0002389714232465553,0.10266348819698354,9.671984361653735e-07,0.03238476802362372,0.02171791664587637,0.7902352971855863,0.01713854460667537,0.0024796611654274254,5.744820676427813e-05,0.004316387717149275,0.032531519256855185,8.964521533707322e-05,0.019931183267239957,0.24898701260668585,0.002590628079483257,0.180017238758149,0.003838839274596738,0.33469965063378515,0.21054524541795896,0.2262001823277704,0.06826015060118668,0.14039245277996532,0.34475515653771216,0.016809753175608677,0.005938070359723054,0.04827907964700756,0.012351432476110447,0.7562699159742632,0.020573897743675476,0.01787719487224862,0.04965229707027087,0.004886176808364147,0.31989893682303766,0.6515421343280433,0.06977351686612998,0.0028034679456155898,0.05525566513839726,0.0022582890818903844,0.03991691952725373,1.2624847527030087e-05,0.07530426139346574,0.12426176663250885,0.00017013512689144507,0.009189200580680904,0.0013849146125955447,0.004721802124722186,0.0035793641385605357,0.18400420406727114,0.00045086577477532197,0.20077067582656427,0.29078826179200795,0.026171087287737354,0.027479670873814803,0.10204310818420399,0.01292304495923147,0.7473422412553166,0.016025936025614085,0.00022882238012307714,0.3719775363583062,0.00036548328308054457,0.06416494800308335,0.07224255660493288,0.019418804265078006,0.0007125251907996988,0.0006859297965382217,0.009580901356764406,0.010445649815968894,0.003067098847491755,0.4248514319903378,0.0010280601988220464,0.41612796724799384,659.9061968314869,0.64,10708.84949841741,15961.060989037596
-0.9744093267213022,-0.025086474954811477,-0.10885646992948333,-0.9965667414477463,0.042979819353105186,-0.9952722078642614,0.012865316569166618,-0.9999025124415148,0.0006688942232273205,0.017638354834767948,0.0006125312936596759,0.21708601551981158,0.004754141422651301,0.7365281829468705,0.0008735576467495607,0.3537727638695081,0.019405994032975556,0.00030715041220753716,0.26042308157541044,0.0497125974124129,0.00018296744305162926,0.0907139002138152,8.667126789397011e-05,0.05437650567874669,0.0029389250474734867,3.0481962656949365e-06,0.00167349796143997,0.3565331800549905,0.0001520022905348111,0.5651526244892908,0.03806810753216319,0.00757189251673023,0.006344279163315716,0.0008747743110278997,0.0018351742231074455,0.0013190900111119592,0.005282541294111856,0.033751058151474944,0.022569122109614093,0.09182127723222847,2.9217947495643887e-06,0.022408332706348996,0.0017813621904711223,0.0024365656539883924,0.00037772567856168057,0.0019842852896695597,0.508711410498933,0.012320834254197569,0.024652714619198,0.0022863659345898333,8.726681854377921e-05,0.0013645394806109262,0.043325110166476416,6.25554698844171e-06,0.003055220341159296,0.00010277573954313533,0.0029821520599266557,7.416061892981374e-05,0.0018069368609092006,0.8554721972072629,5.338205527703494e-05,0.5044654993159391,4.4059218151719406e-07,0.006928877426576163,0.07841972854170509,0.23256251591472124,0.17413808732092417,0.004104755767797933,9.478782041051105e-05,0.5867695769944528,1.9790681342535684e-05,4.628276958487058e-05,0.0006152841740692996,6.844074389856895e-05,0.0040792248651565395,0.060498045705652995,1.1933242386576517e-05,2.1175390768456452e-05,0.3493275459134225,0.44122054502705066,0.015206936261754733,0.41028168926395614,0.01766373936886249,0.10063456421913336,0.002086089696186421,0.0006175691923052326,0.2089685104747195,1.874421220215571e-05,0.08669331607468807,0.00014149034111861673,0.005830027830239608,0.00018530218073923156,1.5217309179860194e-05,0.03520774844980614,0.1718012152253693,0.3910561140801332,0.04729113152874481,0.45549554071673426,0.0011678113106094613,0.10684511415907244,0.002345959098231534,3.9150107218561875e-07,0.014044414075330374,0.16268504350089036,3.969556434382535e-05,0.1992445385815616,0.0020592218454415345,8.454031982746798e-06,0.018977124669584223,0.000817969341627884,2.3955827763684294e-07,0.0,0.3422876772828386,0.014315854820406598,0.958686180888718,0.03428458466312207,0.0,7.831202527308991e-05,5.198046170505379e-05,0.09881767010451827,0.07064723045100438,0.00013955368449694756,0.07561222688552707,0.007419181200935487,0.0005556881922057968,0.16491030118224256,0.0010902355740439514,0.15726710155417245,0.046103082039048664,0.0027732656274788983,4.593824330876943e-06,0.0038716322984503953,0.42304502238724084,0.023409226250417442,0.09974129587544285,0.13506349133645512,0.007442915356411159,0.01158979984406034,0.0593571195755081,3.00784916582345e-08,0.010699304477284897,0.07393463676088109,1.2318031517450582e-05,0.01659513156951796,0.00025685310011491975,0.31217243843202097,0.2362124434569115,0.007314160001341788,3.5389721834608663e-06,0.2894831855972615,0.0015800561668665187,0.0005940583749034558,0.1702202176231515,0.44893521076189546,0.00965948479613529,0.09430179348086952,0.3500741699978962,1.7187041007261656e-05,0.01975905997504368,0.006658226253817922,0.003937358472350392,0.004092040864728558,0.1673414799685427,0.09357694080810859,0.4229852857469757,0.13947567676543113,0.00017505729788562302,0.0011167701595147747,0.0002776976063142934,1.273537248002582e-05,0.0007325871702256403,5.5943139954964714e-06,0.08159104294303154,7.457842254089285e-05,0.0033616832834118017,2.0405646093895197e-07,0.0024190526451887007,0.007432474162679031,0.02766042084021042,0.008844490102947111,0.031764925689399176,0.0002603814308968135,0.00048189597305291665,0.022911356653973862,3.243803042335278e-05,0.022067437326399483,0.04969971272773655,5.450835259596077e-06,0.12888648072164754,0.0019475418242547796,0.13455569645304707,0.06743812498224619,0.23081463711688513,0.011966778238084334,0.0008141625597449835,0.0073696523932238,0.0,0.0,0.023374837417942572,0.012523566729781974,0.0711564797244305,0.021799232420908827,0.14638430588454188,0.035318590696656826,0.0003438921844694151,0.44783066677088,0.6272114428151275,0.0002707422734604722,0.000723575535058379,0.003427552381517863,0.0009107767697822435,0.0033639497041074,8.747113971831206e-06,0.0015060988991922838,0.005192643153616873,7.391820936498282e-08,4.891981287952728e-06,9.862546366141696e-06,7.467903250548205e-05,0.003931674968074875,0.1652272433975462,0.0008366657868482223,0.01503937171729578,0.05901151536818266,0.0020022747558648968,0.0038814025009560825,0.0009185467058808322,0.0014200598975155736,0.0082811455413591,0.0041641605852261905,4.626550397408737e-07,0.29909246367430686,2.790432524906551e-05,0.08539161618070171,0.00011181133847717361,0.15836815499479182,0.4870166973640657,8.92611628283127e-05,0.0017249720316250107,2.530127141517173e-05,0.0011036758964825654,9.651410050410224e-05,4.7219533760352435e-09,0.18609484560544517,659.8842808242475,0.8,8905.788701544825,213332.01214174036
-1.0,-0.03772933345925355,0.3090745069890142,0.43037606533424233,0.1483810725962056,-1.0,0.06278119849011624,0.14853746175009036,0.0,0.0,0.0035009544230984466,0.1958487543824448,0.00025848659508684313,0.0,0.001949995268749019,0.15032636559178947,0.18317722643005274,0.0,0.3629936688166968,0.0013792268340338792,0.0,0.07675719813133489,0.40036102931362,0.07646659379994114,0.014274087319806712,0.00015541232519757434,0.8396485224312539,0.0,0.0,0.9966249584579163,0.0,0.008559497867657275,0.014515412826793488,0.08132293264764423,0.005584253888276365,0.0,0.0,0.027247546794463964,0.15177558175025208,0.09244400176437763,0.0,0.0,0.024362125252867555,0.20154469700721214,0.0,0.0012964711650334249,0.6619126720495071,0.003515151571984707,0.3490780616290274,0.0013145501655612336,7.424055601601953e-05,0.03596285123326892,0.595833412421189,0.011310611167250365,0.0,0.01216272236330448,7.698106658029949e-05,0.0,0.0,0.7615650788711215,0.8822293502254773,0.0,0.0,0.007201457930914219,0.13213700081902044,0.14796106435140713,0.14172330568031286,0.0,0.0251696935009791,0.602116169273815,0.007720973600550556,4.247861903367597e-05,0.02216425538162478,0.0,0.018031732077233926,0.011316219527442665,0.21668104494170706,0.0,0.0008047133544575322,0.5363626833116546,0.0,0.41177142625642205,0.007536833492284477,0.17873707052911614,0.0,0.0,0.19511555175602277,0.0,0.06944994412354748,0.0,0.282326070319012,0.0,5.0358175910804066e-05,0.5281699589264219,0.16316258946997356,0.4262133425886438,0.0245139602999662,0.4969726493832297,0.0,0.10496272741161655,0.24387467775095717,0.001245588940716888,0.0,0.18449500410572658,0.00018508658257366763,0.030730061265594383,0.034615488358026775,0.0,0.01450519103639164,0.0,0.0,0.00013172283446076413,0.08165655595227476,0.0,0.036223749197410414,0.03417453251918929,0.0,0.0123044364727781,0.0,0.024885569215022243,0.06012033407230258,0.0,0.00349137405707145,0.0,0.0,0.19855978727068507,0.0,0.26978219363913697,0.00965927831602989,0.0,0.001754906643200651,0.005075249721155265,0.4027154201587998,0.25548389768424257,0.49069045636086217,0.3500553921209115,0.028478664303873844,0.0,0.12823473344764702,0.0,0.0,0.30817444323466286,0.023685332405074068,0.01394744800790422,0.0,0.3868131652214895,0.20150339361842218,0.056367154862647005,3.787429741487556e-06,0.30095689332250813,0.009459585106693676,0.0,0.16671885845465695,0.0174018590341456,0.010820548363031635,0.0002251209568725765,0.0759496487227559,0.0,0.23527808651791765,0.0015035013086022158,0.3233102042388561,0.01949297733118606,0.028373078250873037,0.4061358607937433,0.029511934138128804,0.2764412362324455,0.0,0.009153312764238659,0.0007463920217177177,0.0,0.0006574930296707193,0.0,0.0,1.5145419242121194e-05,0.019360160982123828,4.807946864833349e-07,0.21510807907783663,0.03811787641701086,0.0,0.0014167849733662222,0.017098727906237784,0.008655402968230839,0.0,0.024803367946292183,0.003051692373078059,0.022349518412612325,0.25483364870496455,0.0,0.08934725492025795,0.03985174957238396,0.36163556786877626,0.0011604553719883033,0.03313972151346258,0.0025852628630982817,0.0,0.42082881399372407,0.0,0.026479692767000924,0.009203419224209527,0.015177290727074712,0.0027838199295350642,0.03508463862413173,0.12257918991157357,0.018921764759983445,0.002191366401533806,0.04000623473867648,0.6356622148111146,0.0,0.0014959552086631265,0.0,0.0,0.0,3.3326977700232344e-05,0.0010315362335392869,0.005889311447854663,0.018030890665991017,0.0,1.6793600477044146e-05,0.0006911733727127788,0.0,0.15330911213301904,0.0,0.0,0.029446837010831763,0.4273917298006732,0.013349346843559484,0.013957842265118491,0.012276728168996033,0.16131476722791674,0.02917308268522919,0.0,0.27864692366474014,0.00043024500356413455,0.02775210154348916,0.0,0.048082706539928174,0.05387204111901282,4.645497931719941e-05,0.000534465693235409,0.00021169358915966137,0.009527424302386048,0.0,0.0,0.0,663.1009761034201,0.88,7716.285492870131,219221.60194156299
0.324120207929168,-0.01764614749348488,0.878644577766335,-0.8764736567150061,0.09290465154512964,-0.5854008494895346,0.10114418064385997,-0.9974479024868835,0.12273266857057742,0.024427039146526386,0.1201411028133359,0.2394519258895525,0.030008167589899395,0.7662753925421437,0.0003726408381144672,0.28860505932024394,0.0927311529091058,0.015304483982730153,0.25243499482843956,0.06519758359925365,0.07588850537665548,0.09060017764033257,0.0009390766541629792,0.033356441955606844,0.004648740160302549,5.988485295919615e-09,0.00643343415096225,0.2689918532928084,2.450999103524251e-05,0.025018031084669545,0.06372332959736532,0.055961378166123746,0.0001789251487602078,0.044187701249372685,0.012500867084823376,0.08974159159444763,0.12304882561343866,0.04619554160705896,0.29709213131260825,0.06789886347171253,0.04610847609833872,0.018747161045961462,0.009874552167485815,0.004196315864991841,0.00019451699534241834,0.37856949571342435,0.8231569116747072,0.017997387128452197,0.0656340705823232,0.008064037253872744,3.55193873480264e-05,0.030206453716875567,0.41499649658408666,0.00606126281923695,9.587041959015455e-05,0.04174854300006675,0.004015920194300797,0.005057832876493233,0.0062808027621427,0.0,0.0022088461819422117,0.047042340080674955,0.0072329283791754614,0.033361667419535584,0.05015705295736861,0.5211300032039979,0.14312254919635609,0.11535799965342652,0.5394179668801331,0.5787917914094343,1.8693485176245847e-05,0.0,0.033708573995645974,0.0004670528918820759,0.059659895182151465,0.14439897665097043,0.002845366943742985,0.04602003655605233,0.3548206779059084,0.7391005668295442,0.9900460172317024,0.6505493250298199,0.010938072594299093,0.09702511428460886,0.4303651206748008,0.0007154514912830895,0.3551802360263805,0.06678755153420624,0.5473557003550409,0.010828423458087068,0.08092087255232118,0.24239947172471527,0.00039555950061545694,0.14882880408266685,0.4377126239804409,0.4029425206845022,0.23135000268093142,0.42701999894746023,0.09069717627379378,0.001242723431044493,0.2570917729795048,2.6742091064173666e-08,0.006173775794745107,0.1787136441192432,0.0004909824456873838,0.3832893257357345,0.008258226070903811,0.001929793671594795,0.019882054096983477,0.005519200698649097,0.00012304963608164273,0.00358639253866413,0.35751050362194425,0.03899803730875878,0.09468750966193246,0.048415297577083224,0.0,0.19738441571358045,0.00010919920070871523,0.021925714334771848,0.06893438619329129,0.29575366301135564,0.07008773400534163,0.829435560397924,0.09017573830292067,0.19853648553136927,0.01674343123981567,0.027479508999410738,0.09741684960471342,0.006229390118730947,0.01269789708326035,0.22260110781146264,0.4265744513376969,0.23794615825493623,0.059812208404494915,0.39007627869891887,0.7382321840388963,0.0011307119769328536,0.18439236475192855,3.0842766114848435e-08,0.44463124096628337,0.0582953488668773,0.0007018593730776301,0.9895201979071291,0.5780455145864196,0.3729291167856931,0.42108279117265074,0.02065283052836095,0.000189639774962419,0.4079980978396157,0.008824409654906898,0.0838453924081167,0.16689559443285928,0.44881119546402737,0.1496355089829379,0.14756697792707657,0.39797796841204347,0.02068163409344772,0.4519148652954763,0.07742517964576563,0.27099464550910213,0.0011151178166138207,0.3532845096698567,0.09127185629122307,0.6679570335216907,0.9824072051837116,0.001482833116398189,0.0017222295883656197,0.07080559471887579,0.0071674267272963665,0.03557943626900426,0.0027357384916725782,0.7168126544003447,1.5243377664857303e-05,0.09613756882553276,2.1225782123296353e-07,0.3097415301170101,0.029143644007674156,0.7717482909816303,4.557424066676478e-05,0.050379063297837576,0.007086943071226932,0.0012330155776510024,0.04040578803097183,0.001279310540485132,0.03402832607229607,0.2761148575115753,5.677353171771573e-06,0.13687345225615866,0.10741124559433259,0.3515637676897417,0.07259990626444439,0.35382361625059267,0.007480646984301925,0.04491963599188392,0.006995025894994671,0.0022484507182589067,0.00029582542189257057,0.045614802491572126,0.03784284284591423,0.6304280515280607,0.0693803263147226,0.801082996300287,0.055840171400885874,0.01108935984234465,0.8286736195239124,0.6711862007294723,0.010329034600125069,0.08246639720778096,0.008430232785873678,0.03542603090945496,0.0034625891311798303,0.0002831547429089821,0.0025331101212821075,0.061684271254716344,5.613075794090854e-06,0.10684192883022013,7.447706767115653e-08,0.035016741286416415,0.003731138943575846,0.42318875717332066,0.000450090384723213,0.02814838312231542,0.05666397719385792,0.4678358418334179,5.998244439823816e-07,0.531821438163014,0.009753840403622371,0.23861025176143644,0.5245017461041616,3.928669490094351e-06,0.07799926379062093,0.0001734298964522286,0.00621804875228012,0.07407084247038587,0.007414066812679032,0.5059766401997654,1.3866139024817231e-06,0.0059529801335212644,0.00019070632279709777,1.574708521205684e-07,2.166119143916581e-06,0.0005547708006166469,0.2121918035658975,660.0173683432305,0.7,10911.455127000627,94857.27569584851
0.21258329578718552,-0.014458518547727782,0.46906443931561287,-0.784918371809848,0.1262448053924924,-0.9695056826718306,0.07320891397873203,-0.038262510894696886,0.1673249793594653,0.019933675419914875,0.05492670534413861,0.20865928650211038,0.17734405481469467,0.9451453541182474,0.0028766454866971797,0.3652888089499927,0.1368740479532513,0.04248253282765235,0.3654966795692124,0.09187103314338296,0.005672403406380776,0.0861076248194131,0.0041157066277576395,0.07283927025138964,0.02302573429841301,7.908392387470436e-06,0.007187739547130423,0.07073638536771742,0.0008907664202486738,0.013373733854945336,0.95074387451756,0.0016030997469895637,0.02243147956550748,0.0009362202650214785,0.000753418606163818,0.0023322655434273726,0.11399880917797689,0.031003023687377895,0.006775823694452995,0.07141120675612209,0.0008883210812895108,0.05656325946190076,0.011920144051478856,0.050146542100063855,0.007115160052316955,0.012818481449180725,0.8060068546867749,0.03830300088432766,0.39533103326740093,0.08517336299726372,8.444639392028892e-05,0.0011531961079255559,0.49483292297184933,0.030671651778409248,0.009818011015296783,0.04055797768850126,0.04607685677283534,0.048060653974106166,0.00101231627906012,0.9278603599654422,0.0016127061625338666,0.5205368478285133,0.017885344647266654,0.03729033513948477,0.07722888410644961,0.12586328653703416,0.17931262163577874,0.011780460869409565,0.05968109644243155,0.5576235237491579,6.315872630498287e-05,0.002304726396456064,0.16099325745508108,0.005628707902225184,0.3671582438884005,0.08965842109675143,0.015326144871595556,0.4024206913475607,0.016638542164092204,0.3545737501833102,0.8949750502527052,0.4364719426906241,0.02387729314539551,0.12450981448579491,0.007046496278527592,0.005032553993934222,0.17805170865596337,0.0007801134042775514,0.08860251354051038,0.031413375756963346,0.08912007035868828,0.98409582169264,0.0013002205511849325,0.7175933677414637,0.5310231553785969,0.7603847324032904,0.20526396582600454,0.11269636595232974,0.0009992495995029067,0.014217699246584108,0.26480017918090004,1.3056302627013247e-05,0.013609344730768604,0.16775309412938647,0.002392658213618468,0.12070004458879025,0.00248425768331714,0.018816720452496945,0.019971629701987667,0.003289256822575407,0.00474409701291021,0.0006292835429540536,0.08161453254706719,0.06693400889667642,0.9344519529668872,0.032609323485821066,0.0,0.4699637741700959,0.006666760581100309,0.19074018250835598,0.5462941065001515,0.05149812196267848,0.19530812584008608,0.7350180337083174,0.0011159984269155563,0.182121475627119,0.013697798349602677,0.01381983015400337,0.145671630628147,0.0027141120818657454,0.002916954510213829,0.00019589328798079876,0.4753417648772018,0.19957340953134356,0.005613816697576657,0.3637660739701398,0.007691636599631366,0.014910651525736236,0.08945959409980686,8.506603921461057e-06,0.028407541456539995,0.2401416039494558,7.097362834438802e-05,0.026835614775452876,0.002546416420650838,0.32405037250308744,0.41277101435727526,0.06526426494757177,3.4159532702665656e-06,0.19889197158908445,0.0001810336415132885,1.4652909291422954e-06,0.4286820888416481,0.9281332133835375,0.010231022926622452,0.009757776966269338,0.012534542608609135,0.00019193279181094493,0.2578079217053664,0.6713761405197396,0.05573875757609115,0.013902550309955804,0.053906222371230134,0.06001630941147524,0.7350379604510402,0.9418181409693458,0.00230332444262258,0.0017913082828114838,0.0024218515717199154,0.020413095619596366,2.8479545740728307e-06,0.0006250462314838815,0.05161431688247704,0.0005664369680129799,0.020944769551686178,5.014654339517206e-07,0.3087531847192613,0.44788545441509037,0.07847544090549397,0.0018910309874953903,0.022655907231599708,0.002040459052713797,0.001086297586456579,0.02472187824128617,0.00016162039838874323,0.021596693212497797,0.02267400877038306,6.527436046196836e-05,0.13285518230543125,0.10856689667292166,0.34717478750640274,0.017738234206129192,0.3135102828254842,0.008502021984351096,0.0008194081240716228,0.007587797089426652,0.0013820576899568615,0.02201094647650654,0.6595325547890846,0.050526905323491994,0.45664139666729187,0.07170902424847041,0.014589982488776854,0.3495724678934123,0.007679799210181883,0.44223810307011985,0.6318013328315857,0.07276910158798168,0.004633844256138206,7.072879528628338e-05,0.0081837628208496,0.00466367800292771,0.0003712877666851356,0.0014026618360625073,0.1195223076565303,0.013630353563402024,0.002903316580582039,0.11356653200567651,0.0052604526122329055,0.0037204786978731015,0.49954938654211256,0.003008280478622345,0.021964840114111577,0.033827087810747836,0.031070988545603785,0.015126804026941516,0.0008802407650519284,0.0007575366741413968,0.7424734635469258,0.0007426512486190216,0.0007551519470741107,0.008905230786210158,0.0005179196282994302,0.06070459787526426,0.04229368704429198,0.09248413758691829,0.0037604631639127917,0.053341784414583204,0.001357258167078046,0.28296666957161337,7.981308924128645e-08,0.04577720043754177,1.14466213356614e-05,0.18409430054228834,659.8811772869901,0.88,11390.939497726455,37586.646914085446
0.21254727748604954,-0.014458518547727782,0.46906443931561287,-0.784918371809848,0.1262448053924924,-0.9695056826718306,0.07320891397873203,-0.038262510894696886,0.16716159126586558,0.01994384359362193,0.05492670534413861,0.20865928650211038,0.1845306694808874,0.9451453541182474,0.0028766454866971797,0.3652888089499927,0.13293575003355101,0.04248253282765235,0.361196263685044,0.06220439724443793,0.005672403406380776,0.08464104406671455,0.0041157066277576395,0.07257362058716588,0.022993154526009425,1.4007272566624452e-06,0.007187739547130423,0.07073638536771742,0.0008907664202486738,0.013373733854945336,0.03735887614543604,0.0017041525833109646,0.022410534954013735,0.0009539824710932676,0.0007862178290021321,0.001546497770878869,0.02447300173522518,0.031100429667852484,0.006775823694452995,0.07174044726262668,0.0008883210812895108,0.05656325946190076,0.0015984173222546418,0.050146542100063855,0.007115160052316955,4.876440447835768e-05,0.5257208909204552,0.03830300088432766,0.39533103326740093,0.08517336299726372,8.444639392028892e-05,0.0011531961079255559,0.40959596462660497,0.030671651778409248,0.009818011015296783,0.04055797768850126,0.016717628871494142,0.048060653974106166,0.00101231627906012,0.06517548410957194,0.0015294573458708178,0.5205368478285133,0.017947374890986918,0.03729033513948477,0.0018669514757062647,0.08040168541435862,0.17918904329561455,0.011780460869409565,0.05875194964545155,0.5571132646994206,1.7757597786710912e-05,0.002304726396456064,0.16099325745508108,0.005628707902225184,0.10226037236159427,0.08965842109675143,0.003328930966865343,0.4024206913475607,0.006710271306358873,0.3545737501833102,0.9057065828363051,0.43685181268159246,0.011539737401645555,0.12450981448579491,0.007040258800864971,0.005032553993934222,0.17805170865596337,0.0007801134042775514,0.08860251354051038,0.0008477180210934351,0.08912007035868828,0.98409582169264,0.00047695392721453997,0.7048778518943033,0.5310231553785969,0.3410711629534338,0.03721522581976827,0.03462464691071546,0.0009992495995029067,0.014217699246584108,0.04863137534737176,1.2982851824303916e-05,0.013565779124736825,0.16775309412938647,0.002392658213618468,0.12070004458879025,0.00248425768331714,0.001347940946318904,0.019971629701987667,2.381481989984489e-05,0.00474409701291021,0.0006292835429540536,0.08161453254706719,0.0011452246787531165,0.44079066285222224,0.03270485481450411,0.0,0.4699637741700959,0.006666760581100309,0.09762031522936235,0.007632881137657255,0.05149812196267848,0.19134651709991832,0.7287256435681045,0.0011159984269155563,0.17302530929018542,0.013697798349602677,0.018215660682673218,0.145671630628147,0.0027141120818657454,0.002916954510213829,0.00019596931896033454,0.4753417648772018,0.1944708750277247,0.005613816697576657,0.3637660739701398,0.007691636599631366,0.014910651525736236,0.01708035031799761,3.5472541963012542e-06,0.0026621347119901505,0.2379742477316409,6.708986863984597e-05,0.026835614775452876,0.00030943416160276213,0.32405037250308744,0.41277101435727526,0.06526426494757177,3.4159532702665656e-06,0.19889197158908445,0.00017552994467865063,1.4652909291422954e-06,0.4286820888416481,0.9120459477667526,0.0026108450620070086,0.010684319942887096,0.012503729014074918,0.00019193279181094493,0.26921611553126223,0.6713761405197396,0.006412276399728287,0.000661739907824526,0.05463008082352866,0.06001630941147524,0.008832176270712033,0.3328027946725252,0.002311668698097311,0.0017090834028984354,0.0024218515717199154,0.020413095619596366,2.8479545740728307e-06,0.0006250462314838815,0.05161431688247704,0.0004035389400813186,0.020944769551686178,5.014654339517206e-07,0.3087531847192613,0.44788545441509037,0.0774130051900388,0.0018910309874953903,0.0004202716572284035,0.002040459052713797,0.001086297586456579,0.024466547878582403,0.00015982061471268134,0.0037423513650286094,0.02267400877038306,6.527436046196836e-05,0.13285518230543125,0.10856689667292166,0.34717478750640274,0.017738234206129192,0.28012202945925024,0.0086145467972076,0.00021871860019901472,0.007493593623172331,0.0013820576899568615,0.02201094647650654,0.6595325547890846,0.051598866648139785,0.45664139666729187,0.07098555489205444,0.04420738833526848,0.3494665977630729,2.110937095313136e-06,0.44223810307011985,0.6287999954271025,0.07276910158798168,0.004633844256138206,7.072879528628338e-05,0.0081837628208496,0.003914343259745981,0.00012354319429211356,0.0014063072432874224,0.007151599596781959,0.0005404216415982443,0.002903852059087164,0.11356653200567651,0.005256660348395416,0.0037204786978731015,0.49954938654211256,0.003008280478622345,0.01499555779199041,0.006291210248333012,0.031070988545603785,0.015126804026941516,0.0008802407650519284,0.0007575366741413968,0.42861520968086014,0.002894026166094559,0.0006823333322679914,0.00809802576006654,0.0005326634162649674,0.06070459787526426,0.041257011892554596,0.00041355104158697373,0.0035857772914564823,0.05086982879670243,0.001357258167078046,0.28296666957161337,7.981308924128645e-08,0.0004934042889666009,1.14466213356614e-05,0.18409430054228834,663.1049764166495,0.88,11422.09335142959,36270.7068644835
-0.8391286322603054,0.040859323551275896,-0.8968519837606552,-0.785437248464486,0.064001898893862,-0.995958848914786,0.061149461386035234,0.045285553151833316,0.1430309316215938,0.022861018265914787,0.06014984179878409,0.3242170651995889,0.02367485951624114,0.9859926782312743,0.07280185296209142,0.1695824324250736,0.265504136006737,0.08633035766728993,0.36613719531444755,0.0631678906978498,0.004583896121291683,0.09753086212557802,0.004156267301914105,0.05569330781436574,9.057550208581798e-05,4.925887209307324e-08,0.006934705765045795,0.42459229352773437,0.0008771253904381851,0.03137043828817321,0.9619242551384671,0.016101161744153294,0.0035210090628193212,0.009691512786267426,0.0009977025513850505,0.05728449864416372,0.13291288266384288,0.11458640407080971,0.329180536682143,0.08297122644388558,0.002150660620877802,0.0707357179510682,0.0011364942585362827,0.08792994247167685,0.0,0.009721346998405687,0.7947103415930289,0.0004354909321884447,0.027359661865851245,0.004978446102314257,0.0003037087502015612,0.0004488403012409131,0.42450323578189797,0.08287830562435497,0.034366192678938624,0.024045667543245563,0.022443729402708477,0.0007208717725057309,0.0016884237471366805,0.06354662378730852,0.08789442237737294,0.5459222964299673,1.7873989759553677e-05,0.03255796886976856,0.12382982045951547,0.18529632569663726,0.18185637605824284,0.00010921446577604778,0.5193490348811294,0.532009198023838,3.1171981849616507e-05,0.004412348770421679,0.08637229888323876,0.0016511466162878016,0.08011114839257315,0.05653446791708566,0.00015760616699811046,0.015479652241687042,0.005830617530078068,0.8008986800880741,0.8813947008660504,0.24537270020372398,0.013653296113551056,0.12671241777240028,0.017731732208533968,0.0006832410630023544,0.24005754649148808,0.004373713693243582,0.08490617294933572,0.0022249002917680127,0.013221190984499816,0.04390195050831701,0.0005243650868574795,0.693305884845404,0.43654101184208105,0.40031871506233463,0.20073313161118603,0.47031778163318494,0.010397409787397855,0.0880200272065757,0.04248187390096736,4.5804371931064233e-07,0.007646652602131685,0.09912801319476319,0.020855355553056995,0.3457152158697231,0.0033400151833960735,8.25216718332183e-05,0.11319728776675203,0.016083406456053523,0.018759826031285825,0.0033997621252903377,0.34151259654801247,0.0029382155016138113,0.9956477586640753,0.03506996773113709,8.709727720791004e-06,0.47703425813645806,0.006813196337293595,0.03025858219533059,0.007071490523766869,0.013828789479746018,0.0721146889195201,0.8165894119917447,0.08847389375268122,0.5034907502301437,0.0400950620124768,0.1319211853355798,0.09738908043953284,0.01931708825041145,0.0004308433383440266,0.02129331861543427,0.03637055789085325,0.017622530955702348,0.6647271241507193,0.10086637223622247,0.08687440607613223,0.08102792134172664,0.3812014138874442,2.8724645237324973e-06,0.011070821696212874,0.29975448265989024,0.0006791351506363927,0.9204662362114422,0.019200500910814378,0.35887553527031635,0.3484656313046054,0.01585239531579241,8.563261092462611e-06,0.19669589891634248,0.0011369792737289698,0.08145748241847614,0.16285903467007476,0.447578775863316,0.00963001093651182,0.14567793592041936,0.021110728386375784,0.0008671536013430197,0.5002274857016502,0.0704970867335187,0.1167285300494166,0.0011142112042437455,0.3748920846265904,0.012911031909818621,0.75616787722684,0.23825933172866037,0.008415949659777482,0.0011410916685502311,0.05581301785769602,0.09670032263052925,0.0019498690755558649,0.0035110820274412424,0.05215552359581945,0.0006770870246636878,0.06572700731998404,4.1907826873063e-06,0.0174622568223017,0.2844513092288991,0.11966021136014707,0.07233560442510575,0.02545194867227942,0.001948224633139933,0.0012606407718109597,0.023954877035979434,1.1019344529596283e-05,0.2542413194862179,0.28325935670583974,2.8146059621800428e-05,0.09077678378219052,0.10680310023053294,0.3373917505565934,0.0745296820940537,0.00027945853102898446,0.01286465053769371,0.04527876439897742,0.07727123511912698,0.04153487358613939,0.22945504354010193,0.03408727490208059,0.028907085020503577,0.6870001470606806,0.051149465028807996,0.11124692866786694,0.24959347563868853,0.000436709289289921,0.46999829119908637,0.6472615064108296,0.013151348675030379,0.08405237284926512,0.005129326317794563,0.012052454127027408,0.0034624398377772754,0.0002347825855950817,0.004751208735387249,0.059968302387634134,0.02585459176866738,0.003583303174399498,0.006862767736814469,0.0006417319533140731,0.011864056920783777,0.5182425438037387,0.0005816776550909757,0.027040215179414413,0.24897686660086682,0.03497660001506739,0.294284671455083,0.41384394458013385,0.009816044912505541,0.5187503617569436,0.02920266248463571,1.8177129512358925e-05,0.0081733362514954,0.0036759950971485774,0.027459890172877484,0.07343868819187971,0.8356223443868632,0.48598396195781185,0.0033482310982477156,9.577904744635657e-05,0.28935873707468784,0.13056175742619408,0.056052630728374964,0.0,0.20570957496666675,659.8824002181032,0.8,11113.746260025444,195498.31425505926
0.3352153790161454,-0.014798342195615296,-0.04855232791731205,0.7268414109518204,0.15950355715687017,-0.8980826585104671,0.06999466279343165,-0.04620075325030132,0.1539215827405901,0.033301434913454005,0.05472942172868546,0.23948859430563746,0.024571381303756933,0.7651887572909521,0.07165396823020855,0.36829196601750197,0.10016931439355756,0.020912393650605043,0.38218152398019667,0.061134085435794856,0.00706860973854053,0.08491089187178236,0.00041912039287020017,0.05432497693896024,0.024645664832128877,7.566708020629432e-06,0.0032074142368163448,0.001958914628868186,0.010888207432876856,0.03276670929811877,0.9872238109100894,0.007687119702956209,0.023552578585878624,0.008010623074257095,0.011935677557898735,0.07741823335714537,0.01509596603039847,0.03774200025597978,0.1845066983647264,0.08272827651696903,0.06060523322176267,0.056282999896317604,0.0009242942244389787,0.13258702880372958,0.008704633077974111,0.06524602482498101,0.5181074755535426,0.002502086879021398,0.014361129206582002,0.03399840805474408,0.008708010600666194,0.001130939838435825,0.18076954172256707,0.0007703349111623228,0.05498367619419139,0.024554529124048152,0.06896513528308694,0.0002734242749706786,0.00021254301317027817,0.6591491507945072,0.0022350763855860985,0.4692795788864965,0.017864831806242355,0.0372344983137199,0.05566804554635123,0.18610623133160906,0.19550234761582122,0.01558005940594008,0.39603044230568435,0.5780341709713687,2.9606602508846133e-05,0.01120662577134639,0.06550320504285304,0.003945747629149704,0.1055368334032667,0.020184448516949782,0.0037693856042941565,0.02880830609817627,0.10083081220583595,0.739126769287445,0.914544179511074,0.23872271069292902,0.02591536721661264,0.1225549521724442,0.02703608816613262,0.14049162887594716,0.6681700318688683,0.040058967288349095,0.09224085178144645,0.02930385290965589,0.10588666741462,0.04398221082425576,0.0005374729215641638,0.01791431998641818,0.44212522462123277,0.40034791095981265,0.0034959023707631237,0.16898722493900442,0.09861563317843938,0.1400617730164174,0.2569673865514061,0.0012019615216453065,0.008146609242532675,0.1803672246732263,0.02011225310118335,0.3299648595728365,0.002450758544266871,0.026373166925315508,0.013219312568057591,0.035423774296273615,0.022291288858945227,0.002536475545850256,0.37720117261455355,0.003202916233578837,0.9956250144232505,0.032991130707185255,1.1807051784142916e-05,0.44343031995633503,0.0004285166171004342,0.019589259493628622,0.5222682283239919,0.013832957401226862,0.20689145899162226,0.6002493793712025,0.18858548170848155,0.20486282956510876,0.022708493631032646,0.13358643821046162,0.04973251413163441,0.005923465832646413,0.0020390305572602196,0.24253075018751602,0.42510465215280757,0.6523115279732723,0.2937347704445295,0.3635203845983693,0.007327786169974242,0.0760155720323141,0.08955552762356056,8.981014652031764e-05,5.887429404556263e-05,0.04371516118934628,0.0037569656361631266,0.03641978845949067,0.6243152509778656,0.37477668861968744,0.34847078826638905,0.08570853484764221,9.93573549587166e-06,0.2418353050484179,6.224136155602968e-05,0.030145481088638293,0.21276661135075073,0.45016796157499644,0.14816521612172384,0.3117296954160552,0.2008215427371615,0.00019742334790338433,0.4953633009109917,0.09741324148600175,0.030122797032857272,0.0007968701721220162,0.3802902070527165,0.013955080106826202,0.6742583141875779,0.9771011381052961,0.023263015767087156,0.0023671029516006826,0.004576188914315728,0.8657574568391972,0.035964847851335954,0.0026988553597242894,0.06103402052920842,0.0006741710438378833,0.09783144604151198,1.950082403501175e-07,0.3087522891841509,0.009028116059839837,0.09064830801807822,0.014797529221593109,0.005056147271154519,0.01676304231287327,0.0012604289782349365,0.03195237260857212,0.00017741587992259051,0.0003868828190817068,0.2586093475699421,0.00018629901161533062,0.13017006497469835,0.10677275021660694,0.02510345865601979,0.19632938100535463,0.0035674394209303725,0.07075231802640601,0.006729895505483696,0.027371143332011127,0.025066315079722123,0.04914967941371963,0.033809843621233224,0.01431174712924397,0.6214988587124505,0.05049366811805285,0.34589741025075993,0.03427231584736323,0.0013093873660666357,0.4538174737206696,0.677198221151718,0.07472028691356147,0.007029936345998088,0.04114089956509044,0.045356188403482385,0.0046168916278972036,0.00027604002707089817,0.026673648726927266,0.006282170965055861,0.012796165886311866,0.10945531154191183,0.0003397917595703417,0.33899613123548733,0.0040907757878691706,0.4553668183901093,0.0006132232684176115,0.02706607391801587,0.010187107276653201,0.04047483483050471,0.03731938502602668,0.39768262102328433,0.009903832914000382,0.3838287975846404,0.04640518987966735,3.7703411050205732e-06,0.3761568428261091,0.0008883621136465079,0.06072174678691003,0.07342497761024949,0.07071061863933603,0.4149609305288182,0.7827398763750789,0.09293820556710466,0.25812637733606225,2.5479671680643714e-06,0.006861295962574232,2.2527450003505077e-05,0.2058467333022432,659.885010103451,0.84,11241.978433782651,156172.4174365466
0.23766750603237152,-0.015076583498283823,0.46558767741910123,-0.9774911661991291,0.15906264354879696,-0.9759727085135104,0.061149461386035234,0.045037092609543306,0.15370029745418323,0.0255446107079142,0.06780457404040285,0.23153814100641887,0.009001289743394042,0.968535108047554,0.003073311892861672,0.5707492923299867,0.049364311979461395,0.9324709938722142,0.3611681250521956,0.049786517614865876,0.06587150837951321,0.09927685883655937,0.0034414437552658696,0.06373335385373195,0.0038459546375589626,1.6820030996782172e-05,0.07897356981897496,0.4111533227292667,0.19683802184565224,0.8466345322619171,0.9734879064765524,0.036799921947280025,0.0015583318283046341,0.1532472861379558,0.005406126943350307,0.0774721760427079,0.015452883242768738,0.03566650208265441,0.08591093403563396,0.917111439683185,0.03856820884014214,0.005355304489171728,0.015949722853405485,0.25329069630985757,0.004965590037421694,0.06886163618930137,0.787536245859046,0.014437467354673638,0.38718115413076715,0.03452280033601776,0.008863593213400116,0.036881916333951804,0.41500503516395637,0.011664036655335247,0.013535341075006983,0.024058208136973763,0.01714394841123945,0.004662468421352144,0.01464120395039794,0.9366418245109663,0.9345602740930412,0.463683045117503,0.2630003887596672,0.05046678031413028,0.16234702754808622,0.2424643990793446,0.18061618615151184,0.00011267162653265947,0.01812520492623676,0.5688757998634933,0.0003528295060243224,0.008150974019503699,0.08786261529154243,0.05766076506638991,0.40943730346138063,0.01777444831478811,0.0007802673932188519,0.02472330277432694,0.0061841364197275095,0.4725127805625989,0.8855351922452086,0.47834605875910474,0.014716708344773777,0.12738657636960227,0.45926690760378186,0.0026734538696483873,0.758304689334196,0.08574583047377544,0.0894915826800246,0.0014128948122959818,0.11131334643893674,0.021929959583942712,0.0006829524447304556,0.693305884845404,0.4429614496189854,0.41741195868759867,0.24183311754495193,0.17091043501247763,0.014793971330684837,0.0880200272065757,0.23639664823150092,1.778050357701907e-05,0.013708660603722448,0.20956653519523832,0.017129067723832228,0.337512548731597,0.006531810877376625,0.0005039933768143331,0.0027436650202026652,0.11882456532480079,0.23026978133574183,0.0013670853400222747,0.027130913042497803,0.004084229162664418,0.1213479449360273,0.035482960016160026,0.0016215012862760487,0.08179825794920412,0.0008120614814038363,0.17029502077569442,0.06757717566567978,0.003168035100097697,0.16742442047419342,0.7545140540623848,0.0886001896515929,0.49100015457647667,0.028049183334451753,0.19186891127640132,0.094624254119835,0.0054095445677405955,0.020204109918251247,0.002394149795272244,0.6057471466223302,0.3474932327617235,0.44343202405045395,0.8206357859422978,0.042340400805805645,0.0033470802471583048,0.1773420192894402,0.00013631382268799438,0.01349704899724286,0.29975448265989024,0.003325858513725839,0.023729557292217755,0.7617968313818543,0.37138188884343887,0.3523677276687257,0.07645756471787701,0.00019919150453888548,0.22327276974528082,0.001108151820290804,0.03820618340876332,0.4393065061486572,0.9364572166093232,0.01249949461947504,0.07263489844196905,0.07705902973843884,5.047523231731883e-05,0.21975568535118506,0.06558946938833282,0.1072245301593434,0.013928054484283517,0.35908298984287107,0.39984288470748,0.8372691349954486,0.34798341438006525,0.026155434953382538,0.014639174927439073,0.9744264312593758,0.9463475507494182,0.0753160458044362,0.00068774673555425,0.09561318156404888,0.0009507099526127063,0.12585053321107226,0.00022411652379325379,0.3104371247694074,0.2638977564829905,0.014422289064145555,0.06997210559091935,0.019291474841736846,0.003907018216360729,0.0010661119617027094,0.032270157670223336,0.0003043016371623228,0.022658572188546364,0.2492032470987038,4.228191974829345e-05,0.12178002705998943,0.005820292700124997,0.34062694340417976,0.11805251523399438,0.030288944225765627,0.0794243919328133,0.002877726044230046,0.004771946675932547,0.5792216043810288,0.2197072201841119,0.7609197631748355,0.08245824164927934,0.6973075354302251,0.0544904301560269,0.4922492998887058,0.5334456264506906,0.01917967465398085,0.837204622366879,0.6468554492962855,0.013731708346864019,0.04823962353029171,0.005129326317794563,0.006577852328958085,0.022816930240459887,0.0003010607823997493,0.0013256097077081314,0.1191158022901854,0.0004780395603322298,0.00347868920737816,0.0018006963715781754,0.009765902882423728,0.034027810711494084,0.5144656283261707,0.0034054762560709675,0.03214336000316672,0.2503764906573043,0.4170846286377434,0.008514378978333645,0.0008250948602393365,0.009746465539884883,0.38079958245018747,0.04388907495766246,0.00027019234895437656,0.014977607632561257,0.0003546085887853,0.005688076991212786,0.07646455571523454,0.0005479614083380899,0.4623805451438866,0.020260528328512484,0.11453097439741927,0.00020602693189890244,0.005691463591684478,0.011023583567960071,0.0012482171884436065,0.29013121569742356,659.8810427338294,0.86,11343.755752872226,46199.108786850134
-0.9744093267213022,-0.011877086819890331,-0.10885646992948333,-0.9965667414477463,0.042979819353105186,-0.9952722078642614,0.012865316569166618,-0.9999025124415148,0.0006688942232273205,0.016304043809328095,0.0006125312936596759,0.21696002482930501,0.004754141422651301,0.7365281829468705,0.0008735576467495607,0.3537727638695081,0.016254802869108242,0.00030715041220753716,0.26130412915507367,0.0497125974124129,0.00018296744305162926,0.020507002024852075,0.00012012029998834079,0.03550165142390281,0.0029389250474734867,3.0481962656949365e-06,0.00167349796143997,0.36045207395699175,0.00014765455256452419,0.5651526244892908,0.03779465002666941,0.006999101880871623,0.006344279163315716,0.0008747743110278997,0.0018351742231074455,0.0010681295175956904,0.005282541294111856,0.033751058151474944,0.022569122109614093,0.09182127723222847,2.9217947495643887e-06,0.047673141412223716,0.009094786951589768,0.0024760476592034543,0.00037772567856168057,0.0019842852896695597,0.5052357083239163,0.012262871338749483,0.024652714619198,0.0022863659345898333,0.0017077121104112796,0.0001116638911715308,0.043325110166476416,6.25554698844171e-06,0.0009241217831191069,0.00010277573954313533,0.002980982455171705,0.0010953221928588028,0.0018069368609092006,0.8554721972072629,5.338205527703494e-05,0.5044654993159391,4.4059218151719406e-07,0.006928877426576163,0.07841972854170509,0.22726216433031984,0.17215482335004606,0.01012607787382054,9.478782041051105e-05,0.5924551630186096,1.3976376035828892e-06,4.628276958487058e-05,0.0006152841740692996,6.844074389856895e-05,0.0040792248651565395,0.06310175597804017,1.1827473387048677e-05,0.0008498074019234287,0.3511761795786689,0.44122054502705066,0.015206936261754733,0.4099684737691158,0.017671859025022878,0.10063456421913336,0.002086089696186421,0.0006175691923052326,0.15764822024161737,1.874421220215571e-05,0.09413810487274298,0.00014149034111861673,0.08531186004041837,0.00018530218073923156,1.5217309179860194e-05,0.03520774844980614,0.1718012152253693,0.3910561140801332,0.04729113152874481,0.45549554071673426,0.00046770783653848035,0.010703454517610948,0.002345959098231534,3.9374413092972785e-07,0.00802837482388898,0.16192977290473815,0.0004831393983815758,0.19788761962839746,0.0020592218454415345,8.454031982746798e-06,0.018977124669584223,0.033278896311296796,2.3955827763684294e-07,0.0,0.3422876772828386,0.014315854820406598,0.11686825716803495,0.03428458466312207,0.0,7.831202527308991e-05,5.428917170450784e-05,0.09931218956737853,0.07072840433352455,0.00013955368449694756,0.07561222688552707,0.007419181200935487,0.0005556881922057968,0.16491030118224256,0.0010902355740439514,0.17059972579669214,0.046103082039048664,0.0027732656274788983,4.593824330876943e-06,0.003634901849975191,0.42304502238724084,0.023409226250417442,0.09659907279783311,0.13506349133645512,0.006019071836739492,0.01158979984406034,0.06077840984370972,3.00784916582345e-08,0.010699304477284897,0.01116847495054011,1.2318031517450582e-05,0.01659513156951796,0.00025685310011491975,0.31217243843202097,0.2362124434569115,0.007314160001341788,3.5389721834608663e-06,0.2894831855972615,0.00014045802889733807,0.0005940583749034558,0.1702202176231515,0.44893521076189546,0.009953730520356599,0.09430179348086952,0.3325242397445763,1.7187041007261656e-05,0.01975905997504368,0.006658226253817922,0.003937358472350392,0.004274384040367054,0.1673414799685427,0.08883456046704886,0.4229852857469757,0.13947567676543113,0.00017505729788562302,0.0017769885224293287,0.01148988342182054,1.273537248002582e-05,0.0007381550335450147,5.5943139954964714e-06,0.08159104294303154,7.457842254089285e-05,0.0033616832834118017,2.779734144381288e-07,0.0024190526451887007,0.007432474162679031,0.02766042084021042,0.008844490102947111,0.03132329319822566,0.019131381719865892,0.00048189597305291665,0.022911356653973862,3.243803042335278e-05,0.022067437326399483,0.04969971272773655,5.450835259596077e-06,0.12888648072164754,0.0019475418242547796,0.13455569645304707,0.06743812498224619,0.2193246534887839,0.011966778238084334,0.0008087785861988824,0.0073696523932238,0.0,0.0,0.02292087751032501,0.012523566729781974,0.061617339486255945,0.0762340346969076,0.14299978307608352,0.035318590696656826,0.0003438921844694151,0.44953568915880865,0.6272114428151275,0.0002707422734604722,0.0007257240266924307,0.003427552381517863,0.0009107767697822435,0.0033639497041074,8.747113971831206e-06,0.0001376712695169744,0.005192643153616873,7.391820936498282e-08,4.891981287952728e-06,9.862546366141696e-06,7.467903250548205e-05,0.003931674968074875,0.1652272433975462,0.0006960501185464235,0.015096086017374387,0.0608830332061588,0.0020022747558648968,0.003759096486975456,0.0009185467058808322,0.0014200598975155736,0.0082811455413591,0.0041641605852261905,4.626550397408737e-07,0.2918131479837697,2.790432524906551e-05,0.08141124822508086,0.00011181133847717361,0.15836815499479182,0.007242434247905022,8.92611628283127e-05,0.0017249720316250107,2.530127141517173e-05,0.0011036758964825654,8.762820477819544e-06,4.7219533760352435e-09,0.18285168968942297,659.8835294354661,0.8,8964.077817053505,213278.89007126968
